cell_type,action,energy,age,reward
1,0,99.1,1,0.0
1,2,102.99238646848423,2,0.0
2,0,102.36397418908439,3,0.0
1,3,95.27298064181328,3,0.0
2,0,43.33068909511729,4,0.0
1,0,102.60712077237923,2,0.0
1,0,99.07503617952469,1,0.0
2,3,95.7306890951173,4,0.0
2,0,42.090291905503705,5,0.0
1,0,45.86771892912778,5,0.0
2,0,96.32631771641933,2,0.0
1,0,46.77152569488566,4,0.0
1,0,46.746132751903325,4,0.0
2,0,90.78379853562103,6,0.0
1,0,43.98784890171578,7,0.0
2,3,38.38379853562103,7,0.0
2,2,92.58379853562103,7,0.0
1,2,105.12572054590103,3,0.0
1,0,44.87717493873908,6,0.0
2,2,93.85618608634675,3,0.0
2,3,40.14647799185046,8,0.0
2,2,41.364490897308265,8,0.0
2,2,41.70550412758831,8,0.0
2,1,41.97027034810479,6,0.0
2,0,92.50755477075319,7,0.0
1,1,83.67305254654912,9,0.0
1,2,62.40808917549106,7,0.0
2,3,42.924164399473604,8,0.0
1,0,41.18728426456055,10,0.0
2,3,35.24971235274739,10,0.0
2,2,98.76804690334036,1,0.0
2,1,90.05378506700337,8,0.0
2,3,98.76804690334036,1,0.0
2,0,98.76804690334036,1,0.0
1,0,43.0028207104902,8,0.0
2,0,37.64084784922274,9,0.0
2,3,98.76804690334036,1,0.0
2,3,42.435772161545565,11,0.0
2,1,96.32035586068892,2,0.0
2,2,45.00621654272441,6,0.0
2,0,96.32441675904448,2,0.0
1,2,64.36791259104524,12,0.0
2,0,77.37412911179187,12,0.0
1,0,42.07009810226829,9,0.0
1,0,97.14331256928337,2,0.0
1,1,97.14331256928337,2,0.0
1,0,99.06727739177809,1,0.0
1,0,41.14791327869515,10,0.0
2,0,98.75636985570412,1,0.0
2,1,98.75636985570412,1,0.0
2,0,30.37412911179188,12,0.0
1,1,96.56727739177809,1,-2.5
2,0,98.75636985570412,1,0.0
2,1,98.75636985570412,1,0.0
1,3,47.63705002890529,3,0.0
2,3,49.89425163305912,3,0.0
1,1,89.70870631354698,3,-2.5
1,0,67.3702112081349,13,0.0
1,0,42.06312270287465,9,0.0
1,2,99.06539374426362,1,0.0
1,0,39.29979734386541,12,0.0
1,1,92.70870631354698,3,-2.5
2,2,48.13204325353688,2,0.0
1,3,99.06539374426362,1,0.0
2,2,98.75385832568482,1,0.0
2,1,46.76007486840923,7,0.0
2,0,96.31022818138894,2,0.0
1,0,48.599032440152655,2,0.0
2,2,37.533063125153866,13,0.0
1,1,96.57696839988435,1,-2.5
1,1,86.28567471343133,4,-2.5
1,1,96.57696839988435,1,-2.5
1,1,99.07696839988435,1,0.0
1,3,99.07696839988435,1,0.0
2,0,100.52314952553063,2,0.0
1,1,42.67600084003701,3,-2.5
2,0,44.46354283290493,4,0.0
1,1,89.28567471343133,4,-2.5
1,3,100.21246024641626,11,60.0
1,1,93.14236214414797,2,-2.5
2,0,48.14622036268822,2,0.0
2,3,100.52314952553063,2,0.0
2,2,93.87951938123474,3,0.0
1,3,108.60966527201617,2,60.0
2,3,98.07951938123475,3,0.0
2,3,140.0,3,120.0
1,1,96.57696839988435,1,-2.5
1,1,86.28567471343133,4,-2.5
2,2,98.76929119984581,1,0.0
1,1,99.07696839988435,1,0.0
2,2,98.76929119984581,1,0.0
2,3,98.76010945945794,1,0.0
1,0,46.74608293463047,4,0.0
2,2,46.24546736451081,5,0.0
2,2,48.14475505938085,2,0.0
1,3,120.0,3,60.0
2,3,97.40767574403304,5,0.0
2,3,45.68451474999822,4,0.0
2,1,91.43962884069268,4,0.0
1,1,118.52906372732338,15,0.0
2,0,46.921684222223256,3,0.0
2,0,96.32940065930374,2,0.0
2,3,40.823652292362866,5,0.0
2,3,96.32940065930374,2,0.0
1,1,85.8557568080248,5,-2.5
1,1,89.71244423874143,3,-2.5
2,2,40.823652292362866,5,0.0
2,0,44.4685382016684,5,0.0
2,3,98.76010945945794,1,0.0
1,1,97.14705049447781,2,0.0
1,3,99.07008209459346,1,0.0
2,2,48.14475505938085,2,0.0
1,0,99.07008209459346,1,0.0
2,2,96.32940065930374,2,0.0
1,1,93.14705049447781,2,-2.5
2,2,25.457388096780452,15,0.0
1,1,82.8557568080248,5,-2.5
2,1,96.32940065930374,2,0.0
2,2,48.14475505938085,2,0.0
2,2,100.52940065930375,2,0.0
1,3,93.27972163051952,4,0.0
2,2,137.56010945945795,4,0.0
1,3,97.14705049447781,2,0.0
2,1,49.564033679109635,6,0.0
1,0,104.83540317760281,3,0.0
1,1,93.28259109406126,4,0.0
2,3,140.0,1,120.0
1,1,35.816229789950306,5,-2.5
1,1,70.16318792790517,16,0.0
2,3,100.52030526655105,2,0.0
2,3,49.90495086647396,3,0.0
2,2,95.64345479208167,4,0.0
2,2,97.39982464778579,5,0.0
2,0,104.04345479208168,4,0.0
2,1,98.76019580709311,1,0.0
2,1,93.88959646639685,3,0.0
2,0,96.32030526655105,2,0.0
1,1,86.28259109406126,4,-2.5
1,2,119.07014685531983,16,0.0
2,1,48.14025053682208,2,0.0
1,3,91.34986848583935,5,0.0
2,3,46.924896136744984,3,0.0
2,2,98.76019580709311,1,0.0
2,2,46.924896136744984,3,0.0
2,2,98.08959646639686,3,0.0
2,1,43.26652562923927,4,0.0
2,3,93.88959646639685,3,0.0
2,3,43.24471055709133,5,0.0
1,3,120.0,4,60.0
2,3,140.0,3,120.0
2,3,48.14025053682208,2,0.0
2,3,140.0,2,120.0
1,1,86.28259109406126,4,-2.5
2,3,45.02163971993374,5,0.0
1,1,93.35268919632955,13,-2.5
2,0,98.76019580709311,1,0.0
2,1,93.87916349970673,3,0.0
1,1,45.3022739940305,15,-2.5
1,2,104.8940512545111,3,0.0
1,0,50.65964164167413,4,0.0
1,2,107.81633166942147,4,0.0
2,0,46.919010866431215,3,0.0
2,2,98.75885823315569,1,0.0
1,0,99.06914367486677,1,0.0
2,1,23.57644213702925,17,0.0
1,2,50.60285569235391,5,0.0
1,3,120.0,5,60.0
2,1,98.75885823315569,1,0.0
2,0,93.87916349970673,3,0.0
2,1,93.87916349970673,3,0.0
2,0,93.20231302523736,5,0.0
2,0,98.75885823315569,1,0.0
2,2,43.258770557048585,6,0.0
1,1,79.41901216070612,6,-2.5
2,3,42.54270633261167,7,0.0
2,1,43.78049795308943,6,0.0
2,3,98.75885823315569,1,0.0
2,0,48.683754369900676,4,0.0
1,1,86.28634102466441,4,-2.5
1,3,89.41901216070612,6,0.0
2,1,137.55885823315572,3,0.0
1,1,86.28634102466441,4,-2.5
1,1,82.85173476892803,5,-2.5
1,1,34.88537346481708,6,-2.5
1,1,86.28148011611091,4,-2.5
1,2,100.14745531184383,3,0.0
2,2,96.32166822159682,2,0.0
2,3,48.88570190070646,8,0.0
2,1,33.74432781314755,18,0.0
2,1,43.74330794153057,7,0.0
2,3,28.944327813147545,18,0.0
2,2,94.28953977272297,8,0.0
2,0,42.90354825091319,6,0.0
2,0,47.4619187584189,4,0.0
1,2,110.8244964510787,5,0.0
2,3,45.7023917382945,4,0.0
1,1,89.71139802151745,3,-2.5
1,2,66.66471701445654,18,0.0
1,1,66.30443909410279,18,0.0
1,3,46.711365641154266,4,0.0
2,1,91.44197348814787,4,0.0
1,1,77.49111965203697,7,-2.5
2,0,96.32166822159682,2,0.0
1,1,72.56715482954225,8,-2.5
1,1,87.78148011611091,4,-2.5
1,1,91.35844851599526,5,0.0
2,1,41.327331393200744,8,0.0
2,2,26.61211907817634,15,0.0
2,1,89.01126468799367,5,0.0
1,1,74.07649496838398,8,-2.5
2,3,44.502837430361545,4,0.0
1,1,79.44382383234228,6,-2.5
1,1,79.44382383234228,6,-2.5
2,2,28.39261949997236,16,0.0
1,2,69.7565480883936,19,0.0
2,2,45.327064780137825,6,0.0
2,2,42.067537760013415,6,0.0
2,2,42.02706478013782,6,0.0
1,1,82.86685543245792,5,-2.5
2,3,27.192619499972352,16,0.0
1,3,87.50921757660589,7,0.0
2,3,26.524828234943563,19,0.0
2,2,45.56869427263211,7,0.0
2,0,47.482892160090515,5,0.0
2,2,93.90216864339284,3,0.0
2,0,103.3917651097897,6,0.0
2,1,30.350700896828258,16,0.0
1,1,18.743621176207686,18,-2.5
2,1,48.16190541601658,2,0.0
2,3,46.941334532594425,3,0.0
1,1,28.97652070447409,7,-2.5
2,3,46.24241918021492,5,0.0
1,1,35.83181438516119,5,-2.5
1,1,64.3898144104498,19,0.0
2,3,43.28226654693939,4,0.0
2,0,46.79260206903216,7,0.0
2,2,98.10884769913149,3,0.0
2,1,40.68934565222091,9,0.0
2,2,47.334231561526444,8,0.0
2,1,98.76553728889434,1,0.0
1,3,44.766207611781994,4,0.0
2,3,42.592602069032154,7,0.0
2,3,42.57265679876113,7,0.0
2,1,49.77265679876113,7,0.0
1,1,15.317774142878438,19,-2.5
1,3,87.51797679901303,7,0.0
2,3,43.13423156152644,8,0.0
2,1,62.688276815709344,5,0.0
1,2,72.80429150593565,20,0.0
1,1,96.01797679901303,16,-2.5
2,0,98.10884769913149,3,0.0
1,1,74.28337054327665,8,-2.5
2,3,140.0,7,119.16573574851341
2,0,44.9124164893785,9,0.0
2,3,98.76553728889434,1,0.0
2,0,38.9124164893785,9,0.0
2,2,41.39260206903215,7,0.0
1,1,86.72563842662296,8,-2.5
2,1,96.34603771069035,2,0.0
2,0,43.46043365978705,20,0.0
1,1,14.41396737712056,20,-2.5
2,3,47.1125041654856,7,0.0
2,3,46.24780383583373,5,0.0
2,3,91.46770593228717,4,0.0
2,1,47.09260206903216,7,0.0
1,1,69.15064793505474,9,-2.5
2,2,43.79260206903216,7,0.0
2,0,98.76553728889434,1,0.0
1,3,83.65064793505474,9,0.0
2,3,45.37677424386628,6,0.0
1,1,65.72668311256001,10,-2.5
2,2,41.73307504890775,7,0.0
2,1,40.67336910389109,10,0.0
1,1,78.95274461384382,8,-2.5
2,3,140.0,7,98.59002466884002
2,3,96.3162257958818,2,0.0
1,3,60.52698375736116,21,0.0
2,1,98.75068850698747,1,0.0
1,1,21.18002561940629,10,-2.5
1,1,62.28969949280061,11,-2.5
1,1,85.1991990070588,8,-2.5
2,2,35.958644976096714,7,0.0
2,0,45.706476006779816,3,0.0
2,0,43.81906322624335,6,0.0
2,1,47.9984923428212,6,0.0
2,1,35.958644976096714,7,0.0
2,3,48.344694106406585,7,0.0
2,3,43.27813121189838,4,0.0
2,1,96.3162257958818,2,0.0
1,1,69.14638692351724,9,-2.5
2,3,42.55864497609672,7,0.0
2,3,135.59226720757064,11,98.59002466884002
2,2,89.41821908706044,10,0.0
2,1,98.75068850698747,1,0.0
2,2,42.55864497609672,7,0.0
2,2,100.51622579588181,2,0.0
1,0,41.180025619406294,10,0.0
2,3,138.09672621767783,10,0.0
2,1,98.75068850698747,1,0.0
2,1,48.1984046667141,10,0.0
2,1,42.598492342821196,6,0.0
1,1,69.14638692351724,9,-2.5
2,3,38.918306763167536,10,0.0
2,2,38.24003415920838,10,0.0
1,3,44.758598408923795,4,0.0
2,3,42.59911795597232,7,0.0
2,1,46.08492006851392,9,0.0
1,1,69.14638692351724,9,-2.5
2,0,34.00224253873062,11,0.0
1,1,72.58099317925362,8,-2.5
2,0,42.23295629152818,9,0.0
2,3,42.52773980818313,8,0.0
2,3,40.47853244196244,9,0.0
2,3,36.98922689484134,11,0.0
2,2,44.98815805832976,6,0.0
1,1,58.85159404452533,12,-2.5
1,1,61.85159404452533,12,-2.5
1,1,81.76109355878351,9,-2.5
2,0,36.396321183669116,12,0.0
2,3,30.393271810970642,21,0.0
2,0,33.50783771172967,8,0.0
2,0,101.60872894175192,5,0.0
1,1,65.70828147524196,10,-2.5
1,3,83.64288773097834,9,0.0
2,0,38.23411280414687,10,0.0
1,1,24.604403531036166,9,-2.5
1,1,81.70828147524196,10,0.0
1,3,45.704675073474206,4,0.0
1,2,119.06189455172472,8,0.0
2,0,91.44591895331078,4,0.0
1,1,62.27555886702005,11,-2.5
2,3,34.707837711729674,8,0.0
2,3,36.812385408106024,9,0.0
2,1,99.16758717490761,6,0.0
2,0,37.67253804138156,9,0.0
2,3,36.472538041381554,9,0.0
2,1,41.17325034651152,12,0.0
2,3,33.351435274363574,12,0.0
1,2,65.29712024209785,10,0.0
2,1,104.45718364130447,9,0.0
2,3,42.03373420876402,6,0.0
1,1,72.565919331094,8,-2.5
2,3,140.0,1,103.71433159646752
2,0,46.196600756757746,7,0.0
2,1,37.69248331165258,9,0.0
2,2,95.64591895331078,4,0.0
1,2,95.41369340676901,22,0.0
1,2,111.83355507993053,7,0.0
2,0,93.86541853151476,3,0.0
1,3,58.58887830908588,22,0.0
1,1,69.14288773097834,9,-2.5
2,0,43.27910818092332,12,0.0
2,2,53.46313163259351,13,0.0
1,1,81.69152081491055,10,0.0
2,2,44.180977982800236,11,0.0
2,1,40.964467070104455,10,0.0
2,2,45.656047767702965,3,0.0
2,0,21.521757545034607,23,0.0
2,2,45.838263842685464,7,0.0
2,1,44.628111535334014,8,0.0
2,3,140.0,4,54.024282521982094
2,2,46.88145139988649,3,0.0
2,1,40.983062075883886,10,0.0
2,3,95.59692931009103,4,0.0
2,1,34.48294605293985,13,0.0
2,1,38.83934849030595,9,0.0
2,1,37.67919585703042,8,0.0
1,1,65.69152081491055,10,-2.5
2,1,39.74139623294686,11,0.0
1,1,65.69152081491055,10,-2.5
1,1,65.69152081491055,10,-2.5
2,1,45.904761125087795,13,0.0
2,2,52.165244987340294,7,0.0
2,3,36.959162910652296,12,0.0
2,1,33.30398644091966,14,0.0
1,1,63.956914559174166,11,-2.5
2,2,36.40092325307126,11,0.0
2,3,31.023994090228847,10,0.0
1,1,11.790553255063214,12,-2.5
1,1,65.69152081491055,10,-2.5
1,1,11.790553255063214,12,-2.5
2,3,40.623994090228855,10,0.0
1,1,83.6145524150262,9,0.0
2,0,38.18247668235733,10,0.0
2,1,40.62232404908181,9,0.0
2,2,45.508373179391675,8,0.0
2,2,34.50229110270368,13,0.0
2,1,44.78247668235734,10,0.0
2,0,31.186314554373862,14,0.0
2,0,35.68693670262659,13,0.0
2,0,49.701962918159005,7,0.0
2,3,98.74312819205139,1,0.0
2,1,36.382476682357336,10,0.0
1,1,58.381538094990795,13,-2.5
2,1,39.68702437873369,11,0.0
2,0,94.92055792393843,6,0.0
2,2,45.65882420264973,4,0.0
2,2,39.7614899382834,9,0.0
2,1,43.73030771304043,6,0.0
2,1,45.82894406281383,7,0.0
2,3,46.72894406281383,7,0.0
2,0,79.7318226119321,11,0.0
1,1,62.24886695894908,11,-2.5
2,3,38.207595262155834,11,0.0
2,1,44.39917595975435,4,0.0
2,2,45.1685258126672,10,0.0
1,2,119.05734614403853,12,0.0
2,2,34.07782295486662,24,0.0
1,1,58.8142607032127,12,-2.5
2,2,96.27463897062765,2,0.0
1,1,69.10181646447127,9,-2.5
1,1,55.381538094990795,13,-2.5
2,2,44.230100575432516,12,0.0
1,1,58.8142607032127,12,-2.5
2,2,96.27463897062765,2,0.0
1,2,119.05734614403853,10,0.0
2,3,45.30734823638504,5,0.0
2,1,41.487024378733686,11,0.0
2,1,33.98247668235733,10,0.0
2,0,33.705784468613075,19,0.0
2,1,41.84289493250397,9,0.0
1,0,76.4242430469327,24,0.0
2,2,33.30875177477452,12,0.0
1,1,65.45757327249606,14,-2.5
2,1,44.826190267935274,11,0.0
2,3,33.42232404908181,9,0.0
2,1,49.858824202649735,4,0.0
1,1,11.781563831080904,12,-2.5
2,1,134.37452021324813,11,0.0
2,2,35.16712228228024,11,0.0
1,2,119.05734614403853,10,0.0
2,3,47.58139203473685,8,0.0
2,3,48.28194460420152,5,0.0
2,2,82.1625314120863,10,0.0
2,0,46.21428999345773,7,0.0
2,3,29.940325585862382,15,0.0
1,1,40.97976490836712,14,-2.5
2,3,140.0,5,98.17056955291076
2,3,117.41482361859248,12,75.03462231916869
2,3,35.156389810299295,11,0.0
2,2,36.201900348627696,15,0.0
1,0,77.27060204227539,24,0.0
2,3,98.75401103148852,1,0.0
2,0,28.048476533338697,25,0.0
2,2,94.89406853363093,6,0.0
2,2,90.69406853363093,6,0.0
1,1,55.37976897682909,13,-2.5
2,0,41.00190034862769,15,0.0
2,0,28.55638981029929,11,0.0
1,2,119.06550827361639,12,0.0
1,1,102.72803420790108,13,-2.5
2,2,98.02865000211617,3,0.0
1,1,58.81437523256547,12,-2.5
2,0,46.862894612828036,3,0.0
2,3,70.43960501218095,7,27.955286267652
1,1,14.275891032623296,12,-2.5
1,0,37.413407672718144,14,0.0
2,1,39.41680806044592,9,0.0
2,3,46.012355913462876,14,0.0
2,3,35.056327431261124,16,0.0
2,0,42.2409477341151,14,0.0
2,3,49.73527673753167,11,0.0
2,1,41.961359267873554,6,0.0
1,1,58.81437523256547,12,-2.5
2,0,50.25597394964752,8,0.0
2,1,38.0409477341151,14,0.0
1,0,79.73740683268112,11,0.0
2,1,138.75401103148852,4,0.0
2,2,50.37859062342639,5,0.0
2,3,42.87811720634014,13,0.0
1,3,35.06260604533445,9,0.0
2,1,22.244769430459204,22,0.0
2,3,47.76592688461882,4,0.0
1,3,37.93893469670643,8,0.0
2,1,41.31063368499353,16,0.0
1,3,33.125378166979544,10,0.0
1,1,82.23009685973275,26,-2.5
1,1,45.085853667757554,16,-2.5
1,1,60.30017895432621,12,-2.5
1,1,37.54253703001222,15,-2.5
2,3,38.328480035200265,14,0.0
2,2,136.30437386034865,5,0.0
2,0,138.4249317842871,15,0.0
2,2,32.686850542705976,12,0.0
1,1,55.377147354210564,13,-2.5
1,0,38.26513790702949,12,0.0
2,2,48.64169334566247,4,0.0
2,1,41.106752639159424,12,0.0
2,3,90.67889407359672,6,0.0
2,1,39.75226317748782,16,0.0
2,0,15.369259597434638,26,0.0
2,3,35.568239725817634,15,0.0
1,1,48.50981849025228,15,-2.5
1,1,51.94254109847419,14,-2.5
2,1,34.81196912250448,13,0.0
2,1,40.99131056297523,15,0.0
2,2,28.330448105339883,16,0.0
2,1,44.812747039740316,10,0.0
2,1,40.03331792316247,9,0.0
2,1,53.051550872357865,13,0.0
1,2,119.0627721216451,14,0.0
1,1,45.085853667757554,16,-2.5
1,1,28.371360026400207,14,0.0
1,1,62.230096859732754,11,-2.5
2,0,33.2465123297768,15,0.0
2,0,36.374176052150176,10,0.0
2,1,102.24523198933636,3,0.0
1,1,71.99818469521496,15,0.0
1,1,55.355822551067,13,-2.5
2,1,37.25360516872802,11,0.0
2,1,36.227708671693684,13,0.0
2,0,33.59840340192645,14,0.0
2,1,35.49312130647553,17,0.0
2,2,95.58836018138774,4,0.0
2,0,39.19240900134557,14,0.0
1,0,35.53182339110403,16,0.0
2,2,42.86818165156929,13,0.0
2,0,37.57417605215018,10,0.0
1,1,48.498184695214974,15,-2.5
2,2,98.74085812898771,1,0.0
2,3,93.84523198933636,3,0.0
1,0,38.32078150377028,13,0.0
2,2,30.31011772642234,27,0.0
2,1,28.467556038418163,12,0.0
1,1,41.64149726449834,17,-2.5
2,3,40.39240900134557,14,0.0
2,3,118.29159542777259,14,77.89918642642702
2,1,38.866345062103974,11,0.0
2,0,39.4444079490907,7,0.0
1,1,41.64149726449834,17,-2.5
2,3,99.78836018138774,4,0.0
2,2,98.74085812898771,1,0.0
2,3,39.16933816418798,15,0.0
2,0,79.00776340142265,13,0.0
1,3,73.93279095095134,14,0.0
2,0,98.04523198933636,3,0.0
2,3,37.992409001345564,14,0.0
2,0,48.63036454447586,5,0.0
1,1,48.065462086993065,16,-2.5
1,1,45.065462086993065,16,-2.5
2,3,29.47130623432758,17,0.0
2,1,40.73225636807004,14,0.0
1,1,34.098180626753006,16,-2.5
2,3,45.81526074040756,8,0.0
2,0,95.96578991327479,9,0.0
2,2,28.909097854805342,16,0.0
1,2,119.06374176543139,14,0.0
2,3,35.00448293873403,15,0.0
1,1,41.20523902992973,18,-2.5
2,3,44.61983733881113,14,0.0
2,3,36.0992040763508,19,0.0
2,0,46.71472949747508,9,0.0
1,1,102.98163116024513,28,0.0
2,2,62.08956484537154,14,0.0
2,2,36.41013572879366,11,0.0
2,0,38.12583173939202,11,0.0
2,0,34.84477699371737,18,0.0
2,3,135.59688767657823,7,0.0
2,1,49.87589111808181,11,0.0
1,1,46.94252329449028,28,0.0
2,0,11.974710631444845,28,0.0
1,1,57.58411672244285,14,-2.5
2,2,46.56279898254425,15,0.0
2,2,38.28391205531188,15,0.0
1,1,53.70418080445659,5,0.0
2,3,41.154176534273454,9,0.0
2,3,37.174714835674564,15,0.0
1,1,46.56192646064636,16,-2.5
2,3,37.59448612386124,10,0.0
2,3,44.09885059473719,11,0.0
2,2,51.81921172566001,13,0.0
1,1,20.490745388572375,16,-2.5
1,0,37.384523269201665,14,0.0
1,1,45.06192646064636,16,-2.5
2,1,28.30563945135273,16,0.0
2,0,36.53978260908216,13,0.0
2,3,103.99688767657821,4,0.0
2,2,28.999266455388977,14,0.0
2,3,43.21988216083393,4,0.0
2,1,32.53902614600634,17,0.0
2,0,40.02146726851606,8,0.0
2,1,46.19144625685963,5,0.0
1,1,44.62920385242445,17,-2.5
2,0,34.064009958858435,15,0.0
1,1,56.60284607032083,26,-2.5
1,0,67.20100444518692,16,0.0
2,1,39.05814238209676,13,0.0
2,3,20.51264222531267,16,0.0
1,2,105.25579560325397,3,0.0
2,1,36.07421698807797,17,0.0
2,0,45.26742813146245,12,0.0
2,1,47.44446865480706,12,0.0
2,2,28.229331078772447,18,0.0
1,0,35.46095642174561,15,0.0
2,3,39.387701586278155,18,0.0
1,1,41.6383596131903,17,-2.5
1,1,48.28167218247366,19,-2.5
2,1,101.56546521330347,5,0.0
2,0,20.151779767677326,19,0.0
2,1,45.12428941595318,9,0.0
2,1,40.95272531992748,9,0.0
1,1,66.8387790276101,19,-2.5
2,0,37.65777416825819,19,0.0
2,0,31.874216988077972,17,0.0
1,3,27.321196681695653,13,0.0
2,3,35.33399102597064,15,0.0
2,1,50.19004480524132,9,0.0
1,1,54.16054987498679,15,-2.5
2,3,102.26109135295482,3,0.0
2,1,25.874216988077986,17,0.0
2,1,88.96546521330346,5,0.0
2,1,19.94794189566079,15,0.0
1,1,51.92591537444887,14,-2.5
2,2,91.41145418181495,4,0.0
2,3,41.63010932525931,9,0.0
2,0,40.28957138815507,17,0.0
2,1,40.62941875487954,17,0.0
2,2,51.29577292634388,11,0.0
2,3,36.39004480524131,9,0.0
2,2,18.02933107877245,18,0.0
1,1,88.98662484426228,17,-2.5
2,0,25.9095166584261,17,0.0
1,1,55.78062749653661,17,-2.5
2,0,27.112642225312673,16,0.0
2,0,90.70859340535485,6,0.0
1,1,4.0888988382927725,27,-2.5
1,3,70.07296586892667,16,0.0
1,1,57.69117169673184,16,-2.5
2,3,28.909516658426096,17,0.0
1,3,70.07296586892667,16,0.0
2,0,47.587789262385265,14,0.0
2,3,37.94794189566078,15,0.0
2,0,17.098142215418246,26,0.0
2,3,110.13328359505812,11,65.00753941978546
2,1,25.874010393586765,17,0.0
2,3,34.29395566385777,17,0.0
1,1,38.20938573939587,18,-2.5
1,1,38.20938573939587,18,-2.5
2,2,43.1743724501708,12,0.0
2,2,34.9697283140815,15,0.0
1,1,35.662282493273786,16,0.0
2,0,31.229149781350138,21,0.0
2,2,28.229124484281222,19,0.0
1,1,38.20938573939587,18,-2.5
2,0,58.589630410534966,15,0.0
1,1,68.14399199513224,17,0.0
1,1,44.57875980996304,18,-2.5
1,1,31.352698308679237,20,-2.5
2,2,93.8816013922412,3,0.0
2,0,42.857141094617965,12,0.0
2,2,39.05093955642916,18,0.0
2,1,32.3046605406739,17,0.0
2,1,45.84030539641875,9,0.0
2,0,45.34410077492582,6,0.0
2,2,36.579663183646375,16,0.0
1,1,18.33278368540234,27,-2.5
2,0,18.07401039358676,17,0.0
2,3,98.76136816827409,1,0.0
2,1,25.89395566385778,17,0.0
2,3,28.909310063934868,16,0.0
2,1,99.82245952122891,4,0.0
2,0,37.09839747760322,7,0.0
2,2,96.32994570499935,2,0.0
1,1,38.20938573939587,18,-2.5
1,1,31.352698308679237,20,-2.5
2,3,28.17472269871672,20,0.0
2,0,30.257141094617964,12,0.0
2,1,52.33874923470784,9,0.0
1,1,86.07079961947812,18,0.0
1,1,46.567023595247896,16,-2.5
2,3,27.594744163175854,29,0.0
1,2,119.07102612620557,16,0.0
2,2,29.23442864373338,17,0.0
2,1,82.68160173905093,11,0.0
1,1,43.15220970341689,17,-2.5
2,3,26.451132970925503,19,0.0
1,0,33.617168656120164,17,0.0
2,1,29.884908684899216,18,0.0
2,0,98.11019384922466,3,0.0
2,3,34.19975869459616,15,0.0
2,0,35.50946030461363,17,0.0
1,1,47.376785434179496,21,-2.5
2,0,40.918997378933156,10,0.0
1,1,38.22917810330124,18,-2.5
2,0,14.60154702765305,31,0.0
1,1,34.79457184756486,19,-2.5
1,1,52.794571847564846,19,-2.5
2,1,46.409044443961854,14,0.0
1,1,47.93682619137509,8,0.0
2,2,44.530031188035785,17,0.0
2,0,27.68955820816019,17,0.0
1,1,50.8473839311064,18,-2.5
2,1,29.333155770794097,21,0.0
2,0,105.27489990755751,13,0.0
2,1,41.60904444396186,14,0.0
2,2,42.65425853781206,18,0.0
2,3,38.38446553113467,7,0.0
2,0,33.03166111774072,11,0.0
2,1,28.71545470519452,15,0.0
2,3,93.39802569276392,18,57.343767154951856
2,0,17.370947391271855,20,0.0
2,0,32.954970842942025,21,0.0
1,1,102.4492195247008,31,0.0
2,2,28.398223349641682,15,0.0
2,0,27.1884735605397,15,0.0
2,1,30.32373949491897,12,0.0
1,1,30.955908022226645,21,-2.5
2,2,38.88429245812061,10,0.0
1,1,46.03088497425878,9,0.0
1,1,47.78781521183194,17,0.0
2,1,40.40753308237279,16,0.0
2,1,35.407911677755635,20,0.0
2,1,98.79207837717826,1,0.0
1,2,72.67333116174713,19,0.0
2,1,17.191057383322462,26,0.0
1,1,38.24626848630058,18,-2.5
2,2,35.75798410563083,12,0.0
2,2,34.806508139366144,13,0.0
2,3,51.71107575611141,11,0.0
2,2,26.870399630366506,17,0.0
2,1,26.34704922012028,22,0.0
1,1,100.54327830758449,32,0.0
1,1,44.94071510176293,7,0.0
2,2,42.721483952062925,17,0.0
2,0,33.305419727625996,22,0.0
2,0,39.22946761602154,14,0.0
2,2,51.42952833095701,14,0.0
2,2,43.99371848326254,9,0.0
2,1,91.50227222640291,4,0.0
2,0,42.62326607783273,20,0.0
2,0,31.901538681791898,18,0.0
2,2,45.04852913451769,6,0.0
1,0,53.977475592796914,18,0.0
2,3,99.82989332135313,10,52.19185777134729
1,1,48.636651836968184,2,0.0
2,2,43.25798410563084,12,0.0
2,2,95.70227222640291,4,0.0
2,3,37.505419727626,22,0.0
2,2,80.14138604851637,16,0.0
1,1,31.388630630448553,20,-2.5
1,1,64.32323688618492,19,0.0
2,0,87.67719035895169,9,0.0
2,0,45.92761040746114,9,0.0
2,1,49.48345018359658,23,0.0
2,0,32.964127061578274,22,0.0
1,0,46.72017467894612,3,0.0
2,0,30.38478562110753,20,0.0
2,2,18.62436737096092,20,0.0
2,3,140.0,16,112.98062805524769
1,1,34.61546604170985,23,-2.5
1,1,31.406759728162868,20,-2.5
2,0,45.77174893923312,10,0.0
2,2,38.5072909343842,21,0.0
1,0,65.40675972816285,20,0.0
1,1,24.53943086420458,22,-2.5
1,1,51.53943086420457,22,-2.5
2,0,45.825079676090866,23,0.0
2,0,97.48030268237349,5,0.0
2,1,24.01932882837984,22,0.0
2,0,37.53601456160141,13,0.0
1,3,37.35275030627041,33,0.0
2,1,32.60613442176551,16,0.0
2,3,7.342076096037697,33,0.0
2,2,26.379481461655374,22,0.0
1,1,42.1144213557728,21,-2.5
1,1,45.97215347242648,21,-2.5
2,0,24.6243673709609,20,0.0
2,3,45.90176995088956,13,0.0
2,2,38.579153277110684,16,0.0
2,0,37.226559590488264,7,0.0
2,2,34.58478562110752,20,0.0
2,2,37.03194668089046,21,0.0
2,1,24.64431264123193,20,0.0
1,1,27.53943086420458,22,-2.5
2,2,42.78171785892401,13,0.0
1,1,5.57586700307548,23,-2.5
2,1,48.76977985163791,22,0.0
2,3,66.83972177103799,19,0.0
1,1,21.11546604170985,23,-2.5
2,1,27.18890306621268,16,0.0
2,0,32.083450183596575,23,0.0
2,3,62.346644080306035,13,0.0
2,1,24.545101140550006,32,0.0
2,3,104.68098946743947,7,59.61940272945087
1,1,31.406759728162868,20,-2.5
1,1,21.11546604170985,23,-2.5
1,0,32.794750280981795,19,0.0
2,1,52.539987387909115,18,0.0
2,3,76.6172478610941,14,0.0
2,2,36.584538595336724,14,0.0
2,3,90.83195836961534,6,0.0
2,1,35.964127061578274,22,0.0
1,1,80.33356735250874,21,0.0
2,3,23.98594213372623,21,0.0
2,0,19.844312641231934,20,0.0
2,3,31.04875445497737,10,0.0
1,1,21.11546604170985,23,-2.5
1,1,27.972153472426488,21,-2.5
1,1,31.406759728162868,20,-2.5
2,1,41.76193533476619,15,0.0
2,3,37.07016775886054,24,0.0
2,1,80.81861372711738,14,0.0
2,0,24.011215796149557,21,0.0
2,1,11.134851912840011,31,0.0
2,2,30.26520658663692,18,0.0
2,1,34.49332885231344,13,0.0
1,1,49.7477502530345,24,-2.5
2,2,40.66347067972068,11,0.0
2,0,28.26704317610225,20,0.0
1,3,60.48193709435107,21,0.0
2,3,46.95195757149204,3,0.0
1,1,87.32794311157942,21,-2.5
2,2,31.768199688720927,22,0.0
2,1,25.15284528864383,22,0.0
2,2,33.53103021649589,23,0.0
1,2,119.07517736618821,22,0.0
2,0,14.52191646873594,34,0.0
2,2,48.39606972408966,6,0.0
2,1,44.54862101384163,14,0.0
2,1,41.32603811807083,15,0.0
2,1,41.54605643202831,17,0.0
2,2,98.76690315491761,1,0.0
2,2,60.61565760989501,15,0.0
1,1,42.54733083861469,22,-2.5
2,3,34.315333241254706,19,0.0
2,2,36.49692331593815,20,0.0
1,1,67.40496869446672,20,0.0
1,1,60.48193709435107,21,0.0
2,2,98.76690315491761,1,0.0
2,0,42.09606972408965,6,0.0
2,1,46.0126193265365,20,0.0
2,3,20.39127052587854,21,0.0
1,1,27.981937094351082,21,-2.5
2,3,42.347212944646984,22,0.0
2,2,24.879047386904453,34,0.0
2,1,29.552466693260975,18,0.0
2,0,43.46867310580718,14,0.0
2,3,36.86136090721759,10,0.0
1,1,27.981937094351082,21,-2.5
2,3,40.39190658369498,10,0.0
2,2,32.78698844637327,19,0.0
1,0,29.869927647170005,20,0.0
2,3,29.535235337708137,18,0.0
2,1,33.70689054282671,18,0.0
2,0,41.46704317610224,20,0.0
2,0,29.27303757668313,17,0.0
2,2,33.866329886844014,23,0.0
2,0,22.621920672965672,21,0.0
2,2,32.04326947362366,14,0.0
2,1,30.68698844637327,19,0.0
2,0,41.41412226494051,15,0.0
2,3,28.09198283100848,24,0.0
2,3,26.870167758860546,24,0.0
2,1,42.97349864714904,8,0.0
2,1,22.80063808110922,21,0.0
1,3,62.84072126832408,25,0.0
2,0,1.1047324522354958,34,0.0
1,2,71.91836391988052,35,0.0
2,2,29.8955454040837,11,0.0
2,0,42.83542879210016,11,0.0
2,2,35.60699288812585,12,0.0
2,0,22.505185777485565,22,0.0
2,0,33.92575666090771,22,0.0
2,0,44.017337358506225,15,0.0
2,0,57.48761512010622,15,0.0
1,1,27.771194321559992,25,-2.5
2,3,32.624421223396766,25,0.0
2,1,100.54097103980018,2,0.0
2,1,22.726913173526405,23,0.0
2,0,40.24111106098481,21,0.0
2,3,25.16533841076109,22,0.0
2,1,30.565338410761093,22,0.0
1,1,24.56248800801301,22,-2.5
2,3,42.927044980091395,13,0.0
2,0,25.682027264220885,24,0.0
2,1,17.441111060984817,21,0.0
2,1,36.07789032170786,14,0.0
2,3,38.89716484025549,18,0.0
2,3,34.6127199790333,12,0.0
1,1,27.4972558228438,23,-2.5
2,0,42.1226888987242,15,0.0
2,2,46.46858144726133,11,0.0
1,1,-1.2684047170743775,25,-2.5
2,1,39.120124316910875,18,0.0
2,3,27.080958427709284,19,0.0
2,3,62.27956621927606,14,0.0
1,2,109.19464673808484,4,0.0
2,3,29.67698560140161,15,0.0
1,1,58.562488008013,22,0.0
2,3,24.403948787221037,22,0.0
2,0,50.75878262685705,8,0.0
2,0,19.75794424005679,23,0.0
2,1,73.55082473018997,17,0.0
2,3,25.719519002822103,24,0.0
1,1,21.15694237998478,23,-2.5
1,1,21.15694237998478,23,-2.5
2,0,13.833091277129405,21,0.0
1,3,98.3318429116449,36,0.0
1,2,65.04920891613716,10,0.0
2,2,30.741074941087998,18,0.0
2,0,45.63971129086138,23,0.0
1,1,13.865648693531767,26,-2.5
2,0,49.86911211002193,25,0.0
1,2,119.09445437197176,36,0.0
2,2,10.1579442400568,23,0.0
1,1,30.244526386044896,22,-2.5
2,1,98.7926058292957,1,0.0
2,3,43.75794424005679,23,0.0
2,2,43.22268308117787,15,0.0
2,3,32.47356425700498,20,0.0
1,1,48.263683797662516,6,0.0
2,0,35.44086780348008,24,0.0
2,2,36.22803462139585,12,0.0
2,3,92.32988092826312,3,45.366789579067344
2,2,72.85299337358282,20,0.0
2,1,15.033091277129401,21,0.0
2,0,32.0181154644326,17,0.0
2,2,17.278678009645898,35,0.0
2,2,20.993243910404914,22,0.0
2,0,36.71273014620657,19,0.0
1,0,81.86837348892004,23,0.0
2,3,40.59806337246706,17,0.0
1,1,41.289613516026485,25,-2.5
2,3,42.1186312856703,5,0.0
2,2,36.8695914306973,16,0.0
2,1,43.83309127712939,21,0.0
1,3,62.65694237998477,23,0.0
2,3,75.98528744129564,16,0.0
2,3,6.075652965133586,36,0.0
2,2,44.060002566491704,15,0.0
2,2,24.633716890280517,22,0.0
2,2,30.05366216055154,21,0.0
2,3,50.507646513655594,5,0.0
1,3,42.97035733076804,6,0.0
2,1,96.8453020147441,7,0.0
2,2,38.70307618300232,26,0.0
1,1,31.37532128422751,12,0.0
2,3,23.782331324073258,13,0.0
2,3,36.492711832249086,17,0.0
2,3,17.952905697475728,25,0.0
2,3,20.19215926278442,20,0.0
1,1,24.091710194815573,24,-2.5
2,3,36.93256307674522,18,0.0
1,3,20.67947563583967,17,0.0
2,1,28.70165795847493,26,0.0
2,3,34.68784151358493,14,0.0
2,0,10.197197938205685,23,0.0
2,0,16.72347303062288,25,0.0
1,1,29.47828680507808,13,0.0
2,0,22.0079028150218,23,0.0
2,0,15.501035810222207,27,0.0
2,2,56.273545458498106,24,0.0
2,0,28.586285351874015,14,0.0
2,1,21.48568141014512,27,0.0
1,3,41.07332285161861,7,0.0
2,1,16.781843538128584,24,0.0
2,0,83.61783357927011,9,0.0
2,2,93.97062774197902,3,0.0
2,3,48.20025694244861,2,0.0
1,1,58.68293950095098,23,-2.5
2,2,89.56948926651197,10,0.0
2,0,18.05626592386071,23,0.0
2,0,31.857616188352303,22,0.0
2,1,8.49254421071497,37,0.0
2,1,32.7694775777871,25,0.0
1,1,17.75990790083535,24,-2.5
2,0,9.109186757698536,37,0.0
2,2,30.340911523783607,24,0.0
1,1,12.392579036877063,26,-2.5
2,0,39.23695762882304,26,0.0
2,3,26.08475000691954,18,0.0
2,3,32.237715740104065,13,0.0
2,3,21.849675128883487,37,0.0
2,0,31.28596098323373,22,0.0
2,1,30.832744588972595,14,0.0
2,2,31.040795500839586,27,0.0
2,2,39.32360483718785,15,0.0
1,1,17.75990790083535,24,-2.5
2,1,37.634098421699704,14,0.0
2,2,36.63767091808126,23,0.0
2,3,30.21389721560269,17,0.0
2,1,18.561898267857554,24,0.0
2,2,51.88688799628786,14,0.0
2,3,32.36057412263002,26,0.0
2,1,39.620867252558305,13,0.0
2,0,3.7013536848644244,38,0.0
2,1,9.927226346749118,35,0.0
1,1,52.8762179197829,25,0.0
2,0,47.792753957588474,16,0.0
2,1,16.61429510687478,25,0.0
2,1,37.34433200540113,7,0.0
2,0,16.10033381324742,27,0.0
2,1,13.203590230058664,25,0.0
2,2,19.04484112717008,22,0.0
1,1,10.50888905582462,27,-2.5
2,1,38.31547138928201,21,0.0
2,2,33.21385195311022,14,0.0
2,2,18.117859982515267,22,0.0
1,1,14.37621791978291,25,-2.5
1,1,17.584924233329893,28,-2.5
2,3,14.403590230058661,25,0.0
2,0,41.53334723338642,7,0.0
2,0,19.178606417206588,27,0.0
2,0,29.31841255197992,19,0.0
2,0,31.34484112717008,22,0.0
2,1,33.15117143842405,16,0.0
1,1,55.29924951989854,24,-2.5
1,0,25.408914791914732,26,0.0
2,1,61.32914511657176,24,0.0
2,0,93.3592775888267,5,0.0
2,0,12.144841127170094,22,0.0
2,1,31.98428101760408,14,0.0
2,1,32.16265821571368,25,0.0
2,2,32.123728054402434,18,0.0
2,2,24.896746909747627,20,0.0
2,1,46.38150438226406,6,0.0
2,3,28.41773365382156,24,0.0
1,3,73.44161166404653,26,60.0
2,3,23.90033381324742,27,0.0
2,1,27.20629859024935,20,0.0
1,1,7.118295394406383,28,-2.5
2,2,25.216132014834333,26,0.0
2,0,19.377953795367926,22,0.0
2,3,37.35687379017682,8,0.0
2,3,9.056604994709941,26,0.0
1,0,27.3736148111836,25,0.0
2,3,27.870122805321714,23,0.0
2,1,16.173589324491974,19,0.0
2,1,30.157382911945767,23,0.0
1,1,43.59236567604241,9,0.0
1,1,30.985624258364673,35,-2.5
2,1,39.24818569230844,19,0.0
2,1,28.831486414911428,25,0.0
2,0,17.802181145144207,26,0.0
1,3,50.985624258364666,26,0.0
2,2,25.5190384836253,20,0.0
2,3,36.95212916333176,27,0.0
2,1,17.991148201982273,28,0.0
2,2,6.743475234404299,39,0.0
2,2,40.574776045445105,13,0.0
2,2,37.90932370212366,17,0.0
1,1,50.985624258364666,26,0.0
2,3,80.05212205597587,11,0.0
2,0,23.941686901347413,23,0.0
1,1,50.985624258364666,26,0.0
2,3,41.10881978196288,39,0.0
1,3,37.299039209147935,9,0.0
2,2,93.20377774321773,12,0.0
2,3,14.912875598023106,28,0.0
2,2,31.920249459939495,24,0.0
2,0,17.35776150732863,27,0.0
2,3,34.79837896409067,13,0.0
1,1,14.408655858480323,25,-2.5
2,2,98.81254178477569,1,0.0
2,0,89.00377774321773,12,0.0
1,0,18.04874696123933,35,0.0
2,2,20.857382911945766,23,0.0
2,0,40.58632921786791,17,0.0
2,3,45.83626549060614,3,0.0
1,3,55.26385751867575,29,0.0
2,0,27.47200421680983,15,0.0
2,3,33.679110307986605,27,0.0
2,2,23.04660817983714,21,0.0
2,3,38.83630587697358,20,0.0
1,1,64.81764227807261,13,0.0
1,0,47.639862964976665,25,0.0
2,2,71.22352994580216,19,0.0
2,3,20.993061177676754,27,0.0
2,3,12.671333781635926,24,0.0
2,1,30.39190466505806,24,0.0
1,3,114.4086558584803,25,60.0
2,3,12.07133378163593,24,0.0
1,3,120.0,27,60.0
2,0,99.50422123377565,27,0.0
2,3,24.34488217407313,27,0.0
2,0,21.100752727843414,25,0.0
1,1,7.592260305453683,27,-2.5
2,1,26.06520603172447,21,0.0
2,2,10.721723660808452,29,0.0
2,3,21.864117619984334,30,0.0
2,3,140.0,1,120.0
2,2,9.680181844421277,25,0.0
2,2,31.013195043736587,13,0.0
2,0,24.544794497966027,29,0.0
2,1,95.21376428147012,6,0.0
2,3,12.411029207929554,27,0.0
2,0,31.545117901963465,20,0.0
2,1,11.366609570113994,28,0.0
2,1,100.62138984756103,2,0.0
2,2,93.26097011876122,12,0.0
2,1,46.43063286767931,25,0.0
2,3,40.78196397019106,28,0.0
2,1,20.165453057495295,27,0.0
2,1,49.125992301138226,3,0.0
1,3,120.0,28,60.0
2,2,31.405670865165106,16,0.0
2,0,69.53249676596707,18,0.0
2,3,87.95077626953656,9,0.0
2,2,40.95033325767439,12,0.0
2,3,34.73686123684304,23,0.0
1,1,4.1576540497173005,28,-2.5
2,3,26.795177280653256,18,0.0
2,2,12.874041834726038,38,0.0
2,0,35.84299035047894,18,0.0
2,1,29.58816550837987,22,0.0
1,3,53.37049356576476,30,0.0
2,1,27.171329810180644,19,0.0
2,1,27.53097805307603,17,0.0
2,2,63.694757749586586,23,0.0
2,0,25.61261411727821,28,0.0
2,3,27.680807457572367,26,0.0
2,1,37.95473708094745,9,0.0
2,0,19.100453171687754,31,0.0
2,3,68.0947900000838,25,0.0
2,2,21.270587187672838,18,0.0
2,3,31.382871567588992,23,0.0
1,1,14.895951477470465,29,-2.5
2,2,18.599740866557813,28,0.0
2,0,8.961315629323126,29,0.0
2,3,45.10544299360334,14,0.0
2,1,35.67714344648644,21,0.0
2,3,42.23981961260061,5,0.0
1,1,16.8064956776657,28,-2.5
2,0,53.10298390305802,17,0.0
2,1,20.223803581933975,26,0.0
1,1,0.3209609859022411,30,-2.5
2,0,17.76015911670443,28,0.0
2,1,16.839588233282264,28,0.0
2,3,48.54681667609696,28,0.0
1,0,45.84252855647252,27,0.0
2,0,38.582871567588995,23,0.0
2,0,23.11284281651779,23,0.0
2,2,21.388503911585843,28,0.0
2,0,34.539588233282245,28,0.0
2,2,38.55452677270756,24,0.0
1,1,116.59602954440685,29,-2.5
2,0,12.433955889285425,25,0.0
1,1,28.89593793793439,18,0.0
1,1,11.041239355382725,26,-2.5
2,3,32.80790110294572,14,0.0
2,0,17.278638099539826,31,0.0
2,0,19.954526772707577,24,0.0
2,1,14.581507917362408,24,0.0
2,2,27.18628319827118,21,0.0
1,3,9.250077192356393,23,0.0
2,2,97.00847034067925,7,0.0
2,2,40.152942344136136,16,0.0
2,0,42.74503931688352,13,0.0
1,1,0.3209609859022411,30,-2.5
2,1,10.005735267138686,28,0.0
1,3,47.188289849860524,28,0.0
2,1,20.233955889285426,25,0.0
2,0,7.739500557175172,30,0.0
2,3,34.45173981430291,21,0.0
2,0,41.53560640085837,11,0.0
2,1,8.419686136828826,28,0.0
2,1,25.59545878705254,26,0.0
2,1,28.382871567589007,23,0.0
2,3,19.541213601542395,29,0.0
2,1,19.335581257545552,25,0.0
2,3,32.218750894526046,20,0.0
2,0,66.87584448492179,26,0.0
2,0,20.6685722124217,42,0.0
2,0,24.459692584377798,32,0.0
1,2,119.08579086362847,42,0.0
2,2,34.43987816403142,32,0.0
2,1,29.120878446010572,22,0.0
2,2,35.42789064631079,16,0.0
2,0,32.2811574079798,24,0.0
2,3,25.816095021743887,28,0.0
2,1,12.600740621666805,29,0.0
2,0,6.320642718120244,29,0.0
2,2,35.82091448380603,23,0.0
2,1,7.059692584377813,32,0.0
1,1,-1.1605255422473686,30,-2.5
1,1,3.7088485283198063,30,-2.5
2,1,39.85088573273482,18,0.0
2,3,40.64352510481063,13,0.0
2,1,6.1280838412367515,42,0.0
2,0,36.282853677830666,21,0.0
2,2,29.859692584377775,32,0.0
2,2,46.69997578418809,5,0.0
2,1,25.293932308956105,20,0.0
2,3,22.662236830249128,29,0.48144147885336164
2,1,13.704578493683337,32,0.0
2,1,30.09334726234253,21,0.0
2,2,24.035997118197333,28,0.0
1,1,0.7740807134890133,29,-2.5
2,2,24.190907197081803,23,0.0
2,1,49.62815726570626,16,0.0
2,1,35.805203252168646,23,0.0
2,3,88.61545694063466,7,0.0
2,0,35.00249088307594,8,0.0
2,3,22.706738597123138,19,0.0
2,2,22.43121678666959,24,0.0
2,1,12.481507656525741,32,0.0
2,2,25.120555042013134,31,0.0
2,3,17.562562402200378,25,0.0
1,1,45.274080713489006,29,0.0
2,1,18.73558125754555,25,0.0
2,0,16.51709828854254,21,0.0
2,1,4.697484204855556,31,0.0
2,0,15.034831086110756,28,0.0
1,1,43.3582472367208,30,0.0
2,2,43.33268434685321,12,0.0
2,1,72.01250703702891,19,0.0
1,1,6.819763036778625,30,0.0
2,2,37.20677934395319,17,0.0
2,3,25.091510478532552,26,0.0
2,3,36.52080511927166,30,1.16112107023352
2,2,4.820102299184785,30,0.0
1,0,14.421369939595467,39,0.0
2,2,5.414885815839736,29,0.0
2,1,65.65473318256417,27,0.0
2,3,4.295405679572773,41,0.0
2,3,12.034831086110762,28,0.0
2,3,13.638581282020194,33,0.0
2,1,74.61561936045071,15,0.0
2,2,8.259621670000007,34,0.0
2,1,64.84940699127607,26,0.0
2,1,22.003648860867774,27,0.0
2,1,31.06004610562219,25,0.0
2,0,11.876372902497954,32,0.0
2,3,19.290329991895568,43,0.0
1,1,0.5669535502677925,33,-2.5
2,2,10.1796293193092,30,0.0
2,3,19.7565584821516,31,0.0
2,3,24.610740155364052,17,0.0
2,1,40.06533683909777,29,0.0
2,0,4.345184039143748,40,0.0
2,3,33.10938632263695,12,0.0
2,2,29.514469955187923,26,0.0
2,1,32.611682996783294,23,0.0
2,1,22.25540196953291,28,0.0
2,3,48.47621751143505,6,0.0
2,0,71.187027250277,23,0.0
2,0,44.74031109087021,16,0.0
2,1,7.794983719386294,29,0.0
2,0,38.22241380245302,14,0.0
2,3,36.75384638616244,11,0.0
2,2,29.424422890159242,22,0.0
2,0,24.955401969532907,28,0.0
2,3,93.9546492416895,3,0.0
1,1,17.358247236720807,39,-2.5
2,0,23.876372902497963,32,0.0
2,0,45.75729621208493,3,0.0
1,3,5.535852466390973,26,0.0
2,3,34.64508486957214,11,0.0
1,3,41.450302476152004,31,0.0
2,2,26.757251271334358,17,0.0
2,1,37.011820788361284,15,0.0
2,1,39.21918141628547,20,0.0
2,2,37.854793161991964,17,0.0
2,0,31.224238072019016,29,0.0
2,1,26.024150395911906,33,0.0
2,3,32.84945309153046,26,0.0
2,2,9.024238072019042,29,0.0
1,2,103.9899488882712,44,0.0
2,3,27.987046578076704,22,0.0
2,2,17.389174129561244,24,0.0
2,0,3.0848126654810404,42,0.0
2,3,12.504205125640908,33,0.0
2,1,22.539233508251026,22,0.0
2,3,30.201089982691563,24,0.0
1,1,-2.450665083695321,33,-2.5
1,1,0.8032519816742019,29,-2.5
2,1,23.559202880632466,25,0.0
2,3,38.15820003274727,22,0.0
2,0,30.19074551231118,21,0.0
2,1,28.489174129561235,24,0.0
2,2,29.770439835604407,30,0.0
2,0,13.627988267928455,34,0.0
1,0,45.450302476152004,31,0.0
2,0,29.424863685170124,30,0.0
2,1,13.408173847582106,34,0.0
2,2,21.483858627138723,25,0.0
2,2,63.244140168472434,28,0.0
2,3,6.893811503278571,38,0.0
2,0,32.535633366659816,24,0.0
1,1,41.450302476152004,31,0.0
2,3,3.696379524787412,44,0.0
2,1,11.984390705294551,30,0.0
2,1,23.719755843834083,25,0.0
2,1,16.22486368517016,30,0.0
2,3,23.227988267928456,34,0.0
2,2,33.808173847582076,34,0.0
2,0,48.25233407144665,20,0.0
1,1,20.16800336617001,20,0.0
2,2,28.91691441283617,23,0.0
2,2,19.38347662823368,31,0.0
2,2,29.499090207798538,14,0.0
2,1,4.710962696965078,33,0.0
2,1,23.90955915857556,26,0.0
2,2,32.91050900443324,32,0.0
2,0,22.74938793419975,32,0.0
2,0,43.35388223798157,11,0.0
2,0,25.898383469877626,17,0.0
2,3,18.488525476564405,35,0.0
2,3,31.451446260634647,24,0.0
2,3,33.52676156815716,20,0.0
2,3,99.95811740832121,11,0.0
2,0,43.955048050631596,7,0.0
2,1,6.544349391618688,34,0.0
2,2,20.062489884159746,27,0.0
2,2,22.262524891760087,23,0.0
2,3,34.21412677532081,24,0.0
2,1,49.46500795114794,30,0.0
2,2,50.872325013052205,5,0.0
2,1,36.55440714437411,12,0.0
2,3,29.00138688194486,25,0.0
2,0,98.80029689925333,1,0.0
2,3,55.29488809098386,31,0.0
2,0,20.515682937031734,24,0.0
2,0,29.926317097042133,33,0.0
2,1,8.266076787659541,34,0.0
2,0,60.03911087643765,28,0.0
2,3,13.48673534718879,33,0.0
2,3,26.089471028814554,25,0.0
2,3,35.255040724259345,31,0.0
2,0,50.54700009724652,5,0.0
2,1,7.8251605844234735,31,0.0
2,2,20.18360295692738,29,0.0
2,0,23.694519877145265,35,0.0
2,1,13.595392481364,31,0.0
2,2,17.369333204470784,32,0.0
2,2,30.771083465879915,11,0.0
2,0,42.14724735667616,13,0.0
1,1,10.550525150591998,41,-2.5
2,0,36.03115498500432,32,0.0
2,2,33.69743155860412,16,0.0
2,3,33.526317097042146,33,0.0
2,2,65.74226842433292,26,0.0
1,1,-0.3018675185297388,35,-2.5
1,1,93.97355675070763,31,-2.5
2,3,44.868568366992065,8,0.0
2,1,10.573450649575934,30,0.0
2,1,18.58468760454787,31,0.0
2,0,40.068625356537524,10,0.0
2,0,40.33655710110444,15,0.0
2,3,5.983502073560437,33,0.0
2,0,100.60165853543185,9,0.0
2,0,24.722991851562618,27,0.0
2,2,30.73108328192582,24,0.0
2,0,19.329851806121383,25,0.0
2,1,34.91093837156159,23,0.0
2,3,7.080245656749192,35,0.0
2,3,17.884290572878506,45,0.0
2,1,21.489154863620037,31,0.0
2,3,19.183502073560433,33,0.0
2,1,35.51160042769377,17,0.0
2,1,11.20956135045365,32,0.0
2,0,42.16805110707122,12,0.0
1,1,35.726545546672845,34,0.0
1,1,11.04914235522816,32,0.0
2,0,86.75852199594074,6,0.0
1,0,21.049142355228163,32,0.0
2,1,30.87618984068895,46,0.0
2,0,5.358518260708339,35,0.0
2,3,0.6992784338240101,44,0.0
2,3,33.94674821925606,28,0.0
2,0,26.61555575103451,26,0.0
2,2,5.264269108419374,36,0.0
2,3,6.394206950376553,33,0.0
2,3,16.19885647363752,32,0.0
2,1,13.44048596613181,34,0.0
2,1,7.508277271621541,40,0.0
2,3,31.417935952991066,22,0.0
2,2,19.0802456567492,35,0.0
2,3,41.280090265686276,9,0.0
2,1,29.96355680328936,33,0.0
2,3,27.718342709439156,29,0.0
2,1,7.798856473637528,32,0.0
2,2,31.14048596613179,34,0.0
2,2,31.593431086714006,18,0.0
2,2,23.479340773515226,18,0.0
2,3,37.42263961592504,36,0.0
1,0,26.974566753192498,16,0.0
2,1,38.46483489894226,19,0.0
2,3,44.66679983978961,22,0.0
2,3,48.490489922210955,11,0.0
2,1,33.21793595299108,22,0.0
2,2,55.94820240321226,33,0.0
2,0,36.099422337589964,16,0.0
2,3,34.957719140413666,14,0.0
2,0,25.693763796611982,22,0.0
2,0,31.55463503966559,29,0.0
2,1,32.85034085668094,37,0.0
2,0,25.19138889396995,34,0.0
2,3,23.488910723645574,27,0.0
1,2,87.94969604279088,46,0.0
2,3,42.769303046175345,15,0.0
2,3,23.530878671972154,28,0.0
2,2,23.554574324730133,29,0.0
2,1,31.572282010499173,19,0.0
2,3,11.532639791081394,31,0.0
2,1,18.283090814339452,27,0.0
2,2,35.59867200987632,10,0.0
1,2,119.10591511530716,16,0.0
2,3,2.489152348775725,47,0.0
2,3,13.097386869426309,24,0.0
1,3,0.11998404287539033,33,0.0
2,0,92.76640881635028,7,0.0
2,2,15.102089566556344,47,0.0
1,1,-1.6675393380199957,35,-2.5
2,3,22.14153400503799,23,0.0
2,2,17.111290990423406,34,0.0
2,3,28.018825191971125,24,0.0
2,2,38.61152236974174,11,0.0
1,3,26.08048186849965,17,0.0
2,3,25.952639903264487,15,0.0
2,0,32.538970102335355,25,0.0
2,3,24.193139155379107,13,0.0
2,1,21.095506339075115,32,0.0
2,1,35.50901360370732,19,0.0
2,3,31.03417337711378,18,0.0
2,0,37.55003292458071,21,0.0
2,1,12.307746560845711,26,0.0
2,1,30.63618246481999,26,0.0
2,2,15.977438024279824,34,0.0
2,2,4.577438024279827,34,0.0
2,2,21.488132477158725,36,0.0
2,1,15.288220153265804,35,0.0
2,0,20.79550633907512,32,0.0
2,3,22.85436718712222,35,0.0
2,1,47.29702767294682,6,0.0
2,3,40.81607772576583,34,0.0
2,3,46.9690557867457,7,0.0
2,1,7.289152348775723,47,0.0
2,2,22.00939916682921,25,0.0
2,1,25.423442571444046,27,0.0
2,1,26.394295362760907,28,0.0
2,0,91.61175957466078,4,0.0
2,2,24.213098101063686,24,0.0
2,0,31.77646283387329,14,0.0
2,3,44.57491600354114,8,0.0
2,3,33.1291602479442,19,0.0
2,1,42.80288788974226,7,0.0
1,3,4.7910298153172866,28,0.0
2,3,16.709130269988755,31,0.0
2,2,13.61151886322201,32,0.0
2,0,10.301366555870562,33,0.0
2,2,29.28295663055397,34,0.0
2,0,95.82821280554795,4,0.0
2,0,44.26260275133957,15,0.0
1,1,33.87146208031296,35,0.0
2,2,11.16606688552243,35,0.0
2,1,16.703247086221747,25,0.0
2,0,4.638500007876839,32,0.0
2,1,10.177303840494382,35,0.0
2,1,1.8377220906410001,35,0.0
2,3,42.38210303870548,20,0.0
1,1,7.224411585835153,48,-2.5
2,3,3.532443228257769,39,0.0
2,2,1.8524508775669821,33,0.0
2,2,24.00015557955635,29,0.0
2,0,47.91457630492091,11,0.0
2,1,1.9245923303353598,48,0.0
2,3,26.60751083381697,24,0.0
2,2,5.2562010734764115,38,0.0
1,1,8.817452658420514,48,0.0
2,2,26.02930278823951,28,0.0
2,1,32.45245087756697,33,0.0
2,3,17.77302176098912,33,0.0
2,2,36.213685501185026,13,0.0
2,1,30.58232305066873,15,0.0
2,1,7.332089746644165,31,0.0
2,0,27.554677474451786,23,0.0
2,0,29.284171021085115,15,0.0
2,2,98.80586021679544,1,0.0
2,2,31.017422972904622,29,0.0
2,2,34.13842491072786,35,0.0
2,3,12.449503994336524,25,0.0
2,1,20.11738693510918,28,0.0
2,1,4.812603510842509,34,0.0
2,2,35.56522895954986,10,0.0
2,0,15.400054758233498,33,0.0
2,2,32.75598220881045,27,0.0
2,0,19.426010959881673,30,0.0
2,3,8.86577735646771,40,0.0
2,2,8.211844282670118,35,0.0
2,1,13.477486926146383,29,0.0
1,3,3.8824317365759033,29,0.0
2,2,23.213221303778056,26,0.0
2,2,20.566475793322308,25,0.0
2,0,34.30170526980643,19,0.0
2,0,30.113221303778055,26,0.0
2,0,38.58753526718604,15,0.0
2,0,33.66711783115873,22,0.0
2,3,40.971499851937715,11,0.0
2,0,9.08990245088205,34,0.0
2,1,46.70264229778547,5,0.0
2,3,65.62177504691842,21,0.0
1,1,7.681242905814317,25,0.0
2,0,18.725274783779085,30,0.0
2,0,46.38972024795852,7,0.0
2,1,4.689622877793437,39,0.0
2,2,9.326257985652505,36,0.0
2,1,25.082528588965655,38,0.0
2,3,19.142768898348265,37,0.0
2,0,25.95238206721925,29,0.0
1,0,38.962864001571575,36,0.0
2,3,37.712915545045014,36,0.0
2,0,46.3811941355829,35,0.0
1,2,119.09140192125862,49,0.0
2,1,40.977348687526316,10,0.0
2,0,25.65505410760122,36,0.0
2,1,25.91483527118374,21,0.0
2,1,6.120625641655654,32,0.0
2,0,54.26088886903186,33,0.0
2,2,47.5973457907396,6,0.0
2,0,48.19146600340921,2,0.0
2,1,7.589902450882051,34,0.0
2,0,1.7274144982711792,37,0.0
2,3,7.627035902888319,33,0.0
2,1,4.840986772578479,34,0.0
2,2,28.270638933716974,21,0.0
2,3,11.726700707275324,38,0.0
2,3,6.4319544558893345,34,0.0
2,0,10.096701534234256,27,0.0
1,2,92.09020379538842,50,0.0
2,0,5.27147059363684,40,0.0
2,2,22.951954568072427,18,0.0
2,1,18.994821003883068,35,0.0
2,1,10.595145372523344,27,0.0
2,3,17.77891852489481,23,0.0
2,1,29.753949704473538,32,0.0
2,2,22.67112034509091,32,0.0
2,0,4.92554419465667,33,0.0
2,0,61.28839886031349,11,0.0
2,3,0.5323330512721947,38,0.0
2,1,2.965719745925842,39,0.0
2,1,8.131176538653513,37,0.0
2,0,29.37295050803423,24,0.0
2,1,12.804846982540813,36,0.0
2,3,5.249655521488915,40,0.0
2,2,43.097691407428435,15,0.0
2,0,48.78646248318786,10,0.0
2,2,9.606057958855,36,0.0
2,3,9.353681851930194,38,0.0
2,1,19.10258471800127,33,0.0
2,0,12.966476209001627,35,0.0
2,0,42.16837045155365,10,0.0
1,2,113.54450823184061,5,0.0
2,3,42.816370746514586,7,0.0
2,1,11.13117653865352,37,0.0
2,0,39.88637830545507,35,0.0
2,3,25.775777498681236,17,0.0
2,2,30.07555748671799,22,0.0
2,1,41.58251907298309,10,0.0
2,3,48.19918650050676,2,0.0
2,0,27.189154158818113,41,0.0
2,1,15.671365417111456,39,0.0
2,0,16.6226568764158,35,0.0
2,0,38.52087839462026,41,0.0
2,2,3.5884418536881815,38,0.0
2,3,28.028560986098423,32,0.0
2,0,3.0925592987933244,37,0.0
2,0,6.632318989410685,40,0.0
2,3,8.700089044328688,31,0.0
2,3,5.423741524036291,37,0.0
2,2,67.71590381230659,29,0.0
2,1,25.43009633105292,28,0.0
2,0,24.18907791150461,27,0.0
2,3,9.68415977418292,36,0.0
2,1,8.914385099415544,28,0.0
2,1,31.835537148603184,25,0.0
2,0,59.81578505492701,31,0.0
2,3,31.924307387988737,21,0.0
1,2,36.8340542968203,37,0.0
2,2,23.393461063862524,18,0.0
2,2,14.408387123959184,38,0.0
2,3,9.550016616453505,39,0.0
2,0,2.4635888907607826,36,0.0
2,3,60.84437716510072,23,0.0
2,0,44.014025902936055,10,0.0
2,1,38.586054016734934,11,0.0
2,1,27.2404408014333,31,0.0
2,1,5.985316286801613,39,0.0
2,1,2.289154158818143,41,0.0
1,1,28.179815590208303,38,0.0
2,1,21.643643620489733,37,0.0
2,2,34.42852059973098,15,0.0
1,1,2.698106088349848,37,0.0
1,1,42.011833609916245,25,0.0
2,3,102.41113801319379,3,0.0
2,1,13.23949796001406,25,0.0
2,3,15.92828922041264,38,0.0
2,2,8.792559298793307,37,0.0
2,3,35.3416433312665,26,0.0
2,1,23.809790654346124,37,0.0
2,1,40.98605401673494,11,0.0
2,3,49.33394201047228,37,0.0
2,1,17.167455109614217,38,0.0
2,3,9.847524666323846,41,0.0
2,1,7.322455289555229,36,0.0
2,0,38.58585242987436,12,0.0
2,0,25.628359399237844,33,0.0
2,2,1.088952571957563,42,0.0
2,2,39.8914833033278,28,0.0
2,2,14.212302982203777,37,0.0
2,1,19.243442033629155,38,0.0
2,2,42.803944461508564,12,0.0
2,0,25.08423410145329,19,0.0
2,1,46.933740423611695,38,0.0
1,2,119.09984880985456,40,0.0
2,0,23.569436546393135,20,0.0
2,0,23.062176327585988,36,0.0
1,1,45.135672404930624,38,-2.5
2,0,32.47000731763217,39,0.0
1,1,70.20269600017852,38,-2.5
2,2,27.242619416529266,28,0.0
2,1,24.971431682794247,34,0.0
2,0,2.5430261729773775,35,0.0
2,3,22.76516942966998,40,0.0
2,2,49.877963209065484,35,0.0
2,3,6.9783827401321865,30,0.0
2,3,31.278743409951872,39,0.0
2,2,19.937235802505466,24,0.0
2,0,32.293893056887185,38,0.0
2,2,32.17838274013218,30,0.0
2,1,5.748658516974221,39,0.0
1,2,106.06155351203464,51,0.0
2,3,10.83929637315348,26,0.0
2,3,24.840239214572723,32,0.0
2,1,22.988876324644032,28,0.0
2,1,1.8081855370986268,39,0.0
2,0,38.03385272483529,9,0.0
2,2,2.9656428467562495,32,0.0
2,1,22.85297910794867,31,0.0
2,1,36.50919776061714,15,0.0
2,2,21.74302617297735,35,0.0
2,1,5.570007317632207,35,0.0
2,2,12.623539937175714,38,0.0
2,1,38.592734570609416,18,0.0
2,0,16.465642846756236,32,0.0
2,3,28.742619416529244,28,0.0
1,0,12.812361272194703,40,0.0
2,1,2.4486585169742145,39,0.0
2,2,9.238661702101414,34,0.0
2,3,9.426195809957871,30,0.0
2,3,4.367771090590414,36,0.0
2,1,31.335706313384577,22,0.0
2,1,11.03642547505962,35,0.0
2,3,2.810066755161981,38,0.0
2,2,22.36720031935134,21,0.0
2,3,28.87650718291008,40,0.0
2,0,28.2617766900095,39,0.0
2,1,17.405949310056812,40,0.0
2,1,5.864901272767839,43,0.0
2,0,31.739205517364127,28,0.0
2,1,52.411630307689144,6,0.0
2,1,23.54669108539928,22,0.0
1,1,75.78572692432786,41,-2.5
2,1,27.366631081617832,26,0.0
2,2,37.81039112380225,34,0.0
2,1,13.346691085399286,22,0.0
2,2,30.20769957146597,19,0.0
2,2,16.84120580658736,39,0.0
2,1,40.11433953537289,15,0.0
2,1,19.033385608057987,30,0.0
2,1,6.974767084813849,40,0.0
2,1,13.36913474081701,35,0.0
2,0,7.445086852421473,43,0.0
2,1,28.940789945935553,36,0.0
2,3,13.74757880255111,41,0.0
2,3,19.438002987530908,33,0.0
2,3,5.229968851615408,37,0.0
2,2,31.267771090590372,40,0.0
2,1,17.697651230426285,33,0.0
2,3,42.80218885565468,14,0.0
2,3,27.9764899950776,35,0.0
2,0,33.8260827858286,17,0.0
2,2,31.89717190975091,42,0.0
2,0,10.526087134400601,33,0.0
1,3,31.6562204900926,43,0.0
2,1,24.17254637149918,33,0.0
1,2,109.7159804020103,52,0.0
2,2,13.786004039785794,40,0.0
2,1,14.00769957146597,19,0.0
2,0,20.147710609116068,31,0.0
1,3,4.3239778078890785,53,0.0
2,1,24.216211033108387,29,0.0
2,1,22.67521841188115,40,0.0
2,3,4.901624056733991,37,0.0
2,0,95.7957062722881,4,0.0
2,1,27.803066271198148,32,0.0
1,2,119.0853453907569,54,0.0
1,2,102.82241176899632,2,0.0
2,2,22.666826617379023,36,0.0
2,2,15.56646456079499,41,0.0
2,2,9.911185029127132,48,0.0
2,0,38.57797351281544,15,0.0
1,1,7.927910946185455,39,0.0
2,0,34.41207701880269,11,0.0
1,0,10.996029492670255,42,0.0
2,2,17.041523921760472,43,0.0
2,0,4.549388124218305,42,0.0
2,2,35.86432398327141,22,0.0
1,0,10.996029492670255,42,0.0
2,3,32.467742656447854,27,0.0
2,3,22.367176865924936,44,0.0
2,2,4.045361793777028,44,0.0
1,0,32.46333262053842,41,0.0
1,1,28.068521909919816,41,0.0
2,1,18.879566510754987,36,0.0
2,3,7.801764231143111,40,0.0
2,2,14.14547781672104,41,0.0
2,3,17.943393723637385,42,0.0
2,1,28.31616683439378,23,0.0
2,3,8.600553254828924,40,0.0
2,2,27.589316299856964,35,0.0
2,1,70.60112615003386,19,0.0
2,2,12.586409831066007,41,0.0
2,3,0.30381197378403413,42,0.0
2,3,9.062182481289742,39,0.0
2,0,50.456187503032886,37,0.0
2,1,17.018463508540105,34,0.0
2,0,18.796671554117587,30,0.0
2,0,16.462928940323007,37,0.0
2,0,95.76138513667483,4,0.0
2,0,8.089910084977816,35,0.0
1,3,27.829087703025515,45,0.0
2,1,42.76695414327173,7,0.0
2,2,9.504941081057492,44,0.0
2,2,8.7558213909439,42,0.0
1,3,11.864269393497706,25,0.0
2,1,10.371522522043186,21,0.0
1,2,66.03762603703474,10,0.0
2,3,46.68121556571207,5,0.0
1,1,59.97388604283009,41,-2.5
2,3,2.1102452405096432,42,0.0
2,2,55.40576230177555,27,0.0
2,0,95.76138513667483,4,0.0
2,1,27.18620865105366,20,0.0
2,0,18.18620865105366,20,0.0
2,1,18.82488635132849,44,0.0
2,0,7.749826990363031,42,0.0
2,1,1.6953271471471114,39,0.0
2,3,9.95798722675094,28,0.0
2,2,7.426756153205423,43,0.0
2,0,18.024974027435604,40,0.0
2,2,48.17268619576599,6,0.0
2,0,28.377055376540394,18,0.0
2,0,20.405028757164576,41,0.0
2,3,40.375453258266354,8,0.0
2,0,37.68662955264261,11,0.0
2,1,16.9329576913942,37,0.0
2,3,21.801825938108145,35,0.0
2,2,16.066515843822803,44,0.0
2,1,29.455529117408535,28,0.0
1,2,55.80755649282,54,0.0
2,0,4.959938836049053,36,0.0
2,2,6.709262038636234,36,0.0
2,2,5.889586680980391,44,0.0
2,1,10.557406300292559,43,0.0
2,0,37.36133594238346,16,0.0
2,2,1.793704126085528,44,0.0
2,1,7.383915684396943,41,0.0
2,0,0.433763424439757,45,0.0
2,3,13.617436627563995,38,0.0
2,0,20.223941751570703,23,0.0
1,3,25.90452338848823,46,0.0
2,3,17.47776161659345,25,0.0
2,1,11.251842163172258,37,0.0
2,2,12.941482471752844,37,0.0
2,2,31.03803206476951,19,0.0
2,0,17.67749282112658,43,0.0
2,1,4.737019841251001,43,0.0
1,2,110.33163779648143,4,0.0
2,1,67.1698975589707,32,0.0
2,2,34.94550278297984,8,0.0
2,0,37.36783508640688,12,0.0
2,1,15.839926310041951,37,0.0
2,2,11.432694587928156,40,0.0
2,3,30.856921937704413,43,0.0
2,0,8.937019841251006,43,0.0
1,2,59.97741533837536,56,0.0
2,1,17.696087826906012,43,0.0
2,3,10.881610266231744,39,0.0
2,3,28.266776844578747,25,0.0
2,2,16.65621211334462,46,0.0
2,3,7.713949004093406,44,0.0
1,2,69.88156220140871,11,0.0
2,2,46.412123704505966,40,0.0
2,2,30.171453720681644,32,0.0
2,2,12.55237424132809,42,0.0
2,1,27.144302957157347,19,0.0
2,1,10.51279249147471,41,0.0
2,3,16.792221608052557,41,0.0
1,2,110.33163779648143,4,0.0
2,1,14.591010631738365,40,0.0
2,2,4.19222160805258,41,0.0
2,1,2.2518421631722525,37,0.0
2,0,8.84728156430255,32,0.0
2,1,96.34563094728101,9,0.0
2,1,90.94631628247306,6,0.0
1,1,1.3446690324198927,32,0.0
2,1,25.387164952319004,32,0.0
2,3,36.82031760748018,32,0.0
1,0,9.158987000308986,44,0.0
2,2,36.41493399345639,24,0.0
2,1,15.581813412101022,35,0.0
2,3,6.936133934530232,41,0.0
2,1,5.950084804220392,42,0.0
2,3,36.70336597914765,9,0.0
2,1,28.022013576686927,44,0.0
2,2,7.836133934530234,41,0.0
2,3,14.350084804220371,42,0.0
2,3,64.0023997257662,35,0.0
1,1,62.10242721984936,45,-2.5
2,2,19.822319335419966,34,0.0
2,1,33.102166153325165,20,0.0
2,3,3.5706556876425353,42,0.0
2,0,18.479956977322132,24,0.0
2,1,29.52055022515548,14,0.0
1,1,16.69468752530301,44,0.0
1,0,16.69468752530301,44,0.0
2,1,44.4936720611046,44,0.0
2,0,8.775650072277744,47,0.0
2,1,18.41407530951243,47,0.0
2,0,5.350710417371503,43,0.0
2,3,48.697796972550755,8,0.0
2,1,34.30162022369696,15,0.0
2,2,26.87712998667513,31,0.0
2,2,16.945028148486827,33,0.0
2,0,6.279055212252916,43,0.0
2,0,15.70514476047037,33,0.0
2,1,96.32511077678477,2,0.0
2,0,44.20999457397668,15,0.0
2,1,22.97699609358267,36,0.0
2,3,48.43585278693346,46,0.0
2,2,18.370931601773478,24,0.0
2,0,3.8993248511642484,34,0.0
1,1,14.760081269566625,45,0.0
2,1,15.253951023073826,44,0.0
2,2,39.69064196182875,17,0.0
2,0,36.99392335995506,23,0.0
2,3,25.697789506209748,38,0.0
2,1,12.322319335419973,34,0.0
2,2,2.6090651137683034,46,0.0
2,0,17.339676608268856,36,0.0
2,0,14.156379246001142,44,0.0
2,3,6.436512529913094,45,0.0
2,3,12.656134046713333,25,0.0
2,1,40.29029216722481,43,0.0
2,1,19.750710417371483,43,0.0
1,0,8.227384397434845,45,0.0
1,2,119.06602227929208,46,0.0
2,3,17.305406789760934,44,0.0
2,3,7.530346444667195,48,0.0
2,1,12.406563302379627,46,0.0
2,2,2.1018342933793788,35,0.0
2,3,2.6536968549134157,43,0.0
1,1,5.606715821823428,45,-2.5
1,3,15.760709804595098,45,0.0
2,2,5.191208902302546,46,0.0
2,2,18.699724520876277,34,0.0
2,0,5.6908303069196835,42,0.0
2,2,13.907036719465877,38,0.0
2,3,30.63412844331905,24,0.0
2,3,39.68039465496414,14,0.0
2,3,22.184420045686984,41,0.0
2,2,5.789805363913044,39,0.0
1,2,119.06602227929208,27,0.0
2,2,48.13362797047336,2,0.0
2,3,27.476729434452242,32,0.0
2,0,22.061397294570714,31,0.0
2,1,31.856316596086405,16,0.0
2,2,2.7644017317295164,39,0.0
2,2,34.85521818878511,17,0.0
2,3,51.82251462967039,39,0.0
2,3,10.77862967521511,30,0.0
2,0,10.555577385264604,35,0.0
2,1,5.22650857265067,46,0.0
2,1,65.34727471134383,19,0.0
2,3,3.7855765583056735,46,0.0
2,0,1.2114011903418482,41,0.0
2,1,35.160719245593256,13,0.0
2,2,45.99054915932291,47,0.0
2,2,4.369717234152035,38,0.0
2,2,26.362070680469312,48,0.0
2,2,1.7869846275003265,38,0.0
2,1,23.455232199867854,43,0.0
2,0,30.575046620214206,47,0.0
2,2,23.0509829401952,44,0.0
1,1,26.760709804595095,45,0.0
2,3,61.55709609815565,36,0.0
2,3,8.880690245863123,32,0.0
2,3,2.654021223553694,35,0.0
2,2,46.252493344940206,9,0.0
1,1,14.760709804595098,45,0.0
2,0,34.550591633326775,21,0.0
1,2,119.06602227929208,58,0.0
2,2,35.25402122355368,39,0.0
2,0,28.835294255969067,20,0.0
2,2,37.22478086617896,15,0.0
2,1,16.27607867718694,38,0.0
2,2,13.771879773228463,27,0.0
2,0,2.5299627695204974,47,0.0
2,2,11.33521651813451,43,0.0
2,1,27.57968046718389,21,0.0
2,0,42.60845651438351,16,0.0
2,1,16.72880625690181,42,0.0
2,1,10.474382407336085,41,0.0
2,0,28.196954858441973,23,0.0
2,1,28.71931880107777,31,0.0
2,1,2.7740203507520738,46,0.0
1,1,5.151442834603326,47,-2.5
2,2,2.984132196438096,40,0.0
2,3,30.614099096794856,23,0.0
2,1,3.8529175837340803,49,0.0
2,0,71.6249293158056,15,0.0
2,2,4.50878794294434,40,0.0
2,0,7.3815996606816014,47,0.0
2,1,19.72880625690181,42,0.0
2,3,5.5697382712468,44,0.0
2,3,7.574020350752059,46,0.0
2,1,27.026019298497154,39,0.0
2,3,0.13443860089868576,46,0.0
2,1,1.7352165181345136,43,0.0
2,1,8.809320021100186,45,0.0
2,0,12.351393984709462,34,0.0
2,1,6.535216518134517,43,0.0
2,0,1.364162824056652,37,0.0
2,1,23.323722624350832,28,0.0
2,2,26.875298446404912,32,0.0
2,2,8.104227344074637,35,0.0
2,3,39.59275464470887,46,0.0
2,3,37.49300594355934,25,0.0
2,1,12.574656408568496,35,0.0
1,1,2.526647551080089,36,0.0
2,3,8.451422930680712,39,0.0
2,2,18.28088753134279,26,0.0
2,3,7.128806256901841,42,0.0
1,2,119.05828965841111,28,0.0
2,3,41.105408926101106,9,0.0
2,1,19.527221828330383,34,0.0
2,0,48.90488592872646,8,0.0
1,1,21.175007467873975,45,-2.5
2,1,4.5389739015988155,47,0.0
2,3,31.480149701561263,47,0.0
2,2,11.738973901598797,47,0.0
2,0,7.880735200658055,38,0.0
2,1,15.51688805380419,28,0.0
2,1,30.816888053804195,28,0.0
2,0,15.555630341730934,38,0.0
2,2,11.879715676941268,29,0.0
2,1,45.246490589946156,38,0.0
2,2,0.4496745741851922,60,0.0
2,2,34.134732826008744,20,0.0
2,1,5.754328301675895,46,0.0
2,3,98.74500828057573,1,0.0
2,2,45.279943651113456,49,0.0
2,0,38.33438303140481,46,0.0
2,2,4.855331568474557,39,0.0
2,2,3.180224798710234,44,0.0
2,3,20.56639054563825,34,0.0
2,3,2.597925864309807,50,0.0
2,2,26.851465172259864,50,0.0
2,3,46.89454957237786,3,0.0
2,3,39.541988630161036,11,0.0
2,2,18.321220850855127,34,0.0
1,1,10.877755673438012,47,0.0
2,3,14.273814537477536,43,0.0
2,3,8.695957794170184,48,0.0
2,0,16.056598611336163,32,0.0
2,0,47.64989420930218,9,0.0
2,3,48.83067582196831,47,0.0
2,0,38.65041720667683,10,0.0
2,3,29.055831193607375,16,0.0
2,0,35.63325643984271,39,0.0
2,3,19.068730904926568,29,0.0
2,2,49.774963942740314,32,0.0
2,0,7.192964692086182,44,0.0
2,2,4.289693440215433,41,0.0
2,1,62.77185161931852,36,0.0
2,3,5.201952194751069,48,0.0
2,3,17.23481260155361,32,0.0
2,1,29.59546020118067,26,0.0
2,0,24.097571579500865,47,0.0
2,1,13.074082201319303,29,0.0
2,2,2.5222273260071466,47,0.0
2,1,1.900609862859358,38,0.0
2,3,29.601806828090766,20,0.0
2,3,3.4407584740946735,44,0.0
2,0,11.193689878789531,41,0.0
2,2,23.20104615814168,34,0.0
1,0,119.06789561063634,9,0.0
2,0,8.740961619963953,40,0.0
2,2,13.877061165643136,33,0.0
2,1,7.453151941685297,49,0.0
1,0,25.192436433564474,47,0.0
2,2,35.89192697352386,21,0.0
2,2,36.21349524326942,24,0.0
1,1,8.945651284074346,48,0.0
2,0,18.1060970622675,33,0.0
2,3,28.216070145567343,48,0.0
2,3,15.498287382042141,22,0.0
2,1,13.728221726588009,41,0.0
2,0,7.883802088772441,49,0.0
2,2,4.437797541608209,49,0.0
2,3,39.521686787223935,18,0.0
2,1,6.951369815915488,46,0.0
2,1,6.776935083972859,51,0.0
2,2,11.25741905840845,29,0.0
2,1,47.03713779862857,50,0.0
2,2,6.776584835426926,43,0.0
2,0,40.70184904674623,14,0.0
1,1,8.01104502833796,49,0.0
2,1,32.59520837165017,27,0.0
2,1,4.937418946225347,45,0.0
2,0,7.2975715795008735,47,0.0
1,1,8.945651284074346,48,0.0
2,0,1.4961680491139289,48,0.0
2,2,25.08773173086334,22,0.0
1,2,90.85305246729932,61,0.0
2,2,44.56364413521157,40,0.0
2,2,13.017378456158749,30,0.0
2,2,15.236182176593152,49,0.0
2,2,19.681794634600895,19,0.0
2,2,22.63557140063718,23,0.0
2,0,13.260590077366071,43,0.0
2,1,6.1119996488397055,38,0.0
2,3,1.831900097087938,47,0.0
2,0,7.585177712271071,34,0.0
2,3,0.25612744686422695,49,0.0
2,2,7.883563744865387,39,0.0
2,2,20.18588445019197,31,0.0
2,0,11.288181124338308,42,0.0
2,0,8.372485113739968,41,0.0
2,1,20.589383654171524,37,0.0
2,2,9.16178023692383,47,0.0
2,1,9.436818234409635,38,0.0
2,3,0.660569260609656,39,0.0
2,1,25.033794339639947,22,0.0
2,3,26.847691128613636,23,0.0
2,1,9.060244891969383,47,0.0
2,2,7.781314119538709,52,0.0
2,0,10.81937359255985,44,0.0
2,1,13.590968082742949,45,0.0
2,1,0.23305660970663156,50,0.0
2,3,11.071481846941325,48,0.0
2,2,38.80918247440823,31,0.0
2,2,22.857530977251162,48,0.0
2,1,12.373752156601576,34,0.0
2,3,7.50092101771427,41,0.0
1,2,119.06996954831273,31,0.0
2,1,7.71358475652185,42,0.0
2,1,4.48769142384491,51,0.0
1,0,2.624756967390227,51,0.0
1,1,18.924078114966335,37,0.0
2,0,28.923948293213925,26,0.0
2,2,6.48217044035028,43,0.0
2,1,9.965454906035111,32,0.0
2,0,6.2695067015427,42,0.0
2,2,32.25552837584853,19,0.0
1,2,23.33884524474852,49,0.0
1,2,119.07643926287132,63,0.0
2,1,2.0400675307697504,49,0.0
2,0,6.744527551039002,52,0.0
2,3,26.533103356008713,25,0.0
2,2,34.927704939274065,23,0.0
2,1,36.42012226049866,49,0.0
2,0,4.416415051062127,43,0.0
2,0,43.22918758742628,6,0.0
2,0,0.4816970232640332,51,0.0
2,3,26.3203878773698,48,0.0
2,3,4.880585332668136,39,0.0
2,3,9.387898561452833,45,0.0
2,2,9.516415051062115,43,0.0
2,3,38.662333677004796,14,0.0
2,0,6.042723403551899,41,0.0
2,3,6.038982883149255,47,0.0
2,0,3.544615227146095,50,0.0
1,0,44.423474626998946,18,0.0
2,1,7.440067530769747,49,0.0
2,0,31.604157084465616,24,0.0
2,1,21.30956705863273,35,0.0
2,3,1.2836650934036546,53,0.0
2,1,4.8088853055267595,49,0.0
2,3,33.73615643577067,13,0.0
2,3,40.577768158236665,32,0.0
2,3,22.002380023468387,23,0.0
2,3,16.293982232516978,50,0.0
2,3,18.851863155336638,37,0.0
2,3,10.93036592075226,48,0.0
2,2,9.54989980336714,53,0.0
2,0,9.012928096809553,36,0.0
2,3,42.37805072079856,15,0.0
2,2,44.41902837822014,35,0.0
2,2,28.586697570629312,21,0.0
2,1,25.715609765542197,51,0.0
2,3,41.821740734724095,9,0.0
2,0,35.23200081997221,17,0.0
2,1,6.976887047075764,30,0.0
2,1,7.162770825325134,52,0.0
2,3,23.19527026143839,28,0.0
2,2,31.286276621451613,19,0.0
2,2,18.175136785666602,51,0.0
1,1,8.760067125870263,51,0.0
2,0,9.094329057760245,54,0.0
2,0,37.5723186683043,16,0.0
2,1,6.190491185743713,50,0.0
2,3,36.690248322224484,22,0.0
2,0,33.686057093369975,13,0.0
2,0,19.54491445763345,31,0.0
2,3,0.9099774215453742,47,0.0
2,2,16.402286810310603,38,0.0
2,1,20.13638779496113,32,0.0
2,0,8.709977421545346,47,0.0
2,0,5.191573176086235,29,0.0
2,1,30.35458073943958,25,0.0
2,2,1.2559038205255613,54,0.0
2,0,23.451185350021284,31,0.0
2,3,10.030250876361066,53,0.0
1,0,59.47506224628058,13,0.0
2,1,38.85918534633171,8,0.0
2,1,27.980817783298914,17,0.0
2,2,0.08701794488997816,47,0.0
2,2,28.269419323910522,43,0.0
2,1,23.49199407767518,20,0.0
2,1,24.28001489469437,37,0.0
2,1,5.494951206012967,53,0.0
2,0,7.390491185743721,50,0.0
2,1,1.9520659485090315,52,0.0
2,1,7.032594095324238,44,0.0
2,1,22.176540316053558,50,0.0
1,0,99.06281774123048,1,0.0
2,3,8.104187051073467,36,0.0
2,1,8.338382931362247,46,0.0
2,1,11.7952702614384,28,0.0
2,2,36.9739258093524,51,0.0
2,0,58.4728320872022,25,0.0
2,2,93.18117116464353,5,0.0
2,2,15.676149009185128,27,0.0
2,1,5.11587856100908,33,0.0
2,0,13.704116179811937,47,0.0
2,1,36.330757377428846,17,0.0
2,0,6.388689585485613,54,0.0
2,1,1.6926434804461838,52,0.0
2,1,7.327858033035063,41,0.0
2,1,22.553708970562937,29,0.0
2,0,38.73236451847695,52,0.0
1,1,0.5797148732000346,51,-2.5
1,2,119.0688290318434,52,0.0
2,0,19.820715145147908,25,0.0
2,1,35.72898462459717,51,0.0
2,3,39.38017944384864,10,0.0
2,2,29.432615817327413,31,0.0
2,2,6.04839781671242,46,0.0
2,1,1.848397816712427,46,0.0
2,1,8.074826391902597,49,0.0
2,3,19.734979025178106,51,0.0
2,1,5.3953972753247506,48,0.0
2,1,39.22062564104203,10,0.0
2,1,6.148929894868267,51,0.0
2,2,2.9925274575021774,55,0.0
2,1,3.014342529650108,55,0.0
1,1,15.05572488804022,39,0.0
2,2,32.44449580249452,14,0.0
2,3,11.927943150794317,50,0.0
2,2,1.717467877182454,50,0.0
2,1,30.58735681585603,21,0.0
2,0,16.16313889039074,33,0.0
2,3,5.16937365976,48,0.0
2,3,7.057110096600246,38,0.0
2,3,9.554769563508705,64,0.0
2,3,4.639195273223313,54,0.0
2,2,18.25566093384399,27,0.0
2,0,6.582214955527375,43,0.0
2,2,3.5729605632598034,55,0.0
2,3,38.82950840013136,18,0.0
2,0,17.9619244998596,52,0.0
2,2,95.62008953320681,4,0.0
2,1,20.045994652037866,33,0.0
2,3,3.132044360023726,52,0.0
2,3,6.151989630294751,51,0.0
2,3,3.0562717098000203,53,0.0
2,2,1.7351689427820063,56,0.0
2,2,0.5377131886533664,53,0.0
2,3,32.73308101437662,19,0.0
2,2,23.077967241480174,32,0.0
2,3,8.264431946187932,39,0.0
2,2,7.094227252930283,44,0.0
1,2,46.10951108685598,21,0.0
2,0,4.135168942782035,56,0.0
2,3,12.732044360023709,52,0.0
2,3,6.780334425176182,51,0.0
2,3,14.679206217489922,30,0.0
2,2,7.080679610572881,47,0.0
2,1,7.911473476601566,52,0.0
2,1,17.277620510457975,52,0.0
2,3,9.51900146321485,37,0.0
2,3,12.009473187378335,41,0.0
2,2,2.2798477673026705,54,0.0
1,0,4.337288916279156,54,0.0
2,0,24.820101820129477,33,0.0
2,0,8.261136041864155,38,0.0
2,3,5.953520379143789,56,0.0
1,1,27.745028610825507,55,-2.5
2,3,99.79363842802768,4,0.0
2,1,8.073465649414784,56,0.0
2,2,39.902400119385426,11,0.0
2,2,30.49626571092572,35,0.0
2,1,5.3243495341766796,44,0.0
2,1,45.46224315127386,38,0.0
2,3,35.61553344135802,19,0.0
2,2,8.481329851872593,55,0.0
2,3,0.757841336722525,48,0.0
2,0,37.1292718664237,16,0.0
2,2,14.050405236194422,47,0.0
2,1,6.83848503449212,31,0.0
2,2,25.72068299779441,47,0.0
2,3,34.46495550777781,12,0.0
2,1,12.538165979066672,56,0.0
2,0,30.14370473877502,39,0.0
2,2,10.965932767085729,45,0.0
2,2,7.440060765814055,44,0.0
2,1,8.403425498623664,34,0.0
2,0,4.738165979066684,56,0.0
2,2,13.579033330281344,40,0.0
2,1,5.315095141909108,56,0.0
2,1,2.822469003825496,52,0.0
2,0,23.610167072925503,27,0.0
2,3,8.474178938672997,53,0.0
2,0,3.257489101084977,57,0.0
2,1,14.81975508910728,53,0.0
2,1,6.343538231394824,57,0.0
2,1,35.01714058240612,54,0.0
2,1,1.2735533255219056,52,0.0
2,0,75.41016602162169,15,0.0
2,3,17.625634674626692,30,0.0
2,0,8.228280571873913,39,0.0
2,3,14.78598112296418,42,0.0
2,3,35.26155628750615,28,0.0
2,1,6.427833580749071,55,0.0
2,1,5.456086308600352,48,0.0
2,1,10.221542772077,56,0.0
2,2,33.91185589898507,20,0.0
2,2,5.578697954696527,32,0.0
2,0,31.98408321703475,25,0.0
1,1,58.74712825007819,5,0.0
2,1,8.35856447892473,55,0.0
2,0,6.65175616621405,46,0.0
2,1,4.693733299348197,57,0.0
2,2,22.92326480857657,55,0.0
2,2,16.303520639578643,38,0.0
2,1,35.56424547655705,21,0.0
2,1,34.550856134189445,18,0.0
2,3,33.469484786628094,17,0.0
2,0,8.838981265237745,50,0.0
1,2,63.39422418052861,17,0.0
2,2,23.56157920748696,19,0.0
2,2,0.28333967698585316,62,0.0
2,2,13.925161540367096,48,0.0
2,1,23.560314740333883,34,0.0
2,1,21.808709589992763,44,0.0
2,2,22.666954704240805,30,0.0
2,2,32.557353502610525,55,0.0
2,3,12.459576702443256,31,0.0
2,0,5.8645624543810895,45,0.0
1,2,79.3567092097872,16,0.0
2,1,15.31720850953549,42,0.0
2,1,3.634337129148462,53,0.0
2,1,8.752932134927896,53,0.0
2,3,21.7002557222563,29,0.0
2,3,4.920933188265985,34,0.0
2,0,5.747281280990186,40,0.0
2,1,44.95403174246452,6,0.0
2,0,33.41541710554973,18,0.0
1,2,115.1712098633315,69,0.0
2,3,35.65778821790669,21,0.0
1,2,66.48132566560515,18,0.0
2,0,49.77427446981323,52,0.0
2,0,31.015417105549712,18,0.0
2,0,53.11921311681419,34,0.0
2,0,6.285389914375581,41,0.0
2,3,4.906616130774586,30,0.0
2,3,3.7961987182158294,49,0.0
2,3,49.15014065761748,5,0.0
2,1,3.892130837504882,57,0.0
1,1,1.4518978456236782,56,0.0
1,2,95.21835379824944,55,0.0
2,0,1.1198511979234682,55,0.0
2,3,3.3187665503029686,53,0.0
2,0,5.511779913752721,32,0.0
1,1,8.28391586533162,43,0.0
2,1,16.91177991375272,32,0.0
2,0,0.5198511979234492,55,0.0
2,1,2.543634340211012,59,0.0
2,1,31.615636633631357,24,0.0
2,3,21.12693769272252,24,0.0
2,3,2.494663373261374,50,0.0
1,1,56.80657748926941,6,0.0
2,0,18.699905927652363,55,0.0
2,1,17.966318578379912,56,0.0
2,3,18.124630273618138,33,0.0
2,3,32.428781617383954,22,0.0
2,3,23.14304303982429,20,0.0
1,2,86.47711941646546,70,0.0
2,1,2.959698088879624,41,0.0
2,2,3.782319273362898,51,0.0
2,1,36.71564829541136,14,0.0
2,3,3.2330032651332026,56,0.0
1,2,119.04532720267494,70,0.0
1,1,8.420256648414266,56,-2.5
2,0,19.776555895400175,40,0.0
2,2,26.813846684002595,44,0.0
2,0,6.086713825440728,59,0.0
2,2,88.89802423995509,5,0.0
2,1,22.507648299100943,37,0.0
2,2,16.117356591520775,43,0.0
1,1,54.85190469194434,7,0.0
2,0,32.47820368380374,15,0.0
2,1,13.257266922482952,27,0.0
1,1,0.4972250482986119,57,0.0
2,0,14.69695337532044,37,0.0
2,1,19.81104368851924,31,0.0
2,3,6.594785165506457,52,0.0
2,0,14.43458897216517,34,0.0
2,2,5.690551697457276,60,0.0
2,3,1.270737277110924,60,0.0
1,2,98.41497668933746,56,0.0
2,2,13.102157607599533,57,0.0
2,3,19.227358659156213,30,0.0
2,1,3.3375977102026244,47,0.0
2,3,3.6482561748784033,48,0.0
2,1,9.051733210518062,34,0.0
2,1,5.811654464475253,57,0.0
2,2,8.04961000760553,48,0.0
1,2,119.04532720267494,9,0.0
2,1,30.34671127130414,28,0.0
2,3,21.48680150154783,55,0.0
2,2,31.91158944721871,14,0.0
2,1,23.920714106091495,58,0.0
2,1,2.767831661202131,44,0.0
2,2,45.19990536899319,42,0.0
2,3,93.07979679636863,5,0.0
2,1,7.172450166859296,36,0.0
2,2,27.867153612224662,26,0.0
2,0,2.8492054637289788,49,0.0
2,0,13.125791448406503,38,0.0
2,3,5.066275499491223,47,0.0
2,2,4.84917045612864,53,0.0
2,1,41.37417026029393,11,0.0
1,0,119.04331053127005,10,0.0
2,3,28.161694774071975,24,0.0
2,3,29.961652555416517,30,0.0
2,3,7.41496573915067,61,0.0
2,1,7.940867704379748,43,0.0
2,0,1.3189920695919528,59,0.0
2,0,3.2175099850220064,58,0.0
2,0,8.919199207199835,53,0.0
2,0,7.926554461460444,53,0.0
2,2,1.1577640378488172,37,0.0
2,3,17.860891885467424,44,0.0
2,1,2.4807889745007814,65,0.0
2,1,1.7962397305444555,52,0.0
2,3,72.14782823934102,19,0.0
2,3,1.0949488507201282,33,0.0
2,2,33.64840518857095,15,0.0
2,0,11.91296299356368,36,0.0
2,3,7.785517284920429,72,0.0
2,3,4.056014948552088,54,0.0
2,1,0.7895731009806704,61,0.0
1,2,61.857387403750884,72,0.0
2,1,20.412731614245324,59,0.0
2,2,34.76793338104686,56,0.0
2,1,6.7732463041049105,54,0.0
2,3,93.78833271994553,3,0.0
2,1,16.548031284593463,57,0.0
2,2,19.497271331537327,53,0.0
2,2,42.43303143373617,15,0.0
2,0,0.8272633972225347,48,0.0
1,2,119.05261180601418,60,0.0
2,0,1.9735965526508417,62,0.0
2,2,4.568602168015627,57,0.0
2,0,1.5046474025543675,45,0.0
2,2,13.027670153670618,55,0.0
2,2,5.995735986582867,53,0.0
2,1,14.859426579234261,52,0.0
2,2,25.86302672082546,50,0.0
2,0,18.50131245952074,24,0.0
2,1,41.74236446241006,9,0.0
2,1,7.054080527086429,40,0.0
2,0,17.81829672819785,61,0.0
2,0,14.900112633698262,35,0.0
1,1,4.593147385582829,59,0.0
1,1,68.99131588351791,9,-2.5
2,3,36.505328493612105,57,0.0
2,3,8.312337686521017,52,0.0
2,0,25.627507306425105,25,0.0
2,2,14.085426397158706,58,0.0
2,2,17.950126726810566,60,0.0
2,0,13.637507746263504,36,0.0
2,3,8.550039050703488,62,0.0
2,3,3.934342075462301,58,0.0
2,2,12.911557455738977,46,0.0
2,1,17.529459792878423,36,0.0
2,0,19.90813878256253,41,0.0
2,3,23.81477366386794,39,0.0
2,0,13.917146540676859,40,0.0
2,2,5.980944168973769,54,0.0
2,1,44.86621467149866,45,0.0
2,2,68.42203909325849,21,0.0
2,0,22.329264952893404,39,0.0
2,1,18.346144894386683,43,0.0
2,1,45.45574614802908,11,0.0
2,3,3.3478493400945024,45,0.0
2,3,5.4150785582972265,45,0.0
2,1,17.37069761023273,60,0.0
2,1,29.225983554767097,33,0.0
2,1,3.437507746263505,36,0.0
2,1,14.765065266235862,56,0.0
2,1,36.44838111421141,13,0.0
2,2,16.633239358919365,24,0.0
1,2,119.04567684732393,61,0.0
2,3,21.342342793633186,40,0.0
2,1,8.250481527250916,74,0.0
2,0,24.355076436190352,26,0.0
2,1,1.4985355354648557,43,0.0
2,3,26.753552684532345,34,0.0
2,3,1.615251069780023,54,0.0
1,2,68.51761553515887,74,0.0
2,3,2.661911205227546,59,0.0
2,0,6.849016359816485,63,0.0
2,1,17.76935454508509,31,0.0
2,0,9.7577937601224,61,0.0
2,2,16.26618398543846,36,0.0
2,2,7.015251069780014,54,0.0
2,3,5.4726160820436505,55,0.0
2,2,38.007328704740544,11,0.0
2,0,11.753202889928394,60,0.0
2,1,4.538560794981315,64,0.0
1,2,119.04567684732393,74,0.0
2,0,27.332418493961313,31,0.0
2,3,7.559060558463051,55,0.0
2,0,24.012523556508803,24,0.0
1,2,75.27052626081301,30,0.0
2,1,10.49701237861144,61,0.0
2,3,39.75113819342359,12,0.0
2,2,31.50039227249122,62,0.0
2,3,44.72712476647737,13,0.0
2,1,9.90335351021458,41,0.0
2,0,1.2866771887087696,42,0.0
2,3,8.783716304969309,54,0.0
2,0,39.2418051647497,18,0.0
2,3,8.071380920772272,42,0.0
2,3,3.081657978534375,62,0.0
2,3,8.526292080601303,62,0.0
2,1,21.604456354387153,37,0.0
2,1,2.9820200351184436,57,0.0
2,2,45.784597878708716,9,0.0
2,3,25.808591097455952,40,0.0
1,0,53.33101200282271,12,0.0
2,3,6.942037724839977,57,0.0
2,1,11.016798148824748,36,0.0
2,1,8.579873031391479,45,0.0
2,2,17.917045408254403,44,0.0
2,1,6.397775286659769,50,0.0
2,1,4.330353855743109,65,0.0
2,0,14.58408741670292,46,0.0
2,2,33.54664794439635,54,0.0
2,0,25.609328459082576,54,0.0
2,2,45.54664794439639,54,0.0
2,3,13.405728317491374,56,0.0
2,3,13.364598466454964,65,0.0
2,1,4.599813027610029,49,0.0
2,0,4.758323528142647,66,0.0
2,0,14.179604235924602,63,0.0
2,3,7.263820087844881,63,0.0
2,3,23.346119104699532,41,0.0
2,1,8.36626179531714,63,0.0
2,0,52.336826557584594,37,0.0
2,0,6.860840463142736,53,0.0
2,0,5.9447840461086265,61,0.0
2,1,8.573971891927732,59,0.0
2,2,8.73181902317754,76,0.0
2,1,1.657141528908265,54,0.0
2,3,1.2391312560490064,63,0.0
2,3,25.485735205106486,21,0.0
2,3,8.034540385855019,62,0.0
2,0,6.80890892801585,43,0.0
2,2,17.950574561127034,26,0.0
2,2,15.169706733182695,28,0.0
2,1,5.58840121171419,54,0.0
2,2,43.799569722340166,53,0.0
2,0,7.914273212985867,55,0.0
2,1,34.81622694923862,14,0.0
2,1,4.681514326541729,58,0.0
1,2,114.79513393573968,6,0.0
2,2,2.2285137851540586,60,0.0
2,3,34.96548102830625,64,0.0
1,2,108.71650134688359,77,0.0
2,2,28.571166461354096,20,0.0
2,1,7.962931550218311,38,0.0
2,0,8.592359192357149,34,0.0
2,3,6.762101134426473,63,0.0
2,0,6.224149314278092,57,0.0
2,3,11.568442266029606,43,0.0
2,0,6.152406850781285,39,0.0
2,2,14.86573232715673,43,0.0
2,1,2.8256439673314713,67,0.0
2,3,28.91974703216448,46,0.0
2,3,20.249492896859046,24,0.0
2,0,14.192992436683188,40,0.0
2,3,6.019896334429223,47,0.0
2,2,11.496876517379622,36,0.0
2,3,39.90485565006929,43,0.0
2,2,1.3221930085755802,58,0.0
2,2,9.093128568520365,42,0.0
2,2,12.10170011606417,35,0.0
2,0,7.982827098229995,78,0.0
2,2,5.817269870369595,65,0.0
2,0,1.3818412514709366,58,0.0
1,2,80.54915933782095,78,0.0
2,1,4.306575721521098,43,0.0
2,0,0.7221930085755608,58,0.0
2,2,49.81977207867425,3,0.0
2,2,12.667806223877212,38,0.0
2,3,5.208611029513625,60,0.0
2,3,4.393045799892432,59,0.0
2,3,4.311848538195191,55,0.0
2,0,12.61560654150742,67,0.0
2,3,6.024979966980187,61,0.0
2,2,5.231315131063928,65,0.0
2,0,15.035095491755374,48,0.0
2,3,42.57313396100474,12,0.0
2,3,8.177061241421184,45,0.0
2,0,7.195017440129227,51,0.0
2,1,3.3554929716756363,45,0.0
2,2,14.415492511156152,50,0.0
2,0,13.769955425883587,49,0.0
2,2,10.826749526638821,45,0.0
2,2,32.164558675326376,18,0.0
2,1,14.70291341743507,47,0.0
1,0,40.38843423233843,48,0.0
2,3,21.550554151742755,65,0.0
2,2,29.87453420984783,16,0.0
2,1,7.7896995948815135,66,0.0
2,2,5.909853193169765,51,0.0
2,3,5.124291417296435,44,0.0
2,2,30.365969014744326,68,0.0
2,1,6.632282381136042,42,0.0
2,3,45.83239719619748,59,0.0
2,0,4.220408395035687,65,0.0
2,1,3.046708472323404,56,0.0
2,0,40.10799389513295,13,0.0
2,0,5.372580473595081,57,0.0
2,3,6.659433144660332,55,0.0
1,2,119.05114495059615,66,0.0
2,2,14.402666158005426,39,0.0
2,0,5.92987737425744,52,0.0
2,3,14.829441078975112,60,0.0
1,1,48.28739685967231,15,-2.5
1,2,90.03758957239425,66,0.0
2,3,3.682456574887306,59,0.0
2,2,6.108297031458866,55,0.0
2,3,4.7208379651844865,51,0.0
2,2,12.548578169754576,39,0.0
2,2,2.272696394105477,49,0.0
2,1,8.662131662871353,70,0.0
2,2,5.35022250668408,43,0.0
2,1,1.759375781197349,45,0.0
2,0,16.140222066845688,32,0.0
2,3,0.41871204100144355,65,0.0
2,2,7.72748842428852,46,0.0
2,0,2.234161990471815,69,0.0
2,2,13.883412370653309,67,0.0
1,2,96.56281828491208,29,0.0
2,3,5.125186340034045,54,0.0
2,0,4.344342921164671,66,0.0
2,0,1.8458458595686835,61,0.0
2,1,9.53450307252714,41,0.0
2,1,49.072572138350495,5,0.0
2,1,5.0286469105662945,66,0.0
2,3,4.090520599143119,58,0.0
2,3,4.902729028311649,55,0.0
2,2,4.87977501477406,62,0.0
2,2,21.66760403953691,31,0.0
2,0,7.416488184234664,68,0.0
2,3,13.683795326001047,33,0.0
2,2,10.689803277632645,38,0.0
2,1,3.9709871309493714,65,0.0
2,2,3.5009795720088857,38,0.0
2,2,22.721916333329673,26,0.0
2,2,24.028603804332533,33,0.0
1,2,119.04927974512087,81,0.0
2,1,10.077062645681345,47,0.0
2,2,2.8845725140789558,45,0.0
2,3,8.00244292354033,68,0.0
2,3,18.786232691975563,30,0.0
2,0,3.9000012160680715,68,0.0
2,1,8.895445860043989,45,0.0
2,3,29.124847328890354,18,0.0
2,2,7.054756338045173,42,0.0
2,0,5.702462408916194,55,0.0
2,0,8.207223521451004,52,0.0
2,2,2.574604536338958,46,0.0
2,3,12.178165489853924,43,0.0
2,2,7.082595500178565,44,0.0
1,0,37.53429250530953,51,0.0
2,1,10.474678729326037,67,0.0
2,3,10.327867187840548,44,0.0
1,2,99.02700710431382,69,0.0
2,2,27.711040644273893,43,0.0
1,1,37.93325513264341,18,-2.5
2,1,49.557234080153044,8,0.0
2,0,0.5701965011411017,63,0.0
2,3,12.335397226554017,52,0.0
2,1,16.918712125045758,45,0.0
2,1,46.250440657306974,38,0.0
2,0,4.676340996830072,35,0.0
2,2,6.951388099703276,53,0.0
2,3,5.211292476729648,42,0.0
2,3,6.1606527624869365,69,0.0
2,3,3.125115741501331,41,0.0
2,0,11.825115741501333,41,0.0
2,2,3.4251579601567816,35,0.0
2,3,0.625293195761182,66,0.0
2,0,3.933249087194427,50,0.0
2,3,13.266463223809005,43,0.0
2,0,29.455035096977007,44,0.0
2,3,20.22781899783732,22,0.0
2,2,6.745718364483916,57,0.0
2,1,8.625293195761142,70,0.0
2,3,5.185912310103752,38,0.0
2,1,6.420928724885205,63,0.0
2,0,4.850393325547306,50,0.0
2,1,1.549186261388408,45,0.0
2,3,31.880798609383078,46,0.0
2,3,13.367913228973023,64,0.0
2,1,19.278582951785467,41,0.0
2,1,39.35161400228125,18,0.0
2,0,90.59677941060711,6,0.0
1,2,117.31715327774414,31,0.0
2,2,2.7042131905700564,52,0.0
2,0,5.170437845651662,63,0.0
2,0,8.093963568464646,43,0.0
2,1,3.2180817928155463,53,0.0
1,2,75.57037243039463,23,0.0
2,0,18.36342865274274,68,0.0
2,2,30.44390046026683,27,0.0
2,2,29.16342865274275,68,0.0
1,2,119.04364003069514,32,0.0
2,3,8.095607905394148,47,0.0
2,3,19.09279924622142,27,0.0
2,1,36.87646737654145,19,0.0
2,1,4.453025119139621,71,0.0
2,1,10.508458265259565,48,0.0
2,0,25.958102461454644,67,0.0
2,0,18.284083713897743,44,0.0
2,3,39.12120250720748,60,0.0
2,2,6.265991682263525,44,0.0
2,2,0.8837339192937945,70,0.0
2,0,41.9335166426748,6,0.0
2,2,33.80172304485458,16,0.0
2,1,21.25137701723798,30,0.0
2,3,8.616333853143212,42,0.0
2,0,0.09796475546981376,63,0.0
1,2,119.03733620901954,33,0.0
2,0,8.307764876761924,45,0.0
2,2,100.44130165295292,2,0.0
2,1,60.396587531081835,33,0.0
2,1,15.888821628845594,29,0.0
2,1,45.61329887930447,3,0.0
2,1,33.173627789196104,16,0.0
2,3,3.7679584989406787,67,0.0
2,0,19.254308012798663,22,0.0
2,1,8.1452460480561,72,0.0
2,3,31.122100262336,48,0.0
1,2,119.03733620901954,85,0.0
2,1,5.363145996100377,60,0.0
2,1,57.92781043435771,34,0.0
2,1,30.891571642235427,29,0.0
2,1,12.661550857969464,72,0.0
2,3,8.543279087362746,49,0.0
2,1,31.485530916074524,23,0.0
1,0,4.275522225831193,73,0.0
2,1,0.46925217876369607,61,0.0
2,3,1.3751335138210068,76,0.0
2,2,0.6657529747841442,55,0.0
2,3,5.552704813838298,41,0.0
2,0,5.61810902762026,65,0.0
1,1,24.120644389342345,22,-2.5
2,3,11.531405101262388,72,0.0
1,2,109.01444035911227,4,0.0
2,1,6.560684803252254,73,0.0
2,3,14.61109983471134,70,0.0
2,1,16.823046117707257,31,0.0
2,2,17.98553091607454,23,0.0
2,2,5.759778977193562,47,0.0
2,1,6.67127806197259,44,0.0
2,1,8.159640274193869,49,0.0
2,1,2.5494749357406747,87,0.0
2,1,5.506932279680171,63,0.0
2,3,1.741641096552231,59,0.0
2,0,19.706322113230303,24,0.0
2,2,4.841336202122946,53,0.0
2,1,5.134701320817538,55,0.0
2,1,24.397756918126795,76,0.0
2,0,14.482305906722159,44,0.0
2,1,5.6416410965522275,59,0.0
2,2,4.823384230054508,67,0.0
2,2,22.209842196156163,56,0.0
2,0,4.0142155322985325,62,0.0
2,1,27.207555959177416,28,0.0
1,0,85.63220019143631,26,0.0
1,2,119.036723739607,9,0.0
2,0,23.925473848965495,57,0.0
2,3,9.899549360689607,75,0.0
2,0,5.369701497489448,40,0.0
1,2,62.15108009615179,75,0.0
2,1,1.2651065885500068,88,0.0
2,2,45.20338251620397,44,0.0
2,0,13.197937559531491,45,0.0
2,0,32.360561408475135,23,0.0
1,3,118.62361119881628,87,0.0
2,0,5.683862126499502,38,0.0
2,1,1.2068527008521266,64,0.0
2,0,2.978057600398337,47,0.0
2,2,10.09777200147616,60,0.0
1,2,119.0328070947708,89,0.0
2,0,8.609958820384017,76,0.0
2,1,8.042181846873474,35,0.0
2,0,20.152605953082748,72,0.0
2,0,9.33803004791745,74,0.0
1,1,13.730768621586975,25,-2.5
2,2,8.585159720189967,69,0.0
2,2,5.267377314626689,55,0.0
2,2,21.636119701176224,41,0.0
2,1,6.793748588819257,38,0.0
2,1,24.193968116900898,44,0.0
2,2,7.71488195858997,69,0.0
2,1,11.808181461170571,61,0.0
2,2,1.6884670600927483,48,0.0
2,3,4.440256644802275,64,0.0
2,3,2.560742433321281,57,0.0
2,2,6.917024215824543,60,0.0
1,2,119.03870675300934,11,0.0
2,0,13.62123742756678,54,0.0
2,2,6.457967986100598,43,0.0
2,2,3.9817947393404207,66,0.0
2,0,0.48321700795887557,69,0.0
2,2,4.909494177111074,52,0.0
2,3,8.178770844570739,50,0.0
1,2,119.03870675300934,78,0.0
2,2,38.13602224187096,13,0.0
2,3,11.146060112448911,60,0.0
2,1,0.3973434973928458,51,0.0
2,1,7.300339114316283,53,0.0
2,2,0.4585612614526169,70,0.0
2,2,38.609629762918956,8,0.0
2,0,3.1125472568730244,40,0.0
2,2,25.846609421719826,19,0.0
2,3,2.1098867572035127,57,0.0
2,0,14.449106245309023,80,0.0
2,1,5.467490061551955,37,0.0
2,0,29.541014213514053,67,0.0
2,0,8.11112573321327,55,0.0
2,1,6.023248032352252,49,0.0
2,2,31.11553442676216,71,0.0
2,1,3.905318378432061,43,0.0
2,0,3.363250586488827,80,0.0
2,2,6.90389542020432,51,0.0
2,0,45.20583179732994,52,0.0
2,2,1.5054191718623402,43,0.0
2,0,28.657671440412514,28,0.0
2,1,8.140190173268453,71,0.0
2,3,4.487580449567335,52,0.0
2,1,6.611128304375787,51,0.0
2,1,16.199700177543797,52,0.0
2,0,37.05163968117169,14,0.0
1,0,91.95011435796428,21,0.0
2,3,41.54136611806065,15,0.0
2,3,14.798739483249404,42,0.0
2,3,4.413185014262846,50,0.0
1,2,59.65199197052445,91,0.0
2,0,20.17664503101826,70,0.0
2,0,3.563876191671077,67,0.0
2,1,7.438501505458804,72,0.0
1,2,96.05752090341484,92,0.0
2,3,6.8385015054587726,72,0.0
2,1,6.10521369971869,59,0.0
2,1,18.89086186924146,71,0.0
2,1,23.966308525978988,29,0.0
2,3,12.312956321472605,43,0.0
1,2,119.0356626286674,93,0.0
2,3,18.431804501992897,48,0.0
1,2,96.8601705579878,32,0.0
2,1,1.9351555595683336,50,0.0
2,0,5.523653903626789,57,0.0
2,0,4.316073796013894,79,0.0
2,0,7.316423590617839,53,0.0
1,1,30.095308065874573,30,0.0
2,1,6.065620826861801,63,0.0
1,2,99.14381218934476,93,0.0
2,2,39.05558295628385,16,0.0
2,2,8.964435517153378,83,0.0
2,2,5.44745124847627,46,0.0
2,0,98.71830364053953,1,0.0
2,2,21.484612166518524,30,0.0
1,2,119.03872773040464,15,0.0
2,3,13.274958347888928,66,0.0
2,2,4.538008629283688,60,0.0
2,0,49.49690026602968,11,0.0
2,1,6.3498886144507924,43,0.0
1,3,120.0,1,60.0
2,3,15.064489824419343,32,0.0
2,0,2.1540798433053063,52,0.0
2,2,23.368601054320184,19,0.0
2,1,4.241957544166324,58,0.0
1,3,15.998911013476748,63,0.0
2,3,0.6305319884968468,55,0.0
2,1,15.189737097312698,35,0.0
1,2,119.03872773040464,42,0.0
1,2,119.03872773040464,12,0.0
2,0,4.241882241879376,45,0.0
2,1,7.764523193260507,80,0.0
2,3,23.271846024467106,70,0.0
1,2,100.08070717320237,33,0.0
2,2,1.9140721700023797,78,0.0
1,2,119.02990661133727,43,0.0
2,0,1.07742159237591,66,0.0
2,0,6.244550777733373,61,0.0
2,3,1.67294675319828,72,0.0
2,3,3.6206143184520645,79,0.0
2,2,5.324954408970074,56,0.0
1,2,119.02990661133727,95,0.0
2,2,23.560226774164917,60,0.0
2,1,27.7529083861649,75,0.0
2,1,19.015009048044888,27,0.0
2,1,25.25355225799708,76,0.0
2,0,8.930202887694378,40,0.0
2,1,29.491346180216286,18,0.0
1,2,119.02548290387413,17,0.0
2,0,10.98712407654394,85,0.0
1,2,103.62617238245302,96,0.0
2,3,9.37162153743524,85,0.0
2,1,3.0190895468914176,77,0.0
1,2,72.50212084844193,95,0.0
2,1,17.799209354573307,65,0.0
2,3,4.53320447328016,41,0.0
1,2,88.41068035468324,83,0.0
2,3,6.425598280802261,57,0.0
2,2,16.353671015376662,74,0.0
2,0,4.945194649565551,62,0.0
2,1,18.190751125460462,33,0.0
2,1,1.0650093621427894,84,0.0
2,2,14.163263749543628,37,0.0
2,1,16.513961986704963,28,0.0
2,1,7.629155826354452,41,0.0
2,3,3.2321574119402348,42,0.0
2,2,1.7299611936294443,69,0.0
2,0,46.73692172859067,45,0.0
1,2,119.02421470399506,27,0.0
1,2,57.997337099002706,26,0.0
1,2,91.63346005404884,84,0.0
2,1,6.86997336128505,62,0.0
2,2,16.919617557480134,81,0.0
1,2,119.02854946486794,19,0.0
2,1,7.887460431825412,49,0.0
2,3,5.594796046167181,68,0.0
2,0,7.416436946955631,78,0.0
1,2,119.02854946486794,98,0.0
1,0,49.619000962033255,84,0.0
1,0,119.02854946486794,8,0.0
2,3,45.970023399035604,5,0.0
2,1,13.290868141361775,25,0.0
2,1,2.530777916508956,59,0.0
2,0,15.741253610786876,34,0.0
1,1,102.63560703773936,6,-2.5
2,0,1.2690312877627616,69,0.0
1,2,119.02745335366497,85,0.0
2,3,4.337660057244017,65,0.0
1,2,119.02745335366497,47,0.0
2,3,18.751900047419,86,0.0
2,0,0.8099750580388165,52,0.0
2,3,18.62288869570008,82,0.0
2,1,3.014932804266771,86,0.0
2,0,5.244812944102732,86,0.0
2,2,1.0521513462694814,65,0.0
2,1,2.548869948143168,59,0.0
2,2,7.777799855529086,86,0.0
2,2,4.978632541405139,37,0.0
2,3,31.74422302000003,61,0.0
2,0,3.650462960646098,58,0.0
2,3,0.3736582577326051,87,0.0
2,0,3.7305762791295676,44,0.0
2,0,6.6931316675219525,45,0.0
2,0,8.186087128561178,39,0.0
1,2,119.02006252104844,48,0.0
2,3,17.41538243948008,31,0.0
1,2,55.278439431065046,39,0.0
2,2,4.774784697524883,81,0.0
2,0,12.692265964668909,38,0.0
2,3,4.597932786852331,86,0.0
1,2,97.04221499723816,2,0.0
2,1,3.2497188687012954,66,0.0
1,2,119.0253128799057,102,0.0
2,2,7.583350109202631,45,0.0
2,2,8.279138234399872,74,0.0
2,0,35.96333170678069,9,0.0
2,1,2.859857035640279,57,0.0
2,0,8.413345396291938,80,0.0
2,3,6.292683137876523,39,0.0
2,2,7.984117942773019,91,0.0
2,2,1.0739634384142522,58,0.0
2,1,16.762174819519252,68,0.0
1,0,115.07569808656523,51,0.0
2,0,5.179512178025563,83,0.0
2,0,6.965614984405716,43,0.0
2,1,6.367591976323229,67,0.0
2,0,10.885931426476901,31,0.0
1,2,83.3164932215918,14,0.0
1,2,119.02823273046981,103,0.0
1,2,119.02823273046981,90,0.0
2,1,11.900045526311128,26,0.0
2,2,4.625394358144911,86,0.0
1,2,119.03054637942951,34,0.0
2,3,6.83940270663493,70,0.0
2,1,5.825050876157701,82,0.0
2,0,8.651803649798204,35,0.0
1,2,119.03054637942951,25,0.0
2,1,5.592610790752688,30,0.0
2,1,2.3618415217746573,69,0.0
2,3,10.6551863993797,83,0.0
1,3,1.2804370666904226,74,0.0
2,0,9.146458734718104,92,0.0
2,0,13.217447382999184,88,0.0
1,3,99.65719335324007,6,0.0
2,0,7.498438501597596,46,0.0
2,1,38.73948417393363,53,0.0
2,0,4.36582619488659,45,0.0
2,2,7.30072473857634,74,0.0
2,1,2.4028714778338855,90,0.0
2,2,18.903245381811363,48,0.0
1,3,120.0,12,60.0
2,2,1.0546575596828498,70,0.0
2,2,3.0556769746715737,46,0.0
1,0,41.80976141601128,92,0.0
2,0,6.18828928138258,47,0.0
2,3,26.33521579235286,67,0.0
1,2,74.96106624880669,106,0.0
1,2,92.82666664429702,17,0.0
1,2,100.65957700543656,8,0.0
2,1,3.5430093906030216,45,0.0
2,3,6.762679726118102,29,0.0
2,3,3.828408180634465,56,0.0
1,2,95.81166221165476,18,0.0
2,1,20.200482502834365,41,0.0
2,1,7.714437849605177,38,0.0
2,2,4.137621348702883,71,0.0
2,2,3.4206723174838958,48,0.0
2,0,10.152050778247771,45,0.0
2,1,16.817232152597434,73,0.0
2,0,5.034366131618195,78,0.0
1,2,119.0090964528334,109,0.0
1,3,107.10412309794285,58,0.0
2,1,3.148714888885213,70,0.0
2,2,0.093157880419517,53,0.0
1,2,73.1856522414264,65,0.0
1,2,119.00373364530081,110,0.0
1,2,104.58617638788616,21,0.0
2,0,9.360353895443048,90,0.0
1,3,3.469526539575097,47,0.0
1,2,119.01334862525832,111,0.0
2,0,0.9485606339380082,66,0.0
1,2,107.3351958369448,22,0.0
1,2,89.14043255716327,50,0.0
1,2,119.01334862525832,111,0.0
2,3,33.75760431167533,18,0.0
2,3,8.512524661407973,95,0.0
2,2,6.727094670807111,92,0.0
1,2,79.08006690212991,61,0.0
2,0,1.2729881598996549,64,0.0
2,3,10.054615029915256,35,0.0
2,1,3.53419513942327,50,0.0
1,2,118.99872259122436,100,0.0
2,2,8.34023586558417,56,0.0
1,0,34.87011619400214,99,0.0
2,2,10.901987388960624,76,0.0
1,2,91.08758442379872,21,0.0
2,0,0.8845824185357238,78,0.0
1,0,90.51214167204432,43,0.0
1,2,119.00984156096911,114,0.0
1,2,119.00984156096911,43,0.0
2,1,4.867406604124401,38,0.0
1,2,119.00102952846339,33,0.0
2,1,4.929438290722535,46,0.0
1,0,32.88098728343464,101,0.0
2,2,8.849353955841575,92,0.0
1,2,97.37646716784221,23,0.0
1,2,115.20118924773655,64,0.0
2,3,27.021145042123877,24,0.0
2,1,3.5760653918565204,101,0.0
2,1,3.5369515697430582,89,0.0
1,2,107.73737348909698,56,0.0
1,2,119.01336396785975,38,0.0
2,2,3.9839561585048173,51,0.0
1,2,119.00777378383047,106,0.0
2,1,14.435925199657754,35,0.0
1,2,119.00777378383047,29,0.0
1,2,119.01241997485805,48,0.0
1,2,33.392654401153514,105,0.0
1,2,119.01241997485805,107,0.0
2,1,5.558915175055145,80,0.0
1,2,119.01241997485805,119,0.0
2,1,0.6055654395243715,57,0.0
1,2,119.00712121144662,51,0.0
1,2,119.00712121144662,108,0.0
2,3,2.9298874117039304,82,0.0
2,3,6.029142086842448,52,0.0
1,2,48.517675194466605,2,0.0
1,2,75.74828183908332,40,0.0
1,0,109.95555105630088,122,0.0
1,2,118.99735299470687,108,0.0
1,2,104.57632690077122,121,0.0
1,2,118.99735299470687,40,0.0
2,0,2.487189534775862,86,0.0
2,3,5.158004927674027,58,0.0
1,2,118.99150006795205,110,0.0
1,2,118.99150006795205,34,0.0
1,2,114.58885464882366,72,0.0
2,3,5.022145741230498,55,0.0
1,2,118.99150006795205,124,0.0
1,2,62.56150659218956,6,0.0
1,2,88.82560618406738,112,0.0
1,2,117.94448319484042,73,0.0
1,2,70.97086610676786,75,0.0
2,2,4.879319754832421,44,0.0
2,3,1.8361041145179884,92,0.0
1,2,99.3658921140647,115,0.0
1,2,71.42454250593669,128,0.0
1,2,73.10179252218688,9,0.0
2,2,2.5799720591461806,89,0.0
2,2,3.125594737932521,64,0.0
2,0,5.195384110161098,46,0.0
1,2,103.06529595773083,116,0.0
1,2,116.98704826649652,30,0.0
2,1,2.1521684698466643,94,0.0
1,3,118.99138154495117,77,0.0
2,3,0.8140732774367674,95,0.0
1,2,118.99642860569257,40,0.0
1,2,69.42975026761115,41,0.0
1,0,39.431509482772135,117,0.0
1,2,118.99817993924573,62,0.0
1,2,59.26193049191197,120,0.0
1,2,118.99575879880406,51,0.0
2,2,1.9910819821747223,64,0.0
2,1,5.852063964782889,50,0.0
1,2,72.40769730108354,89,0.0
2,3,2.4382134693464623,69,0.0
1,2,118.99195415759411,134,0.0
2,3,3.6470208589668722,65,0.0
1,2,118.99195415759411,55,0.0
1,2,66.30988678975945,122,0.0
2,3,10.66970899776727,43,0.0
1,2,101.49927312666001,17,0.0
1,2,115.20429128942136,135,0.0
1,2,82.9830650466255,92,0.0
1,2,118.9868559711702,137,0.0
1,2,118.98930755750993,39,0.0
1,2,97.50230845717539,49,0.0
1,2,52.68485974778966,45,0.0
2,0,5.434175129411617,46,0.0
2,0,3.7719235751715274,56,0.0
1,2,118.98400767460515,69,0.0
1,2,118.98400767460515,89,0.0
1,2,59.729172519722574,47,0.0
1,2,115.58575446853222,21,0.0
2,0,0.4472942055678246,97,0.0
1,2,118.9927464965669,127,0.0
1,2,118.9927464965669,89,0.0
1,2,84.30872868459605,141,0.0
1,2,118.9927464965669,141,0.0
1,2,63.07764822744754,48,0.0
1,0,81.68263649060717,129,0.0
1,2,118.99477963630461,128,0.0
1,2,66.54814347881768,49,0.0
1,2,118.99477963630461,90,0.0
1,2,118.99477963630461,90,0.0
1,2,118.98979116213458,61,0.0
1,0,27.326667898224652,129,0.0
1,2,69.74033088925,72,0.0
1,0,104.05983268461117,98,0.0
1,2,118.98483851162305,45,0.0
1,2,118.98483851162305,62,0.0
1,2,118.98483851162305,132,0.0
1,3,6.361073716248287,24,0.0
1,2,118.98483851162305,144,0.0
1,2,54.65056923959372,100,0.0
1,0,25.305124942313814,131,0.0
1,2,118.9936185324661,75,0.0
1,2,118.99228085124687,94,0.0
1,2,118.99228085124687,64,0.0
1,2,76.081745861001,75,0.0
1,3,4.346973099961265,26,0.0
1,2,118.9870727611265,95,0.0
1,2,73.59776920954421,28,0.0
1,2,118.9870727611265,68,0.0
1,2,118.99467567868963,134,0.0
1,2,118.99467567868963,66,0.0
1,3,1.3237225006625875,29,0.0
1,2,118.99500096088519,70,0.0
1,2,119.00810503322087,51,0.0
1,2,119.00810503322087,150,0.0
1,2,119.0279917722268,81,0.0
1,2,77.18068694742162,107,0.0
1,2,119.02033851425965,63,0.0
1,0,17.352291659314858,139,0.0
1,2,97.6513215209481,34,0.0
1,2,46.52079916718616,72,0.0
1,2,101.76182817923468,35,0.0
1,2,87.44972007608574,154,0.0
1,2,75.07459121224387,154,0.0
1,2,98.249885921384,66,0.0
1,2,70.63104675965349,13,0.0
1,2,63.63092467894274,63,0.0
1,2,119.00339805635488,86,0.0
1,2,119.00339805635488,57,0.0
1,2,119.01628807436386,157,0.0
1,2,109.94223745805873,96,0.0
1,2,119.0154940770311,145,0.0
1,2,101.57762246595016,113,0.0
1,2,119.0154940770311,88,0.0
1,2,117.85390541354096,39,0.0
1,2,119.0154940770311,144,0.0
1,1,93.08671444516493,158,0.0
1,2,115.0543966036218,147,0.0
1,2,61.97156461878212,77,0.0
1,0,10.443315222288746,146,0.0
1,2,66.33840474941417,78,0.0
1,0,58.52302692152178,89,0.0
2,2,43.633810617795916,9,0.0
2,3,95.35482173204021,4,0.0
1,1,91.41112080433108,161,0.0
1,2,79.2836179351152,68,0.0
1,2,119.01455022800894,162,0.0
1,2,101.3272762797081,150,0.0
1,0,52.511989629536046,4,0.0
1,2,115.85876471277741,164,0.0
1,2,54.798431778266725,112,0.0
1,2,118.99884163446153,164,0.0
1,0,48.50134733375768,2,0.0
1,2,119.00547834600017,95,0.0
1,2,74.13795903967281,17,0.0
1,2,47.50682567975786,3,0.0
1,0,5.477593431671101,151,0.0
1,2,58.504899163230945,46,0.0
1,2,119.00381728015645,95,0.0
2,1,46.484604603847664,15,0.0
1,1,81.43881969155049,166,0.0
1,2,71.99372686877678,77,0.0
2,3,38.70823269945808,10,0.0
1,2,119.00922381803474,97,0.0
1,2,115.07136407621714,116,0.0
1,2,82.0097881594854,19,0.0
1,2,68.22042825980628,25,0.0
1,2,86.00386963229357,20,0.0
2,3,30.645626823218514,16,0.0
1,2,76.36063824307567,27,0.0
1,2,119.0260240984722,169,0.0
2,2,43.16248398813493,18,0.0
1,2,74.51693826631293,50,0.0
2,1,25.651756578218723,18,0.0
1,2,119.02857321777795,91,0.0
1,2,119.02857321777795,99,0.0
1,2,119.02857321777795,156,0.0
2,1,44.86724827850553,19,0.0
1,2,111.07105126630354,71,0.0
1,2,93.27592203206214,99,0.0
1,2,119.02857321777795,157,0.0
1,2,119.02857321777795,80,0.0
1,3,115.11333265448054,72,0.0
1,2,86.43475306524907,119,0.0
1,2,55.48249426311976,78,0.0
1,2,119.0407654940729,158,0.0
1,2,84.51167644674243,29,0.0
1,2,119.0407654940729,89,0.0
1,2,119.04994564339484,158,0.0
1,0,3.6606204993927944,158,0.0
1,2,119.04994564339484,172,0.0
1,2,101.36013535188934,101,0.0
1,2,87.34764724430597,13,0.0
1,1,67.65910331703718,173,0.0
1,2,51.20481689797822,91,0.0
1,2,66.61633402494303,112,0.0
1,2,119.02898716527737,103,0.0
2,1,43.350298991533094,23,0.0
1,2,119.02898716527737,84,0.0
1,2,119.02898716527737,104,0.0
1,2,119.02898716527737,92,0.0
1,2,83.69061235561755,12,0.0
1,2,108.14038187755969,86,0.0
1,2,98.69106650224981,123,0.0
1,2,119.02765661512562,163,0.0
1,1,119.04132118713662,164,0.0
1,2,119.04132118713662,163,0.0
1,0,119.04132118713662,126,0.0
1,2,119.04132118713662,13,0.0
1,2,119.04132118713662,132,0.0
1,2,105.35858389916817,59,0.0
2,0,29.21709705489329,22,0.0
1,2,119.04528458921686,107,0.0
1,2,119.04528458921686,166,0.0
1,2,86.22241979045575,117,0.0
1,2,45.5548688448423,16,0.0
1,1,61.82037396934796,179,0.0
1,2,119.03822064177021,100,0.0
1,2,69.96623747767056,97,0.0
1,2,114.47494455047914,127,0.0
1,2,53.74131700492565,61,0.0
1,2,119.02425136496235,167,0.0
1,2,58.54336168584746,109,0.0
1,2,119.03569446365441,33,0.0
1,2,119.03569446365441,136,0.0
1,2,90.468618629872,181,0.0
1,2,96.63582363896685,129,0.0
1,2,119.03569446365441,181,0.0
1,2,75.3003612575221,93,0.0
1,2,62.54220190912462,18,0.0
1,2,94.50877374238657,89,0.0
1,2,119.0221401050338,92,0.0
1,2,119.00815166374629,138,0.0
1,2,62.57528080670828,131,0.0
1,2,65.65388591614527,112,0.0
1,2,119.00815166374629,112,0.0
1,2,118.0267254320247,171,0.0
1,2,66.9307515667663,23,0.0
1,2,73.71108341571212,114,0.0
2,1,14.119084234387898,29,0.0
1,1,41.69466828130944,184,0.0
1,2,62.65886101027231,115,0.0
1,2,119.01609059965601,173,0.0
1,2,79.0140471873086,26,0.0
1,2,119.01609059965601,173,0.0
1,2,75.40393529204583,25,0.0
1,2,90.75928291927046,98,0.0
2,3,9.085410935971545,31,0.0
1,2,94.96815738379202,99,0.0
1,2,87.36091313787189,28,0.0
1,2,101.92744952365167,106,0.0
1,1,33.72730985038051,188,0.0
1,2,62.67932425741396,145,0.0
1,2,110.18473264699615,108,0.0
1,2,78.56441572781357,27,0.0
1,2,118.99615611145678,101,0.0
1,2,58.4989093885751,43,0.0
1,0,118.99615611145678,98,0.0
1,3,117.00166266569343,92,0.0
1,2,118.99615611145678,191,0.0
1,2,88.74783525202155,139,0.0
1,2,65.80954087660258,12,0.0
2,3,21.010944727827635,41,0.0
1,2,97.97173614715248,32,0.0
1,2,69.8604271958285,13,0.0
1,2,118.362195927733,110,0.0
1,2,73.93840966870405,14,0.0
1,2,118.99747265883177,103,0.0
1,2,118.99747265883177,193,0.0
1,2,107.87364201482876,33,0.0
2,1,4.097869701880407,37,0.0
1,2,119.00774336681943,181,0.0
1,2,119.00774336681943,180,0.0
1,2,110.91990771269747,123,0.0
1,2,70.64181541090394,46,0.0
1,2,118.9964710971768,105,0.0
1,2,74.76463981991478,47,0.0
1,2,115.0427321217083,124,0.0
1,2,115.96634158453489,31,0.0
1,2,107.98588013536278,126,0.0
1,2,78.73872335467334,104,0.0
1,2,26.019673082524694,197,0.0
1,2,66.29930191247912,38,0.0
1,2,119.02962230281632,119,0.0
1,0,80.7959142399051,35,0.0
1,2,90.04563704516376,137,0.0
1,0,94.18601357667255,138,0.0
1,2,85.20941547932789,110,0.0
1,2,91.04889117805841,128,0.0
1,2,119.02559650740426,199,0.0
1,2,119.0342241776794,200,0.0
1,2,119.0342241776794,58,0.0
1,0,89.33033655437445,111,0.0
1,2,70.9007199340992,129,0.0
1,1,26.199879614435133,200,0.0
1,2,80.91892988658378,107,0.0
1,2,119.02635140914325,119,0.0
1,2,99.20266834718193,53,0.0
1,2,119.02635140914325,150,0.0
1,2,119.02635140914325,111,0.0
1,2,119.01638760033197,120,0.0
1,0,82.449997525321,42,0.0
1,2,92.21322987572727,113,0.0
1,2,119.01638760033197,42,0.0
1,2,119.01638760033197,38,0.0
1,0,90.76000918699832,40,0.0
1,2,68.493610498068,122,0.0
1,2,119.03992207507731,191,0.0
1,2,78.42046170731278,191,0.0
1,2,115.09253853581109,134,0.0
1,2,52.484976517786514,43,0.0
1,2,51.141531550510905,117,0.0
1,2,119.01825247443747,42,0.0
1,1,20.2621565011097,206,0.0
2,1,6.1829026759364325,56,0.0
1,1,15.766010182045447,206,0.0
1,2,61.34295531822484,155,0.0
1,3,44.578853323849394,5,0.0
1,1,16.28945667078547,208,0.0
1,1,116.88317663974959,130,0.0
1,2,81.39948091597239,148,0.0
1,2,119.00658501181074,47,0.0
1,0,98.99716814168615,1,0.0
1,2,101.68260184258668,197,0.0
1,1,12.293209824282354,210,0.0
1,2,91.75575063334189,128,0.0
1,1,118.99716814168615,198,0.0
1,2,85.75317046552136,165,0.0
1,2,70.08724647422444,118,0.0
1,2,65.88628035969657,140,0.0
1,2,52.123449581380584,3,0.0
1,2,63.40900832905803,6,0.0
1,3,116.99415816818282,113,0.0
1,0,46.492742239025894,3,0.0
1,3,83.37778442091683,160,0.0
1,0,55.7624167662589,141,0.0
1,2,73.75263097520178,119,0.0
1,2,118.98005221862148,213,0.0
1,2,58.82888675732462,94,0.0
1,2,118.98005221862148,32,0.0
1,2,77.32382051205616,124,0.0
1,0,76.42775885891815,121,0.0
1,2,100.25038274318553,169,0.0
1,2,114.48997714248395,66,0.0
1,2,118.97830264300138,214,0.0
1,2,117.94040845935575,67,0.0
1,0,103.09614766927932,154,0.0
1,2,118.9686300580693,34,0.0
1,2,118.9686300580693,51,0.0
1,2,109.70339422787785,133,0.0
1,2,75.39638891698745,122,0.0
1,2,118.98295728291167,137,0.0
1,2,44.85938797032366,7,0.0
1,2,113.14305503948346,134,0.0
1,2,95.73131227043017,37,0.0
1,3,116.95158734098096,117,0.0
1,1,3.19310466695831,217,0.0
1,2,118.9957944718893,203,0.0
1,2,7.19280959985641,216,0.0
1,2,53.152055296333415,157,0.0
1,2,76.3598015777534,99,0.0
1,2,118.98563858057958,206,0.0
1,2,56.60662748978463,158,0.0
1,2,79.81437377120461,100,0.0
1,2,94.23397711526889,148,0.0
1,2,118.98563858057958,206,0.0
1,2,89.41943101181288,126,0.0
1,2,118.98563858057958,38,0.0
1,2,118.98563858057958,77,0.0
1,2,118.9774322328451,220,0.0
1,2,87.60530524263973,13,0.0
1,3,20.42899394705889,17,0.0
1,1,70.60909355825663,169,0.0
1,2,118.98958597761172,221,0.0
1,2,118.98958597761172,208,0.0
1,2,63.357035452965455,160,0.0
1,2,118.98087047176227,41,0.0
1,2,110.25822678380662,123,0.0
1,2,5.751566569547861,221,0.0
1,2,86.07748874742988,151,0.0
1,2,118.98087047176227,140,0.0
1,3,14.386560340819193,20,0.0
1,2,118.98710994438632,61,0.0
1,2,91.98024605746814,63,0.0
1,2,118.98969415812458,224,0.0
1,2,118.98969415812458,62,0.0
1,2,118.98969415812458,211,0.0
1,2,118.98969415812458,224,0.0
1,2,60.21650105397209,16,0.0
1,2,94.71556139457735,65,0.0
1,1,62.558349307713904,173,0.0
1,2,118.98659490545865,212,0.0
1,2,118.98659490545865,147,0.0
1,2,67.85466144340118,134,0.0
1,2,67.92967922394111,18,0.0
1,1,58.536044950688975,175,0.0
1,3,6.347776792351734,25,0.0
1,2,117.18040748415021,216,0.0
1,2,119.00224547524878,228,0.0
1,2,119.00224547524878,215,0.0
1,2,119.00224547524878,64,0.0
1,1,56.53829042593777,176,0.0
1,2,118.99624356591036,215,0.0
1,2,88.20371420476505,177,0.0
1,0,118.99624356591036,158,0.0
1,2,118.99624356591036,139,0.0
1,2,118.98988019209554,230,0.0
1,2,95.85655754094884,148,0.0
1,2,83.03617313141119,138,0.0
1,2,103.15834234057587,150,0.0
1,2,118.97729662479473,219,0.0
1,2,86.69397652883455,139,0.0
1,2,96.18554965671044,187,0.0
1,2,118.97729662479473,142,0.0
1,3,1.274934919776652,30,0.0
1,2,118.97653794186688,219,0.0
1,2,102.9488768437098,181,0.0
1,2,118.96906096638757,53,0.0
1,1,118.96906096638757,155,0.0
1,2,118.96906096638757,220,0.0
1,0,48.45732993732101,2,0.0
1,2,58.45732993732101,57,0.0
1,2,118.96906096638757,221,0.0
1,2,76.32268079844094,72,0.0
1,2,87.97288904626731,26,0.0
1,2,88.09933545787717,56,0.0
1,2,118.96670364632459,28,0.0
1,2,118.96670364632459,94,0.0
1,2,64.27880502871655,236,0.0
1,2,64.39943485828,8,0.0
1,2,118.96670364632459,72,0.0
1,2,118.96670364632459,154,0.0
1,2,113.5253495609987,192,0.0
1,2,118.95394958781198,138,0.0
1,2,86.95729839065916,31,0.0
1,2,118.96065817179357,139,0.0
1,2,90.09332429555758,32,0.0
1,2,118.96065817179357,76,0.0
1,2,70.76489133975474,238,0.0
1,2,118.97479386181259,79,0.0
1,2,118.97479386181259,31,0.0
1,2,118.97479386181259,239,0.0
1,0,64.92508398039321,9,0.0
1,2,118.98238958187025,227,0.0
1,2,81.37688650594626,64,0.0
1,1,112.90362990302776,162,0.0
1,2,95.86625606245332,170,0.0
1,2,63.91087226794457,10,0.0
1,2,118.98578828755136,81,0.0
1,2,63.66686871225055,148,0.0
1,2,118.98180543674455,82,0.0
1,0,118.98180543674455,143,0.0
1,0,90.79534218634421,123,0.0
1,2,53.03112922022055,5,0.0
1,2,118.98180543674455,13,0.0
1,2,118.97611079169637,81,0.0
1,2,87.0041086976436,15,0.0
1,2,73.41106884606371,191,0.0
1,2,90.93415024542043,96,0.0
1,2,76.45038853580137,192,0.0
1,2,89.9227985578178,244,0.0
1,2,98.10462955342318,173,0.0
1,2,47.41310157460613,125,0.0
1,2,118.96848309986824,232,0.0
1,2,114.91496319428686,6,0.0
1,2,104.89993314404303,175,0.0
1,2,79.57664535636611,193,0.0
1,2,118.96848309986824,231,0.0
1,2,101.23088637398793,174,0.0
1,2,118.96073945658723,233,0.0
1,2,104.38285996002917,175,0.0
1,2,58.44498100652135,164,0.0
1,2,96.32165879398724,18,0.0
1,2,99.30461685479816,247,0.0
1,2,66.81812086034832,202,0.0
1,2,118.94937433001482,83,0.0
1,2,118.94937433001482,87,0.0
1,2,100.31596854240078,99,0.0
1,2,68.62564761841186,10,0.0
1,2,118.94937433001482,234,0.0
1,2,58.4161918718746,9,0.0
1,2,72.0651457685073,11,0.0
1,2,105.98645747412564,72,0.0
1,2,64.00927355197653,11,0.0
1,2,99.6980586652949,3,0.0
1,2,71.00319584154279,87,0.0
1,2,17.494671820084164,198,0.0
1,2,105.42890183491772,199,0.0
1,2,118.93052169799653,250,0.0
1,2,65.28866384696678,131,0.0
1,2,100.49219875316699,169,0.0
1,2,66.80398640264727,12,0.0
1,2,81.41240201318996,19,0.0
1,2,108.22361468558846,200,0.0
1,2,89.82437693831771,158,0.0
1,2,118.93723141125503,89,0.0
1,2,118.93723141125503,251,0.0
1,2,102.49277151596563,4,0.0
1,2,70.78412402518696,133,0.0
1,0,105.19351884351506,5,0.0
1,2,118.93019090429789,88,0.0
1,2,59.85436346819682,92,0.0
1,2,118.93019090429789,252,0.0
1,2,118.9273307814334,24,0.0
1,2,67.71940063526992,154,0.0
1,2,73.44651348553367,134,0.0
1,2,91.54187476418036,44,0.0
1,2,102.48380044672888,201,0.0
1,2,118.92820813643486,92,0.0
1,2,79.92264760812415,165,0.0
1,2,118.92820813643486,241,0.0
1,2,118.92820813643486,112,0.0
1,2,81.70475830165998,91,0.0
1,2,114.89577029278281,106,0.0
1,2,118.92596524514154,242,0.0
1,2,90.49507361596928,18,0.0
1,2,78.66434586914393,136,0.0
1,2,118.91454985672179,48,0.0
1,2,118.91454985672179,243,0.0
1,2,77.24171948956939,77,0.0
1,2,59.38065374233214,9,0.0
1,2,62.724839932199764,79,0.0
1,2,111.73246065695437,177,0.0
1,2,105.16607875469714,195,0.0
1,0,87.17863269106167,18,0.0
1,2,118.91454985672179,27,0.0
1,2,118.92694181025983,187,0.0
1,1,114.18052565224596,178,0.0
1,2,71.36582460470493,97,0.0
1,2,88.50479104527568,175,0.0
1,2,61.828718737623745,10,0.0
1,2,112.78842898116167,205,0.0
1,2,99.57943372746375,26,0.0
1,2,118.93851092860429,116,0.0
1,2,118.93851092860429,207,0.0
1,2,118.65923046744076,176,0.0
1,2,82.18905087680581,79,0.0
1,2,118.93851092860429,244,0.0
1,2,68.43845112679205,30,0.0
1,2,118.94117637040762,188,0.0
1,0,98.94117637040762,1,0.0
1,2,70.35189506775802,82,0.0
1,2,118.94117637040762,246,0.0
1,2,118.94117637040762,247,0.0
1,2,87.65074186524289,20,0.0
1,2,118.94117637040762,189,0.0
1,3,98.94117637040762,1,0.0
1,1,96.44117637040762,1,-2.5
1,2,87.65074186524289,20,0.0
2,1,98.58658403487968,1,0.0
1,2,62.745391538901615,8,0.0
1,1,7.432753153467447,208,0.0
1,0,48.41052621136356,2,0.0
1,2,118.93993802615975,246,0.0
2,2,98.58658403487968,1,0.0
1,2,96.50189938672133,178,0.0
1,2,114.73323558706593,7,0.0
1,2,118.93560159918674,261,0.0
1,3,98.93560159918674,1,0.0
2,3,140.0,2,120.0
1,1,96.43560159918674,1,-2.5
1,3,94.81671599575411,3,0.0
1,1,118.93560159918674,249,0.0
1,1,98.93560159918674,1,0.0
1,0,47.34612781055029,3,0.0
2,0,98.58080213224898,1,0.0
1,2,72.5491929287256,14,0.0
1,0,98.93560159918674,1,0.0
1,2,98.93560159918674,1,0.0
1,2,56.65975034562481,28,0.0
1,0,98.93560159918674,1,0.0
1,1,92.87553962534649,2,-2.5
2,2,98.58080213224898,1,0.0
1,3,120.0,1,60.0
1,0,48.40557061226661,2,0.0
1,2,107.80064152662078,29,0.0
1,1,118.27770909496323,183,0.0
1,3,120.0,2,60.0
1,3,99.55155171821666,3,0.0
1,2,108.97835605076384,25,0.0
2,1,42.63477226389982,4,0.0
1,2,101.6116136920569,2,0.0
2,3,95.95407064874841,2,0.0
1,2,47.33552199964118,3,0.0
1,1,96.86555298656131,2,0.0
1,2,118.92995138737457,98,0.0
1,1,101.48508092101376,2,0.0
1,3,120.0,3,60.0
2,2,98.57652701189483,1,0.0
1,2,118.93239525892112,263,0.0
1,1,96.86234664629569,2,0.0
1,1,89.29794824548243,3,-2.5
1,0,98.93239525892112,1,0.0
1,2,118.93239525892112,34,0.0
2,0,98.57652701189483,1,0.0
1,1,82.1790626420498,5,-2.5
1,2,118.93239525892112,56,0.0
2,0,98.57652701189483,1,0.0
1,3,45.20847445684599,5,0.0
1,1,98.93239525892112,1,0.0
1,2,118.93239525892112,212,0.0
1,2,117.79811911622437,54,0.0
1,1,96.43239525892112,1,-2.5
1,2,118.93239525892112,202,0.0
1,1,44.83014744588907,3,-2.5
1,0,45.20847445684599,5,0.0
1,2,55.11028200362374,26,0.0
1,2,61.42015900292996,9,0.0
1,1,41.687602171813396,5,-2.5
2,0,98.55957988433478,1,0.0
1,0,46.24983235914016,4,0.0
1,3,120.0,4,60.0
1,2,98.91968491325109,1,0.0
2,2,95.9361068962296,2,0.0
1,0,44.12815937009708,6,0.0
1,2,104.0586351015181,3,0.0
1,1,90.78203155954678,3,-2.5
2,3,92.27676157985769,5,0.0
2,0,46.013142220603825,4,0.0
1,0,98.91968491325109,1,0.0
2,2,98.55957988433478,1,0.0
2,3,140.0,5,120.0
1,2,80.3538887357393,17,0.0
1,0,98.91968491325109,1,0.0
2,0,88.07676157985769,5,0.0
2,2,98.55957988433478,1,0.0
1,0,55.150823617564,6,0.0
2,1,95.9361068962296,2,0.0
1,1,35.187602171813396,5,-2.5
1,1,89.28203155954678,3,-2.5
1,0,44.12815937009708,6,0.0
2,3,140.0,1,120.0
1,2,73.27345319557152,12,0.0
2,3,98.55957988433478,1,0.0
1,1,85.71763315873352,4,-2.5
2,2,93.27836857338069,3,0.0
1,1,89.25877643003552,3,-2.5
1,2,74.53712428388326,34,0.0
2,1,52.71314083728054,7,0.0
1,1,89.25877643003552,3,-2.5
2,3,100.10184156148587,2,0.0
1,1,87.1887278174101,4,-2.5
1,3,88.56426744275659,6,0.0
2,2,100.63243922212911,5,0.0
1,3,120.0,7,60.0
1,3,55.05037437199157,7,0.0
2,0,100.10184156148587,2,0.0
1,1,96.40669625786332,1,-2.5
2,0,50.18735044964011,5,0.0
1,2,118.90669625786332,172,0.0
2,3,99.05163708988013,4,0.0
2,1,95.90184156148587,2,0.0
2,2,46.5103151252659,3,0.0
1,1,89.25877643003552,3,-2.5
1,2,115.85429514727029,117,0.0
2,2,98.54226167715109,1,0.0
2,2,45.987350449640104,5,0.0
2,2,93.81902325700878,6,0.0
1,3,120.0,2,60.0
2,3,92.2324392221291,5,0.0
2,2,90.65163708988013,4,0.0
2,1,40.73533017344447,6,0.0
2,3,43.76500283163043,4,0.0
1,1,90.62432941659684,5,0.0
2,0,42.58064246707994,6,0.0
1,1,75.0054438131642,7,-2.5
1,0,82.60352402025741,146,0.0
2,0,47.822051619318486,2,0.0
1,1,28.005654249269014,7,-2.5
1,1,96.4113558195923,1,-2.5
2,3,140.0,3,120.0
1,3,120.0,104,60.0
2,3,42.538579493556355,4,0.0
1,2,57.50173484746724,7,0.0
1,1,85.67013224962783,4,-2.5
1,1,93.32400151688108,4,-2.5
2,0,92.75573284367533,8,0.0
1,2,94.92852373650301,106,0.0
1,2,112.06749017707376,184,0.0
1,1,39.005654249269014,7,0.0
1,3,52.961730191583875,8,0.0
2,3,98.54847442612306,1,0.0
1,3,84.41679963275651,8,0.0
1,0,59.9278161731086,7,0.0
2,2,43.335824875763166,6,0.0
1,2,118.9113558195923,11,0.0
1,2,88.73560405928944,89,0.0
2,3,46.499395206866,3,0.0
2,1,95.89073610327415,2,0.0
1,1,96.4113558195923,1,-2.5
2,1,46.499395206866,3,0.0
2,0,46.73857949355636,4,0.0
1,1,78.53568523618914,6,-2.5
1,3,41.10290874290849,6,0.0
1,0,46.20393462016727,4,0.0
2,2,93.78091364825217,6,0.0
1,3,98.9113558195923,1,0.0
1,0,40.9462114475527,8,0.0
2,1,99.02684299950376,4,0.0
2,1,47.81960526469861,2,0.0
2,2,92.20011151600319,5,0.0
1,1,93.28174594168473,6,0.0
1,1,89.23773699070671,3,-2.5
1,3,44.335487183451505,9,0.0
2,3,140.0,2,120.0
2,2,136.24590603254975,8,0.0
2,1,96.3820129287793,5,0.0
2,2,96.3820129287793,5,0.0
2,1,46.500537980912625,3,0.0
1,3,120.0,7,60.0
1,2,108.93275430900678,5,0.0
1,1,80.01646108395906,6,-2.5
2,2,137.35516992927558,4,0.0
1,3,91.19812338864139,7,0.0
2,3,100.10364435539861,2,0.0
1,3,92.65411443766337,4,0.0
1,2,52.23664536411348,6,0.0
1,1,88.65411443766337,4,-2.5
1,2,118.91637744695666,12,0.0
2,3,140.0,4,120.0
1,2,118.91637744695666,267,0.0
1,1,85.65411443766337,4,-2.5
1,0,48.37205535675282,2,0.0
1,1,71.39200070930555,8,-2.5
1,1,86.4520626831458,7,0.0
2,3,98.55516992927555,1,0.0
1,2,118.91637744695666,177,0.0
2,0,39.25904825315353,7,0.0
2,3,93.2459060325497,3,0.0
1,3,120.0,2,60.0
2,3,140.0,2,120.0
2,3,45.273074963563054,5,0.0
2,3,93.25102334424456,3,0.0
1,2,118.91053424163447,104,0.0
2,1,95.9025489181215,2,0.0
1,3,37.77312313614383,10,0.0
1,1,78.49704393821895,6,-2.5
1,2,78.2727850703829,37,0.0
1,2,110.74035873678665,29,0.0
1,1,39.96201963190625,7,0.0
1,1,109.23826750818343,5,-2.5
1,2,118.91053424163447,59,0.0
2,2,44.90871279504965,9,0.0
2,1,97.92939191762525,6,0.0
1,2,118.91053424163447,60,0.0
2,1,43.325019711485325,7,0.0
1,0,47.28258959838728,3,0.0
2,1,100.1025489181215,2,0.0
2,3,39.23837379388467,8,0.0
2,2,93.72939191762525,6,0.0
2,2,98.54737898884595,1,0.0
1,3,120.0,6,60.0
1,2,98.91053424163447,1,0.0
1,3,36.92982043149962,8,0.0
2,3,140.0,3,117.74556590732843
1,2,118.91053424163447,126,0.0
2,1,98.54737898884595,1,0.0
1,1,89.23826750818343,3,-2.5
1,1,48.368722965112795,2,0.0
2,3,135.79213392818588,4,40.998848906790215
1,2,118.91053424163447,217,0.0
2,1,40.5641641815251,10,0.0
1,0,39.77312313614383,10,0.0
1,1,42.104806222672295,5,0.0
2,3,140.0,5,113.7938953871704
1,2,118.91053424163447,120,0.0
1,2,62.20764272747959,9,0.0
2,3,47.51597041787338,6,0.0
1,2,91.49203863346517,63,0.0
1,0,101.30836838870503,2,0.0
1,0,45.09644244478105,5,0.0
1,0,35.77520443744926,11,0.0
1,3,88.14309431584938,4,0.0
1,0,40.79962293285286,9,0.0
1,1,37.86684643957221,8,0.0
1,1,87.5497905737127,5,0.0
1,2,118.90482680766596,224,0.0
1,0,29.7373927455261,10,0.0
1,2,59.85319394356419,10,0.0
1,2,118.90482680766596,32,0.0
1,2,103.67957984084813,190,0.0
1,2,88.61862186693261,150,0.0
1,3,35.85181838061462,8,0.0
1,1,84.31801601007517,8,0.0
1,1,75.31801601007517,8,0.0
1,3,86.05923958003964,5,0.0
1,1,87.29637620878856,8,0.0
1,2,69.85359594061033,107,0.0
1,2,93.73267482911557,64,0.0
1,0,44.01258770897131,6,0.0
1,0,98.91614526419026,1,0.0
1,3,44.609613952031225,12,0.0
1,0,79.54796739744975,9,0.0
1,3,34.691349701639524,12,0.0
1,0,42.92577829452851,7,0.0
1,0,64.62350702279623,11,0.0
1,2,78.84635350905434,37,0.0
1,0,69.18356899663648,10,0.0
1,2,79.6425069415353,8,0.0
1,3,88.46593583790296,6,0.0
1,2,63.00719330783376,38,0.0
1,2,96.97237469190748,4,0.0
1,2,55.54351737236709,7,0.0
1,3,84.92962970213208,10,0.0
1,0,42.92577829452851,7,0.0
1,2,118.91614526419026,16,0.0
1,2,118.90668217811549,17,0.0
1,1,69.65464957556523,10,0.0
1,0,19.26022018783185,12,0.0
1,1,73.22469818819066,9,0.0
1,0,98.90668217811549,1,0.0
1,0,78.45464957556524,10,0.0
1,2,118.90668217811549,64,0.0
1,2,47.55016989152485,24,0.0
1,3,47.47701163665827,4,0.0
1,0,78.79230292926954,8,0.0
1,1,48.36475481021061,2,0.0
1,3,86.37261801601845,7,0.0
1,2,58.09843002906347,10,0.0
1,0,17.56022018783185,12,0.0
1,0,42.91926988708679,7,0.0
1,2,118.90668217811549,24,0.0
1,0,27.56022018783185,12,0.0
1,3,83.96592175815513,6,0.0
1,0,38.622450375158614,11,0.0
1,2,93.24570274166524,152,0.0
1,3,76.79230292926954,8,0.0
1,1,64.53018920091172,12,0.0
1,2,118.90668217811549,34,0.0
1,1,45.533172962029646,8,0.0
1,0,68.09025117475197,11,0.0
1,1,90.03268365993216,12,0.0
1,2,118.91976823771327,272,0.0
1,0,39.67826879644336,10,0.0
1,2,47.34063638425789,6,0.0
1,2,103.61949999046405,3,0.0
1,0,77.37441781327851,11,0.0
1,2,118.91976823771327,258,0.0
1,0,40.75222871035726,9,0.0
1,3,41.01614545279776,6,0.0
1,1,76.64446642590393,10,0.0
1,1,82.21207116698281,9,0.0
1,2,45.39677987437153,5,0.0
1,0,98.91976823771327,1,0.0
1,3,82.21207116698281,9,0.0
1,2,73.65490757454779,173,0.0
1,2,118.91976823771327,259,0.0
1,3,20.4205456238288,14,0.0
1,2,118.91976823771327,221,0.0
1,2,118.77758935304249,11,0.0
1,3,26.4829531628066,13,0.0
1,1,44.19023329154589,4,0.0
1,2,118.90571024362201,10,0.0
1,1,98.90571024362201,1,0.0
1,2,67.91318671093666,12,0.0
1,1,79.69809649735373,9,-2.5
1,3,72.61778141060482,10,0.0
1,0,98.90571024362201,1,0.0
1,3,69.79684405265462,15,0.0
1,0,34.356286854370936,15,0.0
1,2,118.90571024362201,44,0.0
1,0,41.83572232969426,8,0.0
1,1,69.05017666952594,11,0.0
1,1,78.05017666952594,11,0.0
1,3,70.79684405265462,15,0.0
1,0,41.35865144336492,10,0.0
1,2,118.90571024362201,261,0.0
1,1,80.11778141060482,10,0.0
1,1,73.91572965608725,13,0.0
1,1,87.93839390355417,13,0.0
1,3,38.34177461148198,15,0.0
1,2,100.9468983177769,67,0.0
1,2,98.90571024362201,1,0.0
1,3,38.92185569641977,7,0.0
1,3,69.7583659019438,15,0.0
1,0,54.00341754717079,8,0.0
1,2,118.9026982196968,13,0.0
1,0,98.9026982196968,1,0.0
1,0,59.25836590194379,15,0.0
2,1,98.53693095959574,1,0.0
1,1,32.48667725976217,12,-2.5
1,1,27.35062707619069,14,0.0
1,1,78.66139894440774,175,0.0
1,1,63.38282627659731,13,0.0
1,0,40.73842054939106,9,0.0
2,1,98.53693095959574,1,0.0
1,1,71.81842787578405,14,0.0
1,0,48.3555533415078,2,0.0
1,0,48.3555533415078,2,0.0
1,2,50.774465627282915,14,0.0
1,2,118.9026982196968,45,0.0
1,3,82.41762143977991,11,0.0
1,3,120.0,2,60.0
2,1,98.53693095959574,1,0.0
1,1,66.95287488922274,12,0.0
1,2,78.31382954893837,19,0.0
1,1,34.98667725976217,12,-2.5
1,2,106.6822207880412,8,0.0
2,3,140.0,1,120.0
1,2,70.66553677618404,13,0.0
1,0,98.9026982196968,1,0.0
1,1,70.52047963030162,11,0.0
1,0,75.52047963030162,11,0.0
1,3,67.69954227235142,16,0.0
2,3,95.86218545808244,2,0.0
1,0,47.24949421537283,3,0.0
1,1,92.79663909356182,2,-2.5
1,1,69.71236874964907,15,0.0
1,2,80.30901055063444,186,0.0
1,2,118.89394087386502,193,0.0
1,2,102.52498700876173,10,0.0
1,3,19.182337762728952,16,0.0
1,1,46.24106862798285,9,-2.5
1,0,34.24456795005571,15,0.0
1,3,75.91442050416664,12,0.0
1,2,118.89394087386502,113,0.0
1,2,105.87393132637752,69,0.0
1,2,118.89394087386502,13,0.0
1,1,73.84681576308776,13,0.0
1,2,110.98751858664055,47,0.0
1,2,118.89394087386502,127,0.0
1,0,48.34528998371343,2,0.0
1,0,14.882337762728955,16,0.0
1,1,96.79663909356182,2,0.0
1,0,37.45457804754109,12,0.0
1,2,98.2004960773016,10,0.0
1,1,38.9716101285896,15,-2.5
1,0,44.07545866395484,5,0.0
1,2,51.61404964665102,156,0.0
1,2,91.78376343879725,13,0.0
1,1,75.91442050416664,12,0.0
1,1,64.84681576308776,13,0.0
1,0,98.89394087386502,1,0.0
1,0,34.24456795005571,15,0.0
1,1,25.244567950055718,15,0.0
1,2,99.79661704924929,23,0.0
2,3,49.33265895383044,3,0.0
2,3,140.0,3,120.0
1,1,74.46003449636446,177,0.0
1,2,118.9046946780917,69,0.0
1,1,55.11706342774079,16,-2.5
1,1,25.684286934460125,16,-2.5
1,3,66.31911518225834,13,0.0
1,3,72.36312413323637,16,0.0
1,3,47.80205309912753,14,0.0
1,1,89.20133377165352,3,-2.5
1,2,51.11057070650285,16,0.0
2,0,101.60177836220471,3,0.0
1,2,76.9443779395865,18,0.0
1,1,51.80205309912753,10,0.0
1,1,69.68146182855403,15,0.0
1,1,35.37630480668131,16,-2.5
1,0,73.13978131456824,17,0.0
1,2,118.9046946780917,22,0.0
2,3,48.5706856331635,3,0.0
1,2,118.9046946780917,186,0.0
1,0,40.709733623777744,9,0.0
1,0,47.24998466180514,3,0.0
2,2,48.5706856331635,3,0.0
1,2,118.9046946780917,12,0.0
1,0,12.087032440820662,17,0.0
1,2,118.9046946780917,114,0.0
1,1,28.037056101347794,11,0.0
1,2,111.60349871374105,10,0.0
1,0,43.72953599856019,15,0.0
1,0,39.709733623777744,9,0.0
1,2,54.11519829654245,12,0.0
1,1,66.31911518225834,13,0.0
1,1,82.9334944311043,6,-2.5
2,0,45.13331288240685,3,0.0
1,1,27.785312811718903,14,-2.5
1,0,18.149262628147422,16,0.0
1,0,37.493483160617224,12,0.0
1,1,72.37465027911223,178,0.0
1,2,80.66461210822409,14,0.0
1,2,118.91461578274777,117,0.0
2,3,49.353710224766054,4,0.0
1,1,35.80618284594719,8,0.0
2,1,46.42507290161642,5,0.0
1,1,79.55434345795547,17,0.0
1,2,80.0866724461548,45,0.0
1,2,110.8121539674366,71,0.0
1,0,43.98154391687995,6,0.0
1,2,118.91461578274777,38,0.0
2,0,47.25371022476605,4,0.0
1,1,60.81404605175503,13,-2.5
1,1,21.699928594466673,15,-2.5
1,2,72.40663698190833,12,0.0
1,1,100.33326159779726,198,0.0
1,2,104.73483969030838,25,0.0
1,2,79.39273305607396,19,0.0
1,0,36.36069792282337,13,0.0
1,2,53.558925822990304,17,0.0
1,0,77.08407398089766,18,0.0
1,0,101.35304979457916,2,0.0
1,2,103.8321635149241,3,0.0
1,2,118.91461578274777,195,0.0
1,3,43.63030126754021,16,0.0
1,1,75.90962635996432,12,0.0
1,2,70.28828266477714,179,0.0
1,3,12.915280609233339,19,0.0
1,0,35.27433030848828,14,0.0
1,0,45.07823283021782,5,0.0
1,1,5.915280609233341,19,0.0
1,2,118.91363238566491,278,0.0
1,2,94.8621367982217,207,0.0
1,1,114.73294284650439,16,0.0
1,3,69.64736335067103,15,0.0
2,2,47.47501652438041,5,0.0
1,1,77.79888729842283,14,0.0
1,2,118.91363238566491,15,0.0
1,1,52.445311596153466,18,0.0
1,1,69.14736335067103,15,0.0
1,3,71.72767843741994,14,0.0
1,1,13.855837807517023,20,-2.5
1,2,64.67302952113572,31,0.0
1,1,50.826425992720836,20,-2.5
1,0,71.14736335067103,15,0.0
2,1,44.04872660574309,6,0.0
1,2,49.991088395502295,7,0.0
1,2,41.05412395231526,11,0.0
1,2,73.58181389966674,18,0.0
2,1,44.04872660574309,6,0.0
1,0,49.93965488276206,7,0.0
1,3,34.308662310731414,15,0.0
1,2,46.18822540752641,4,0.0
1,1,58.135308337487814,15,-2.5
1,2,58.41222948050755,19,0.0
2,2,44.818523057804235,6,0.0
1,0,43.985862730285696,6,0.0
1,1,78.43721184013408,6,-2.5
1,1,55.0549932507389,16,-2.5
1,2,109.58814334782562,27,0.0
1,0,57.82175398427422,100,0.0
1,1,69.63530833748781,15,0.0
1,1,88.43721184013408,6,0.0
1,2,118.90762990006787,279,0.0
1,0,46.18822540752641,4,0.0
1,0,41.537931167608086,17,0.0
1,1,59.635308337487814,15,-2.5
1,2,61.41685707054715,15,0.0
1,0,35.27293416982835,14,0.0
1,2,77.25994063942558,14,0.0
1,0,42.08654495430732,6,0.0
1,0,42.890066961945095,7,0.0
1,0,90.53676624864292,24,0.0
1,0,32.02119088019946,17,0.0
1,2,118.91541203120462,235,0.0
1,1,73.29101777489288,20,0.0
1,3,65.14402411082912,15,0.0
1,1,79.16278062711257,17,0.0
1,2,118.91541203120462,17,0.0
1,3,64.01441423292155,20,0.0
1,2,118.91541203120462,138,0.0
1,2,118.91541203120462,51,0.0
1,3,52.33275192823923,19,0.0
1,2,53.5184889797547,7,0.0
1,0,13.800552727832597,20,0.0
1,3,55.149467923993335,22,0.0
1,1,57.64402411082912,15,-2.5
1,0,41.80547899314972,8,0.0
1,2,76.08672542900403,19,0.0
1,2,114.82142483667535,15,0.0
1,3,47.268353527425965,20,0.0
1,2,104.08020126671087,18,0.0
1,1,11.3355770341453,20,-2.5
1,1,74.47704290462535,17,0.0
2,3,123.12367842569299,5,75.07608055303865
1,3,40.45334319881271,18,0.0
1,1,54.55072036869244,16,-2.5
1,2,118.91541203120462,17,0.0
1,2,60.86935762223762,190,0.0
2,0,47.82563597498475,2,0.0
1,2,118.91541203120462,71,0.0
1,1,54.402800540864654,18,0.0
1,0,26.70891072570964,22,0.0
1,0,79.98121169754263,17,0.0
1,2,118.91541203120462,229,0.0
2,1,42.673971990866285,8,0.0
1,2,70.64172781162705,43,0.0
1,3,35.779305658851484,14,0.0
1,0,39.92806574849005,8,0.0
1,0,41.827383524468424,8,0.0
2,2,60.36325108044701,9,0.0
1,2,73.23723233758227,44,0.0
1,1,40.07557668697144,23,-2.5
2,3,120.49182344299712,6,0.0
1,1,54.070132873807225,16,-2.5
1,3,13.862711674382185,19,0.0
1,0,44.02974620170914,6,0.0
2,0,47.7173091147477,9,0.0
1,1,57.19446229040406,21,0.0
2,1,89.50945805433996,6,0.0
1,1,66.47682913167054,17,0.0
1,2,114.68855940311813,29,0.0
1,0,16.664431303483937,22,0.0
1,1,51.13440031656381,22,-2.5
1,0,31.260400824550388,21,0.0
1,1,55.89651404492163,18,0.0
1,2,60.75373994432143,7,0.0
1,1,46.19446229040407,21,0.0
1,0,52.634400316563806,22,0.0
2,0,38.770754331320056,8,0.0
2,2,43.14055078338121,8,0.0
1,0,33.28713248644103,14,0.0
1,0,35.174853604944936,18,0.0
1,2,102.38603134065937,210,0.0
2,3,42.840550783381204,8,0.0
1,2,118.9261087629781,74,0.0
2,3,63.963251080447,8,0.0
1,3,9.76168579712341,21,0.0
1,2,55.15829323812193,6,0.0
1,1,10.667026828486817,22,0.0
2,3,46.4322401550087,3,0.0
1,2,118.94036533767611,269,0.0
1,3,76.3940690070207,22,60.0
1,3,11.803077012058298,20,0.0
1,3,63.417194469346654,18,0.0
1,2,107.67766530721329,212,0.0
1,2,92.08257596743891,24,0.0
1,0,28.8030770120583,20,0.0
1,0,29.8770369259722,19,0.0
1,2,80.54830040577001,183,0.0
1,2,118.94036533767611,105,0.0
1,2,81.64344365907593,19,0.0
1,2,35.767748862144536,9,0.0
1,0,118.94036533767611,140,0.0
1,0,30.963846340414996,18,0.0
1,1,44.33687938259774,19,-2.5
1,1,12.877036925972192,19,0.0
2,3,117.87897722656527,7,0.0
1,2,109.17365012665778,5,0.0
2,1,81.55879729599054,9,0.0
1,2,70.34351700527957,19,0.0
1,2,118.94036533767611,22,0.0
1,2,118.94036533767611,75,0.0
1,0,63.26927464151886,20,0.0
1,2,118.94036533767611,43,0.0
1,0,42.97011153938525,7,0.0
1,2,56.23570108189278,43,0.0
1,3,7.640167991339382,23,0.0
1,0,18.580725189623063,25,0.0
2,3,140.0,9,75.765747317225
1,2,118.93811685653986,283,0.0
1,1,39.30059088203366,11,-2.5
1,2,118.93811685653986,75,0.0
1,2,50.818258374308535,50,0.0
1,2,118.93811685653986,10,0.0
1,2,112.34092426697293,21,0.0
2,3,63.53456067273497,11,0.0
1,0,66.9486150680232,18,0.0
1,0,35.347448120078674,14,0.0
2,0,46.45538210094003,3,0.0
1,2,78.28571343721805,24,0.0
1,2,57.34153657570502,20,0.0
1,2,118.93811685653986,77,0.0
1,0,62.20739149805872,21,0.0
1,1,59.2749962391376,20,0.0
1,1,72.32761125944441,18,0.0
1,2,118.93811685653986,44,0.0
1,1,80.15721482853279,10,0.0
1,0,40.807546171903475,9,0.0
1,0,29.901963196954853,19,0.0
1,0,34.29315237447853,15,0.0
1,2,81.32665391831847,46,0.0
1,1,42.583047139833155,23,0.0
1,1,57.22070049353746,21,0.0
1,1,36.20363841040664,18,0.0
1,0,67.74988372933149,20,0.0
1,2,68.0304347687821,105,0.0
1,1,58.52495392596433,21,0.0
1,2,72.16262637554087,124,0.0
1,2,105.58455901908914,121,0.0
2,0,38.85782679591489,11,0.0
1,2,118.94570425439986,10,0.0
1,0,68.87941642948198,25,0.0
1,3,89.65487182867074,12,0.0
1,2,59.724916234416625,11,0.0
1,2,118.94570425439986,76,0.0
1,3,60.89431932242305,19,0.0
1,2,69.6624957345418,191,0.0
1,1,38.65156997308425,11,0.0
1,0,16.42917495038345,26,0.0
1,2,118.94570425439986,24,0.0
1,1,50.58035304344879,6,0.0
1,0,29.938641412626907,19,0.0
1,2,118.94570425439986,284,0.0
1,2,118.94570425439986,122,0.0
1,0,28.084587273166214,24,0.0
1,2,118.94570425439986,233,0.0
1,1,7.618071446145875,23,0.0
1,2,85.13547063084918,48,0.0
2,3,134.78821339525607,11,0.0
1,0,63.66615628557963,22,0.0
1,0,28.92590848119073,20,0.0
1,3,13.39014948645678,27,0.0
1,3,43.32853317861669,27,0.0
1,0,90.58046824822618,24,0.0
1,2,84.52712798423737,47,0.0
1,2,118.94545579204217,23,0.0
1,2,118.94545579204217,78,0.0
1,1,48.964104531062056,25,0.0
1,0,28.884097204669075,20,0.0
1,1,44.09855154450075,23,0.0
2,1,39.02941725240726,12,0.0
2,1,37.45176785197111,12,0.0
1,2,70.2189211278703,10,0.0
1,0,26.70631382895408,22,0.0
1,2,98.94545579204217,1,0.0
1,2,97.29999581242093,285,0.0
1,1,68.85853163074867,22,0.0
1,0,36.59702576512642,12,0.0
1,0,28.056774727099025,18,0.0
1,0,29.94449584560293,22,0.0
1,1,85.12528254428221,24,0.0
1,2,118.94545579204217,13,0.0
1,0,6.425051963353726,26,0.0
1,2,118.94545579204217,22,0.0
1,0,28.97023057139458,19,0.0
1,1,55.166156285579625,22,0.0
1,3,3.434073544141932,26,0.0
1,1,55.166156285579625,22,0.0
1,2,118.94545579204217,57,0.0
1,2,73.35665787354516,11,0.0
1,2,102.08319253771703,2,0.0
1,0,63.775487525640706,21,0.0
1,0,7.432016142644171,26,0.0
1,0,39.825445623122874,10,0.0
1,2,118.93571241117547,31,0.0
1,2,118.93571241117547,26,0.0
1,0,25.642026240129557,23,0.0
1,2,65.0071045132324,167,0.0
1,2,118.93571241117547,24,0.0
1,1,53.101868696755105,23,0.0
1,2,118.93571241117547,80,0.0
1,1,17.174320577696168,17,0.0
1,2,118.93571241117547,79,0.0
1,0,33.01228951305695,25,0.0
2,3,40.4435036595786,13,0.0
1,1,51.034263955676224,24,0.0
1,2,116.88116820321764,204,0.0
1,0,62.60186869675511,23,0.0
1,0,65.63105193254913,22,0.0
1,1,48.964215343050796,25,0.0
1,2,114.8268724576175,24,0.0
1,2,118.93571241117547,109,0.0
2,2,40.232717733538415,13,0.0
2,3,26.91122720043134,13,0.0
2,1,30.211227200431352,13,0.0
1,2,60.18901493894348,53,0.0
1,2,57.187532929970956,7,0.0
1,3,78.5692601326302,13,0.0
2,2,40.05069147280198,5,0.0
1,0,55.003881041951814,28,0.0
1,0,105.25634019205977,3,0.0
1,2,83.85225099920184,22,0.0
1,3,83.47812775060244,15,0.0
1,2,105.25634019205977,3,0.0
1,3,53.41817360363593,10,0.0
1,0,41.76428748568711,15,0.0
1,0,93.7562239878554,26,0.0
1,0,31.11640829641024,18,0.0
1,2,118.94208771871406,123,0.0
1,3,5.510154044929715,25,0.0
1,2,70.12115018417731,12,0.0
1,2,78.82743836423295,24,0.0
1,1,25.06955105836522,15,-2.5
1,1,71.92617500486435,14,0.0
1,1,75.3304382905035,24,0.0
2,1,24.300677492050088,14,0.0
1,0,47.47635167439029,25,0.0
1,0,57.97635167439029,25,0.0
1,0,33.47482589501596,14,0.0
1,0,13.252430872315154,29,0.0
1,1,71.92617500486435,14,0.0
1,2,118.94208771871406,24,0.0
2,3,108.27283740490012,8,69.49782787272954
1,1,26.064236528020025,24,-2.5
1,0,25.701862360360558,23,0.0
1,2,118.93996502580195,288,0.0
1,3,48.65754027015671,23,0.0
1,0,20.314068887160175,28,0.0
1,2,71.53190882577879,169,0.0
1,1,57.13544538902292,24,0.0
2,3,43.40878805955976,15,0.0
1,1,42.2218077129133,29,0.0
1,0,60.146268087566824,27,0.0
1,2,64.67068326999235,33,0.0
1,2,74.30386040255924,146,0.0
1,2,118.93996502580195,27,0.0
1,1,67.77185027428831,16,0.0
1,1,6.201862360360546,23,0.0
1,1,41.483921441271114,25,0.0
1,1,52.064236528020025,24,0.0
2,0,77.88818670755504,15,0.0
1,2,63.712337242517314,9,0.0
2,0,45.266545266805,3,0.0
1,2,118.92855906735221,24,0.0
1,2,118.92855906735221,16,0.0
1,2,118.92855906735221,27,0.0
1,0,23.53944746644057,25,0.0
1,0,34.4450304413892,15,0.0
1,2,73.15515902313376,29,0.0
1,3,7.716554794438261,23,0.0
1,2,38.297142140646486,17,0.0
1,0,22.452638051997774,26,0.0
1,1,48.2167339410502,26,0.0
1,0,63.571196444567846,30,0.0
1,2,118.92855906735221,218,0.0
2,2,46.837957356607944,4,0.0
1,2,118.92855906735221,207,0.0
1,2,68.32385860907027,228,0.0
1,1,8.710428754105763,29,-2.5
1,1,2.3098514612317347,28,0.0
1,2,68.06129725931969,34,0.0
1,0,11.120954965469311,31,0.0
1,3,23.131303192472032,25,0.0
1,0,55.186927705334426,13,0.0
2,0,30.40526439968327,17,0.0
1,1,96.13266621849725,210,0.0
1,0,22.452638051997774,26,0.0
1,0,58.706282358000486,30,0.0
1,0,6.657755276344107,24,0.0
1,0,55.33876191154294,29,0.0
1,0,25.744299432048564,23,0.0
1,2,51.59316381243159,3,0.0
1,1,53.005204938280976,26,0.0
1,1,42.78607624945029,28,0.0
1,2,48.14989149096282,29,0.0
1,0,28.09407547252759,27,0.0
2,2,78.04786610656578,17,0.0
1,2,118.94120048190584,62,0.0
1,0,21.71756777015792,30,0.0
1,0,35.04188602821559,30,0.0
2,1,47.03947367459036,17,0.0
1,1,20.43399607727808,26,-2.5
1,1,16.88523269409758,17,-2.5
1,2,118.94120048190584,278,0.0
1,1,40.71602763682486,29,0.0
1,0,31.188754701735363,18,0.0
1,1,8.032743632578969,32,-2.5
1,0,48.40548001558195,2,0.0
1,2,51.11757635809167,5,0.0
1,1,1.2510519431375797,29,0.0
1,2,118.94120048190584,28,0.0
1,1,51.11594399982247,24,0.0
1,0,28.76410180683101,29,0.0
1,2,44.23846130527225,25,0.0
1,2,118.94120048190584,109,0.0
1,2,91.61087772118672,130,0.0
2,2,63.42033136344378,16,0.0
1,2,87.82656749618786,198,0.0
1,2,94.78875305916205,131,0.0
1,3,68.27609744066815,18,0.0
1,0,27.05651895666688,20,0.0
1,2,118.95502501426388,278,0.0
1,2,62.70158779977975,28,0.0
1,1,41.35271495577107,31,0.0
1,1,35.69092459418823,18,-2.5
1,2,118.95502501426388,143,0.0
1,2,118.95502501426388,114,0.0
1,2,116.72564843012321,291,0.0
1,1,50.6293184977424,31,0.0
1,2,81.29502038525983,172,0.0
2,1,20.453676944481927,18,0.0
1,1,42.808706004793045,28,0.0
1,0,33.44193816158055,16,0.0
1,3,32.67105265108875,30,0.0
1,3,29.671052651088754,30,0.0
1,2,118.95502501426388,33,0.0
1,0,44.669639710800205,19,0.0
1,2,72.85891889405964,28,0.0
1,0,20.348863548167497,28,0.0
1,2,48.05088221946817,33,0.0
1,1,21.791643921662228,25,0.0
1,1,49.070969014086344,25,0.0
1,3,31.741101263714175,29,0.0
2,1,33.04394110935931,19,0.0
2,1,15.47414465729817,19,0.0
2,2,63.647499095278526,18,0.0
2,1,47.923817722325495,2,0.0
1,3,40.77405678940523,29,0.0
1,3,63.68892989653095,23,0.0
1,1,89.99424249927915,213,0.0
1,2,45.991919869444956,24,0.0
1,2,118.96535078461218,247,0.0
1,2,118.96535078461218,20,0.0
1,1,11.85437187615414,28,-2.5
1,2,77.12663376000373,33,0.0
1,2,76.12617824755318,29,0.0
2,3,46.17874939262262,13,0.0
1,0,21.491997708494672,27,0.0
2,0,30.677041854350684,20,0.0
1,2,118.96535078461218,53,0.0
1,2,118.96535078461218,60,0.0
1,2,77.70105418296694,37,0.0
1,3,48.44767561829082,27,0.0
2,0,67.4750338384005,19,0.0
1,2,57.56271104956053,7,0.0
1,2,93.92382080589682,113,0.0
1,2,118.96535078461218,210,0.0
1,3,42.85437187615414,28,0.0
1,0,27.204926268952022,19,0.0
1,2,118.96535078461218,278,0.0
1,2,118.96535078461218,37,0.0
1,2,77.18026554724167,221,0.0
1,2,118.96535078461218,86,0.0
1,0,52.70645204832635,30,0.0
1,1,34.57200503488766,32,0.0
2,1,39.868192311057456,6,0.0
1,3,16.756994706274405,30,0.0
1,2,118.97346572637326,85,0.0
1,2,118.97346572637326,145,0.0
1,1,28.629741105173682,20,-2.5
1,1,52.22704288547687,21,-2.5
1,2,74.68771843361802,130,0.0
1,1,32.54547076126092,33,0.0
2,1,35.884680032814835,8,0.0
1,1,39.74752251577849,30,0.0
1,0,18.287680059152944,30,0.0
1,2,31.219845830542436,22,0.0
2,3,47.28468003281484,8,0.0
1,0,51.67991777469961,31,0.0
1,2,72.98713122331353,34,0.0
1,1,46.56813500872785,33,0.0
1,1,57.05355928635785,28,0.0
2,1,53.400828188869035,18,0.0
1,2,52.86281371416409,18,0.0
1,2,101.45823064103988,203,0.0
1,2,84.51343811882221,41,0.0
1,2,69.37106538165757,30,0.0
1,3,118.97346572637326,31,0.0
1,3,11.130314129708342,26,0.0
1,0,25.9085606755667,23,0.0
2,0,67.30632147356486,20,0.0
1,2,48.246034228861795,21,0.0
1,2,47.97380517856772,35,0.0
1,1,59.62974110517367,20,0.0
1,2,118.97346572637326,293,0.0
1,3,9.106290026193475,27,0.0
1,0,27.058572123469823,22,0.0
1,2,84.83375004591899,233,0.0
1,2,64.9084330171019,7,0.0
1,3,35.26750736324165,34,0.0
2,3,26.611429497959737,22,0.0
1,0,18.48325060787473,29,0.0
2,3,48.73256357023631,22,0.0
1,1,30.521446657746058,34,0.0
2,1,19.209863273170523,21,0.0
1,0,22.016137693903403,34,0.0
1,2,61.465160695633124,33,0.0
1,2,118.97597589648514,281,0.0
1,1,6.30381349901254,30,-2.5
1,1,30.083150962174958,16,0.0
1,2,118.97597589648514,22,0.0
1,1,66.47203520927309,31,0.0
1,0,18.350465370080876,30,0.0
1,2,104.92614692585705,134,0.0
1,1,43.22349841226362,31,0.0
2,1,33.319314561461674,9,0.0
1,2,118.97597589648514,280,0.0
1,0,50.678917755447614,23,0.0
2,3,41.40969620849489,5,0.0
2,2,40.55423061378251,13,0.0
2,3,17.229819595528728,22,0.0
1,2,88.96016986719292,64,0.0
1,1,29.173546575046043,34,0.0
1,1,21.570684243427472,22,-2.5
1,2,94.55705333677494,282,0.0
1,0,23.598886470334126,34,0.0
1,2,69.65594197552835,22,0.0
1,3,67.12263698916556,23,0.0
1,0,16.228623197406733,32,0.0
1,0,57.3471815899768,36,0.0
1,2,87.42917016423209,224,0.0
1,2,83.52559138830415,206,0.0
2,1,44.82261463716087,16,0.0
1,1,3.0186130999213443,35,-2.5
1,2,118.96496724176865,30,0.0
1,1,45.167986023730656,23,-2.5
2,3,31.073477100625958,21,0.0
1,2,104.69316225671902,23,0.0
2,2,40.12251850517929,6,0.0
1,0,15.195915312226129,33,0.0
1,2,118.9672921148194,245,0.0
2,3,29.30456982966717,23,0.0
1,3,34.73607285560058,32,0.0
1,0,24.990831480057874,24,0.0
1,1,26.45370601433411,36,0.0
1,2,118.9672921148194,67,0.0
1,1,32.65575776885167,33,0.0
1,2,84.86061037950672,133,0.0
1,0,11.98590521474074,36,0.0
1,0,16.546376210371076,29,0.0
1,0,49.64620987026701,24,0.0
1,0,85.01648997240655,214,0.0
1,2,78.17361620907941,12,0.0
1,2,118.9672921148194,296,0.0
1,0,28.28898992563919,21,0.0
2,1,27.47347710062596,21,0.0
1,0,81.85089010348153,37,0.0
2,2,96.04301247545074,2,0.0
1,0,37.73607285560058,32,0.0
1,2,118.9672921148194,19,0.0
1,3,32.329376597737266,31,0.0
2,0,101.87764700409758,3,0.0
1,0,16.282724726668928,32,0.0
1,2,118.9672921148194,34,0.0
1,2,103.46227089004952,22,0.0
2,2,26.735069026596275,24,0.0
1,2,118.97287439769683,133,0.0
2,1,36.99282623384151,12,0.0
1,3,35.18043119160128,9,0.0
1,0,66.42764662193107,50,0.0
1,2,118.97287439769683,283,0.0
1,0,16.43270645236346,31,0.0
2,3,26.18337494555036,24,0.0
1,0,20.869026648546928,34,0.0
1,0,20.70108404748958,28,0.0
1,2,118.97287439769683,135,0.0
1,0,47.56102742546962,35,0.0
1,0,55.59477719572929,22,0.0
1,2,94.92270866741151,236,0.0
1,3,20.305863111043887,27,0.0
1,2,88.40047293282754,137,0.0
1,2,96.70328329915841,64,0.0
1,2,118.97287439769683,297,0.0
1,1,38.44924465949786,37,0.0
2,0,8.01357849348921,24,0.0
1,2,118.97287439769683,60,0.0
1,0,56.09602360242361,24,0.0
1,0,25.49097881284421,36,0.0
1,1,65.73608240602113,34,0.0
1,1,36.8908951758418,31,0.0
1,1,10.990998263834234,25,-2.5
2,2,36.550720278420265,11,0.0
2,1,45.88986436978653,7,0.0
1,2,81.93818692754147,228,0.0
1,2,58.27714190485247,23,0.0
1,2,118.98014750789054,33,0.0
1,2,87.93581284845705,34,0.0
1,2,118.98014750789054,44,0.0
1,0,22.406727919921476,38,0.0
1,1,4.7231589232849975,28,-2.5
1,0,54.267495610383556,39,0.0
1,3,30.9829968626058,21,0.0
1,1,54.57492470361983,23,0.0
1,2,118.98014750789054,136,0.0
1,3,36.469713380446194,26,0.0
1,3,49.490998263834214,25,0.0
2,3,41.247982640991516,16,0.0
1,2,97.94635650179808,43,0.0
2,2,7.553775170676606,25,0.0
2,0,55.65466435177891,25,0.0
1,0,26.56639407478862,38,0.0
1,3,6.591717591308221,36,0.0
1,0,93.52198909014487,209,0.0
1,1,19.665969298862002,38,-2.5
1,0,58.46658470673895,36,0.0
1,2,107.57953363436496,156,0.0
2,2,32.63658408816731,23,0.0
1,0,10.051874962050748,37,0.0
1,2,118.97689765815116,62,0.0
1,2,81.60563726676871,12,0.0
2,1,25.180036518943993,24,0.0
1,3,31.137476357642974,11,0.0
1,0,14.30361825167965,34,0.0
1,2,118.97689765815116,37,0.0
1,2,118.97689765815116,92,0.0
2,0,72.89052789598048,26,0.0
2,1,34.607186642421496,13,0.0
2,3,29.712665375846957,21,0.0
1,2,78.78080966722005,40,0.0
1,2,118.97689765815116,299,0.0
1,0,11.051874962050752,37,0.0
1,2,15.690568314087269,34,0.0
1,2,53.640695071160756,180,0.0
2,1,28.859435166939267,26,0.0
1,1,16.14286695701316,39,-2.5
2,3,30.283686368637404,13,0.0
2,3,15.959435166939292,26,0.0
2,3,27.161279049917383,26,11.201843882978089
2,3,27.011129247985203,26,0.0
1,3,25.129686283568226,39,0.0
1,0,49.0856773325902,36,0.0
1,3,28.66599241933911,35,0.0
1,1,15.518072591511334,37,0.0
1,1,52.826809364448536,26,0.0
1,2,118.97689765815116,135,0.0
1,2,55.57083923964733,39,0.0
1,0,44.49281391033177,38,0.0
1,1,42.86645542199001,35,0.0
1,1,13.49281391033179,38,0.0
1,2,84.88134698456594,13,0.0
1,1,3.9426372408058494,27,-2.5
2,0,33.50187488032438,15,0.0
2,3,11.325524337024598,28,0.0
1,2,51.52663806409852,61,0.0
1,2,118.97474131882045,91,0.0
1,3,24.234037480296248,35,0.0
1,2,75.0470990536863,255,0.0
1,2,118.97474131882045,28,0.0
1,2,98.12854868589923,137,0.0
1,2,118.97474131882045,40,0.0
1,0,24.748623689097087,40,0.0
1,2,118.97474131882045,68,0.0
1,0,10.026616280871208,38,0.0
1,0,25.28399557777843,24,0.0
1,0,17.800813133409083,37,0.0
1,3,4.543356568279837,38,0.0
1,0,18.72145681119887,30,0.0
2,0,2.1226271399720837,27,0.0
1,2,118.97474131882045,34,0.0
2,3,53.352309822145756,28,0.0
2,1,24.184283415085368,13,0.0
1,2,52.68855837090421,70,0.0
1,1,11.212898594955831,25,-2.5
1,0,12.336088063029129,35,0.0
1,0,31.769900048856343,42,0.0
1,2,61.94989112516858,122,0.0
1,0,46.69436042350988,40,0.0
1,1,17.01709469822794,40,0.0
1,1,31.496461282597174,28,0.0
1,2,94.55225256403425,17,0.0
1,3,48.999405213089275,28,0.0
1,0,24.255590703581948,25,0.0
1,3,36.04648896579312,30,0.0
2,0,24.272911174150508,28,0.0
1,0,16.937873157688017,36,0.0
1,1,16.32996202269661,41,0.0
1,2,118.97159512580352,72,0.0
1,2,101.23924673446156,138,0.0
2,3,6.451420641043449,28,0.0
1,1,0.41423236660936613,28,-2.5
1,2,107.91736206194535,240,0.0
1,2,118.97159512580352,139,0.0
1,2,118.97159512580352,17,0.0
1,0,43.46440903613529,39,0.0
2,1,30.66896856858679,15,0.0
1,0,19.867087488420374,29,0.0
1,3,28.165259828137135,32,0.0
1,1,8.894360423509879,40,0.0
1,2,110.07459528376621,27,0.0
1,0,8.158980735031426,37,0.0
1,3,3.7508364610628844,37,0.0
1,3,15.032013777214182,38,0.0
1,0,45.66384886358582,41,0.0
2,3,22.898895760918432,29,0.0
1,2,118.96948844007595,73,0.0
1,2,118.96948844007595,40,0.0
1,2,118.96948844007595,47,0.0
1,1,38.80753898786947,37,0.0
1,1,46.74263424914845,29,0.0
1,2,81.3448532653961,257,0.0
2,3,33.32435060110053,26,0.0
1,0,42.43389747621123,40,0.0
1,2,118.96948844007595,48,0.0
1,1,26.76376522658341,36,0.0
2,2,18.30968168695862,29,0.0
1,2,19.07147461959572,29,0.0
1,1,7.863848863585821,41,0.0
1,0,15.573954098231194,33,0.0
1,2,91.21157447061832,223,0.0
2,3,34.63999672150464,23,0.0
1,0,54.359307249590024,40,0.0
1,0,6.967699846750663,40,0.0
1,1,13.001502217290124,39,0.0
1,2,107.5589371854496,140,0.0
1,1,42.73081874798672,29,0.0
2,1,26.52040697657785,23,0.0
1,1,92.94175111865181,2,-2.5
2,2,14.676885251307004,30,0.0
2,1,12.906228732789065,30,0.0
1,2,118.97226267857587,75,0.0
1,1,12.271713141348418,43,0.0
1,2,79.51712958259691,29,0.0
2,0,38.44317799835578,12,0.0
1,2,94.34420875845888,224,0.0
1,1,82.87554541636217,43,0.0
2,2,24.511693534570277,24,0.0
1,2,116.39428573475425,29,0.0
2,0,38.00129626956077,21,0.0
1,0,22.20410890743627,30,0.0
2,3,19.278729134285093,30,0.0
2,1,43.14835277478549,9,0.0
1,2,90.86846316264752,42,0.0
1,2,118.97226267857587,252,0.0
1,2,118.97226267857587,37,0.0
1,0,14.714159377864409,40,0.0
1,1,20.55407998261489,39,0.0
1,3,20.84798208403274,26,0.0
1,0,29.71165116750815,44,0.0
1,2,118.97226267857587,45,0.0
2,0,29.699983060042058,11,0.0
1,1,12.958845816879748,42,0.0
2,1,42.85336274166659,12,0.0
1,2,55.41475910699573,70,0.0
1,0,50.10152794100577,30,0.0
1,0,32.988240084444925,32,0.0
1,2,118.97226267857587,48,0.0
2,3,34.444562507748834,31,0.0
2,2,21.584342217769176,31,0.0
1,3,41.131116444283634,39,0.0
2,2,28.19901113191108,28,0.0
1,0,40.389892874319145,42,0.0
1,1,37.339716204793206,31,0.0
1,2,118.98373271953206,292,0.0
1,2,17.76175104782491,41,0.0
1,0,27.45749761539803,41,0.0
1,2,118.98373271953206,72,0.0
2,2,5.652065758621923,31,0.0
1,0,6.99765515877249,41,0.0
1,1,24.278110108347388,44,0.0
2,3,46.852954939724235,31,0.0
1,2,82.76675231188163,30,0.0
1,1,15.889892874319155,42,0.0
2,1,29.644562507748844,32,0.0
1,2,118.98373271953206,31,0.0
2,1,16.723706093661164,31,0.0
2,2,4.654962955674437,32,0.0
1,3,29.131116444283624,39,0.0
1,2,100.09150141956223,234,0.0
1,2,69.11807127477618,20,0.0
1,2,87.98986112385339,58,0.0
1,0,37.92353675352524,44,0.0
1,2,64.88734092026654,29,0.0
2,0,16.3837411855057,30,0.0
1,0,19.62666087019791,45,0.0
2,2,19.414833914546914,32,0.0
1,2,118.98095821711344,12,0.0
1,2,30.95293102109042,34,0.0
1,2,100.86566781676336,18,0.0
1,2,118.98095821711344,31,0.0
2,2,31.885840130566756,32,0.0
2,1,44.294232562542156,32,0.0
1,3,3.744745135629554,43,0.0
1,2,118.98095821711344,73,0.0
1,2,118.98095821711344,43,0.0
2,1,18.863139833500973,32,0.0
1,3,46.87262716764475,33,0.0
2,3,26.072591121792144,20,0.0
2,2,7.293343381439847,32,0.0
1,1,25.20847783769881,42,0.0
2,3,49.69423256254216,32,0.0
1,2,114.26874911099648,145,0.0
1,0,5.978613375885933,42,0.0
1,2,118.9830913353627,74,0.0
1,0,1.7516946137632363,46,0.0
1,0,100.48088866892272,43,0.0
1,2,30.727583938453527,41,0.0
1,1,26.852138091775895,46,0.0
2,0,7.636605095466655,33,0.0
1,3,7.444265423434573,45,0.0
1,0,2.8877447973347206,44,0.0
1,2,86.0827972594164,45,0.0
1,1,3.783893814169878,45,0.0
1,2,118.9830913353627,42,0.0
2,1,25.729961911050363,34,0.0
2,0,9.027862965989295,31,0.0
1,2,94.41737019865653,261,0.0
2,2,11.516712902275737,21,0.0
1,0,73.51592464306785,37,0.0
1,2,118.9830913353627,213,0.0
1,2,117.6546994237693,146,0.0
1,2,74.64159863737916,33,0.0
1,0,88.18527555343613,47,0.0
1,1,75.35483174716562,7,-2.5
1,2,118.99370323070208,101,0.0
1,2,47.114623153648324,35,0.0
1,2,118.99370323070208,41,0.0
2,3,28.64540920122018,17,0.0
2,1,28.909054313524877,27,0.0
1,0,8.305868840095652,40,0.0
1,0,10.3256712148781,46,0.0
1,2,60.00763918008395,48,0.0
1,2,118.99370323070208,255,0.0
1,0,41.26785176604756,47,0.0
1,1,5.91525039857626,44,0.0
1,0,10.487702279517329,38,0.0
1,2,118.99370323070208,143,0.0
1,1,85.54324128273147,47,0.0
1,0,18.138827324944025,31,0.0
1,0,17.60345543626268,47,0.0
1,1,21.18527240376358,44,0.0
2,3,34.38994360650779,25,0.0
1,1,2.894770768274622,35,-2.5
1,2,78.10111330175744,34,0.0
1,1,6.986414736698988,36,0.0
1,0,42.774352049239106,40,0.0
2,2,10.650350192710354,23,0.0
1,2,52.905791571463396,46,0.0
1,3,7.354170394621254,46,0.0
1,2,61.71963315142827,29,0.0
2,3,4.203526153662559,35,0.0
1,2,54.62202339834853,226,0.0
1,2,119.00652473712388,35,0.0
1,3,56.34595625768923,50,0.0
1,2,110.56970253730056,237,0.0
2,2,17.175707187682484,29,0.0
1,2,96.5492630329823,34,0.0
1,0,16.37938953604971,48,0.0
1,3,40.85594647083341,36,0.0
2,0,33.863599201484966,35,0.0
1,2,119.00652473712388,294,0.0
1,2,101.50962100362203,263,0.0
1,3,10.795992323866892,31,0.0
1,2,75.47612387095654,219,0.0
1,3,27.299530640414233,36,0.0
1,2,118.99553691531894,45,0.0
1,0,0.8835096804796216,47,0.0
1,0,22.41731205101906,46,0.0
1,2,36.50846990902991,40,0.0
1,3,114.9957648831449,25,0.0
1,2,118.99553691531894,36,0.0
1,0,35.34970730994018,47,0.0
2,2,18.124315088576896,37,0.0
2,0,30.52602580976488,27,0.0
1,0,60.787533110580895,6,0.0
1,3,10.777852033518789,51,0.0
1,0,23.655198322661235,50,0.0
1,3,6.961321001997094,49,0.0
1,3,32.09093087990467,44,0.0
1,1,14.23792454396842,49,0.0
2,2,3.630958272993184,36,0.0
2,3,40.732707520552275,36,0.0
2,2,17.11106607980227,24,0.0
1,2,118.99553691531894,35,0.0
2,3,13.125865993209237,23,0.0
1,2,88.49388190663727,227,0.0
1,2,58.190193207154024,227,0.0
2,1,31.778092281870695,18,0.0
2,2,13.60345867448921,36,0.0
1,1,71.8852982738049,8,-2.5
1,0,82.5442375702891,190,0.0
1,1,92.81429800248485,49,0.0
1,2,103.65189090358436,36,0.0
1,1,28.18701618576649,45,0.0
1,0,81.54209350078096,191,0.0
1,1,12.566691929262728,46,0.0
1,3,8.77570796401065,52,0.0
1,0,2.3057864230303315,43,0.0
1,2,118.99785593049187,36,0.0
2,1,28.05821774046573,31,0.0
2,1,7.945640227524338,28,0.0
2,2,15.267266581811693,37,0.0
1,0,34.79831358117619,39,0.0
1,2,118.99785593049187,148,0.0
1,2,78.52795243723442,55,0.0
1,1,35.92219002312193,37,0.0
2,1,3.5421810302000925,38,0.0
1,1,3.2131162269933666,50,0.0
1,0,45.3043470263546,42,0.0
2,2,10.206124284468872,31,0.0
1,0,3.2192422673258863,44,0.0
2,1,10.917116779879516,37,0.0
1,0,21.415167981510923,47,0.0
1,2,118.44649680510375,23,0.0
1,2,118.99785593049187,73,0.0
1,2,118.99785593049187,52,0.0
1,1,1.9033623828837436,48,0.0
1,0,56.48679649836436,47,0.0
1,2,118.98819440137281,57,0.0
2,2,28.202296320758208,18,0.0
1,2,71.62235573703987,48,0.0
1,2,118.98819440137281,240,0.0
1,1,0.33575764180487,49,0.0
1,2,118.98819440137281,311,0.0
1,0,20.403362382883728,48,0.0
2,0,30.14194801167602,36,0.0
2,0,19.99349748855869,35,0.0
1,2,81.46186766148298,222,0.0
1,3,71.03434198938213,42,0.0
1,3,50.32754350487283,53,0.0
1,1,2.9745267210064705,40,0.0
1,2,14.462490851415781,48,0.0
1,0,17.076981211769322,46,0.0
1,2,94.47043618953843,52,0.0
1,1,94.57814058239207,232,0.0
1,2,118.98819440137281,47,0.0
1,0,2.1213033019731844,46,0.0
1,3,6.483677469632643,47,0.0
1,1,5.809221763357578,46,0.0
1,1,41.134821738286675,36,0.0
1,2,80.53028790215377,192,0.0
2,0,2.193106898697164,39,0.0
2,3,42.019906553249854,37,0.0
1,1,0.8837497995536359,49,0.0
1,2,118.9803874166699,38,0.0
1,2,118.9803874166699,51,0.0
1,2,118.9803874166699,106,0.0
1,2,118.9803874166699,19,0.0
1,0,13.107326725921398,36,0.0
1,2,118.9803874166699,50,0.0
1,0,5.544787959341841,42,0.0
1,0,0.010716757370879515,48,0.0
2,0,26.163286939209783,28,0.0
2,1,6.456865122890511,39,0.0
1,0,75.669431079556,36,0.0
1,3,32.8179211346869,40,0.0
1,1,57.823331148143,12,-2.5
1,2,55.467183915034255,48,0.0
1,1,61.35173602233947,11,-2.5
2,0,20.923157869939303,21,0.0
1,0,12.571954837240055,52,0.0
2,0,26.07956541995629,39,0.0
1,2,86.4559103164808,79,0.0
2,2,15.784013778573051,25,0.0
1,0,40.04246573549814,53,0.0
1,2,118.9803874166699,35,0.0
1,1,8.535273747305423,48,0.0
1,3,0.8837497995536359,49,0.0
1,2,118.9803874166699,57,0.0
1,2,118.98351184531113,107,0.0
1,3,27.04088047375036,48,0.0
1,2,118.98351184531113,151,0.0
1,1,54.30684299345413,13,-2.5
1,1,3.7996569037858805,51,0.0
1,2,101.38366096253822,54,0.0
2,0,8.622148935310076,38,0.0
1,1,21.37571562441556,50,0.0
2,3,40.81616093200023,15,0.0
1,1,19.249480234259924,40,0.0
2,0,6.5547777922130415,35,0.0
1,2,42.447718051505156,5,0.0
1,2,118.94519169845296,268,0.0
1,0,7.702335356070961,41,0.0
2,0,5.65324166435129,40,0.0
2,0,36.905105569224546,39,0.0
1,2,118.98351184531113,36,0.0
1,2,86.03474778765191,54,0.0
2,0,17.671190339863404,23,0.0
1,0,87.44351267515356,194,0.0
2,0,2.4783059146718647,41,0.0
1,2,118.98351184531113,300,0.0
1,2,118.98351184531113,52,0.0
1,2,58.351365721776254,40,0.0
1,2,44.014317054137955,41,0.0
2,1,16.436355866568654,34,0.0
1,2,106.9457144769906,29,0.0
1,1,37.0987210002677,38,0.0
1,2,68.89371444528085,85,0.0
1,2,118.99325553271073,314,0.0
1,0,3.2709379938773475,53,0.0
1,2,73.02465833683088,27,0.0
1,2,118.99325553271073,82,0.0
1,0,88.87571878492277,81,0.0
1,2,118.99325553271073,263,0.0
1,3,12.034136006461086,49,0.0
1,3,4.721057160075216,56,0.0
1,0,8.893067110341379,40,0.0
1,2,118.99325553271073,48,0.0
1,2,118.99325553271073,105,0.0
1,2,58.485011455366305,137,0.0
2,0,32.190314355960844,41,0.0
2,0,10.78192192398547,42,0.0
2,2,19.910915707965614,41,0.0
1,0,30.2929124364966,52,0.0
2,1,0.4537092631734714,33,0.0
1,2,31.07551824520279,49,0.0
2,3,5.212451835827359,36,0.0
2,3,18.84881809790285,33,0.0
2,3,3.8776372885567527,37,0.0
1,2,118.99888908954705,53,0.0
1,0,16.439721353871445,51,0.0
2,0,30.855499808690237,42,0.0
1,0,2.5204444269107578,45,0.0
2,1,9.126250962627179,42,0.0
2,1,46.45549980869026,42,0.0
1,2,118.99888908954705,60,0.0
2,1,7.065108665284357,36,0.0
1,2,118.99888908954705,151,0.0
1,1,5.180018760071893,55,0.0
1,2,79.1937052665143,233,0.0
1,1,60.252280387332405,42,0.0
1,0,1.5998007491209705,52,0.0
1,0,23.84448718813631,54,0.0
1,2,79.50231134324115,222,0.0
1,0,52.79422545044921,43,0.0
1,2,118.99888908954705,244,0.0
1,2,118.99888908954705,51,0.0
1,0,29.291801526043646,53,0.0
1,1,15.326599322328963,55,0.0
2,2,4.82440707964908,42,0.0
1,2,109.49739396599755,233,0.0
1,2,118.99888908954705,50,0.0
1,2,118.99888908954705,53,0.0
1,1,5.51093021487434,51,0.0
1,0,50.41605559637236,53,0.0
2,2,17.994049836207115,25,0.0
1,2,119.01176214787037,43,0.0
1,0,1.2815892312947659,55,0.0
1,2,119.01176214787037,53,0.0
1,2,81.00486654690006,13,0.0
1,0,28.30356367391402,54,0.0
2,3,4.6273579621476175,41,0.0
1,2,119.01176214787037,108,0.0
1,3,1.7453856031596748,39,0.0
1,2,119.01176214787037,246,0.0
1,3,0.04478724387850874,51,0.0
1,2,119.01176214787037,51,0.0
1,0,71.65684969499529,40,0.0
1,0,8.328782815342493,56,0.0
1,1,53.64253624844447,19,-2.5
1,2,102.90337647805215,51,0.0
1,2,119.01176214787037,110,0.0
1,2,81.18898908218002,53,0.0
2,3,18.23769779463973,30,0.0
1,2,119.01176214787037,11,0.0
1,2,58.264042535202776,43,0.0
1,2,76.41426881116634,51,0.0
2,1,33.22136995883777,18,0.0
1,0,55.15471595817116,43,0.0
2,1,8.200315345306567,32,0.0
1,0,49.175270960497556,45,0.0
2,3,24.45715680406419,26,0.0
1,3,0.4645640868962021,53,0.0
1,2,67.93836292201806,18,0.0
1,2,45.823830348736664,17,0.0
1,2,54.13774360431597,57,0.0
1,2,119.01308058515437,153,0.0
1,0,27.316644259068397,55,0.0
1,0,119.01308058515437,12,0.0
1,2,119.01308058515437,110,0.0
1,3,22.818420335280564,45,0.0
1,2,100.48010545591454,175,0.0
1,1,6.348696505530292,44,0.0
1,2,119.01308058515437,266,0.0
1,2,119.01308058515437,317,0.0
1,0,35.042964936091806,58,0.0
1,2,119.01308058515437,169,0.0
2,0,15.897285873334674,33,0.0
1,2,81.46050003043608,198,0.0
1,2,119.01308058515437,40,0.0
1,2,86.66497182035734,235,0.0
1,0,49.89296992328948,48,0.0
2,2,8.518012712697942,30,0.0
1,1,3.535772947899089,53,0.0
1,3,7.057867829032881,52,0.0
1,0,57.00652951680864,59,0.0
1,1,5.087634517266922,55,0.0
1,2,117.02409075710497,43,0.0
1,2,70.9821819888885,44,0.0
1,2,119.0110101719506,58,0.0
1,0,26.327654431018992,56,0.0
1,0,3.82612865164469,45,0.0
2,1,11.552087565915702,28,0.0
1,2,119.0110101719506,112,0.0
1,3,49.32744459024042,10,0.0
1,1,6.3470632576518025,54,0.0
1,2,119.0110101719506,139,0.0
1,1,20.880340093111656,57,0.0
1,2,119.0110101719506,56,0.0
2,0,19.795308761684606,26,0.0
1,1,2.215871665047237,58,0.0
1,2,83.89022403755197,89,0.0
1,0,2.7303328833040887,46,0.0
1,1,28.754115017850623,53,0.0
2,2,28.703303681990697,45,0.0
1,2,119.0110101719506,318,0.0
1,2,119.00436491237163,44,0.0
1,2,101.89893421250771,159,0.0
1,0,25.33201934339062,57,0.0
1,0,110.72047091318889,230,0.0
1,0,71.887866888119,55,0.0
1,2,84.56722200020828,60,0.0
1,2,119.00436491237163,46,0.0
1,2,119.00436491237163,138,0.0
1,0,89.19850078196431,200,0.0
1,3,47.19064604481978,47,0.0
2,2,18.42117499313796,28,0.0
1,0,3.9321740172353983,45,0.0
1,2,119.00436491237163,306,0.0
1,0,60.00026066510444,46,0.0
1,2,119.00436491237163,46,0.0
1,2,84.24641603179366,32,0.0
1,0,25.33201934339062,57,0.0
2,0,1.924915031469118,37,0.0
1,3,53.38209519140901,51,0.0
1,2,119.00436491237163,56,0.0
1,2,101.50058232496532,40,0.0
2,0,13.25111931909764,35,0.0
1,1,64.6936910352462,220,0.0
1,2,86.20513696116315,72,0.0
1,1,0.5687393411245122,56,0.0
1,1,9.599518630709799,57,0.0
1,2,90.06237660872954,73,0.0
1,0,27.917215393372718,57,0.0
1,2,63.82729013731798,6,0.0
1,2,59.868134076746664,61,0.0
1,0,1.6551016650148966,61,0.0
1,2,119.01759130890319,66,0.0
1,2,60.185210120999905,89,0.0
1,0,4.374829793722293,60,0.0
1,1,8.425669372923515,57,0.0
1,3,63.810172895238686,57,0.0
2,3,18.60628677146113,26,0.0
1,3,22.553439120091568,47,0.0
1,0,96.50507252685408,57,0.0
1,0,4.605420431059146,60,0.0
1,0,81.75867598570491,17,0.0
1,2,119.01759130890319,160,0.0
1,2,119.01759130890319,320,0.0
1,2,119.01759130890319,139,0.0
2,3,1.8348192479826289,47,0.0
1,0,42.784306627439705,59,0.0
1,2,119.01759130890319,45,0.0
2,3,2.9158766894435058,48,0.0
1,2,111.10772251908269,24,0.0
1,0,80.76946906680055,18,0.0
1,2,119.01079308109564,115,0.0
1,0,9.411918978083587,54,0.0
2,2,4.067570770489427,48,0.0
1,2,99.78433906477942,34,0.0
1,1,2.3924559798513614,48,0.0
2,0,6.263628164925716,35,0.0
2,3,14.608671731075642,42,0.0
2,2,14.90182444287105,28,0.0
2,1,18.338576986509274,48,0.0
1,0,23.146231525589616,63,0.0
1,0,32.39599469725421,20,0.0
1,2,119.01079308109564,48,0.0
1,2,108.78862854365055,58,0.0
1,2,116.12577576234754,179,0.0
2,2,5.925327977734661,36,0.0
1,2,83.58403322845108,22,0.0
1,2,119.01079308109564,114,0.0
2,3,14.382169436492287,30,0.0
1,2,90.34712538902798,63,0.0
1,2,103.0303288450021,2,0.0
1,3,18.572172934416297,49,0.0
1,2,119.00794073322909,60,0.0
1,2,119.00794073322909,240,0.0
1,1,6.444403187248247,59,0.0
1,2,119.00794073322909,58,0.0
1,2,73.27804733145476,48,0.0
1,3,2.1095680365830365,57,0.0
2,3,0.8338325860508957,43,0.0
1,0,86.23482590519224,203,0.0
1,0,30.094665143641958,63,0.0
1,2,119.00794073322909,85,0.0
2,2,8.567929952935561,33,0.0
2,3,22.202666688664255,25,0.0
1,0,0.42158846774577896,50,0.0
1,2,119.02119175466534,310,0.0
1,2,58.52516212127988,262,0.0
1,2,119.02119175466534,60,0.0
1,2,119.02119175466534,26,0.0
2,1,4.589897222947496,50,0.0
1,0,84.12629280056441,58,0.0
1,2,119.02119175466534,51,0.0
1,2,119.02119175466534,278,0.0
1,2,72.98502059225501,59,0.0
1,2,119.02119175466534,58,0.0
1,0,88.61675870174238,63,0.0
1,0,29.11585689830729,64,0.0
1,2,119.02119175466534,310,0.0
1,0,49.79865409661522,51,0.0
1,2,66.46701020504482,253,0.0
1,0,2.1807178887305536,47,0.0
1,2,72.18306149783587,92,0.0
1,2,119.03009367963587,96,0.0
1,2,119.03009367963587,234,0.0
1,2,59.263212702092204,61,0.0
1,2,83.15638648020028,59,0.0
1,0,7.354381050071741,59,0.0
2,0,12.766312436295712,30,0.0
2,1,7.1219935684997555,37,0.0
2,1,16.217545209882996,51,0.0
1,0,82.73538918525664,21,0.0
2,1,1.9948449128172254,51,0.0
1,2,62.57762400935182,59,0.0
1,2,119.03009367963587,61,0.0
1,2,119.0178482890201,312,0.0
2,3,17.19992264687221,27,0.0
1,2,117.04794196865596,312,0.0
1,3,30.94621833798233,55,0.0
1,2,57.43662863834445,66,0.0
2,0,3.909720316431121,43,0.0
1,2,119.0178482890201,52,0.0
1,2,119.0178482890201,117,0.0
2,0,3.620117581440636,46,0.0
2,2,1.837003379223269,52,0.0
1,2,66.9838104558968,49,0.0
1,0,0.2286598573865174,49,0.0
2,1,8.43700337922328,52,0.0
1,3,16.586684147793523,19,0.0
1,3,76.94660960947408,64,0.0
1,2,119.0178482890201,52,0.0
1,2,84.08849793612168,11,0.0
1,1,70.92426070395271,51,0.0
1,2,90.37540985698789,93,0.0
1,2,66.78851854324762,60,0.0
1,2,94.36677122496098,94,0.0
2,3,3.527428391482954,53,0.0
1,2,35.28918279325621,66,0.0
1,2,119.01781875919477,61,0.0
1,0,87.29532099648664,207,0.0
1,2,49.176808883938605,67,0.0
1,2,60.71714001131289,47,0.0
2,2,0.7528832316650547,50,0.0
1,2,50.649335498463806,42,0.0
1,2,119.01781875919477,64,0.0
1,2,119.01781875919477,119,0.0
1,1,119.01781875919477,64,0.0
1,2,119.01781875919477,65,0.0
1,0,80.7710562334715,23,0.0
1,2,74.96442836866885,65,0.0
1,2,72.35539269203557,234,0.0
1,2,119.02815883126672,256,0.0
1,1,119.02815883126672,314,0.0
1,0,4.63137560822913,63,0.0
1,2,57.03302651726098,58,0.0
1,2,119.02815883126672,61,0.0
1,3,10.873955172543504,64,0.0
1,2,119.02815883126672,98,0.0
1,2,98.2248224283731,95,0.0
1,2,119.02815883126672,327,0.0
1,3,13.63477929668256,20,0.0
1,1,48.84512747225691,228,0.0
1,3,47.53083649761948,69,0.0
1,2,119.02815883126672,22,0.0
1,2,119.02815883126672,50,0.0
1,2,74.63793111463283,266,0.0
1,1,119.02815883126672,54,0.0
1,3,52.528552765079915,19,0.0
1,2,119.02815883126672,94,0.0
1,1,119.02815883126672,179,0.0
2,2,8.010887269956152,41,0.0
1,0,8.036141442493996,66,0.0
1,1,81.37406908083902,239,0.0
2,2,10.885019942261286,30,0.0
2,1,2.7052148768297113,49,0.0
1,0,40.497044230615366,66,0.0
2,1,7.846884083926007,37,0.0
1,1,0.5773598821113491,65,0.0
1,2,60.95828528865618,59,0.0
2,3,8.836699340615205,37,0.0
2,2,32.401499322607584,55,0.0
1,0,48.79482711984601,53,0.0
1,2,106.80112873400209,3,0.0
1,2,82.85645950334914,64,0.0
1,0,16.50130116148165,66,0.0
1,2,53.07623643412125,55,0.0
1,2,119.01784538108032,65,0.0
1,0,80.43703211182256,69,0.0
2,1,0.9221006746123441,55,0.0
1,0,44.05102217745994,59,0.0
1,2,119.01784538108032,73,0.0
1,2,119.01784538108032,74,0.0
1,1,81.74708477409024,69,0.0
1,2,95.75635730453394,70,0.0
1,2,119.01856113215008,167,0.0
1,2,94.10108268535173,210,0.0
1,2,119.01856113215008,101,0.0
1,2,119.01856113215008,24,0.0
1,0,58.925461394762486,57,0.0
1,1,44.881533985487316,230,0.0
1,2,79.3926302129891,240,0.0
1,2,119.01856113215008,315,0.0
1,2,119.01856113215008,258,0.0
2,3,11.48452173349897,56,0.0
1,2,119.01856113215008,74,0.0
2,1,6.831464192991238,39,0.0
1,2,119.01856113215008,247,0.0
1,1,89.56456534449713,3,-2.5
2,1,3.2135155174791303,56,0.0
1,2,47.813388251996095,54,0.0
1,2,119.01856113215008,67,0.0
2,2,4.471272724724354,44,0.0
1,2,115.50443434572938,317,0.0
1,3,36.655488193627725,8,0.0
1,2,119.00419870324382,65,0.0
1,2,119.00419870324382,101,0.0
1,3,6.914560389017726,67,0.0
1,2,90.03411148384914,91,0.0
1,3,7.6732669547292325,24,0.0
1,2,119.00419870324382,10,0.0
2,1,24.365179103132785,57,0.0
1,2,119.00419870324382,69,0.0
1,2,119.00419870324382,316,0.0
1,1,34.81058476447346,65,0.0
1,0,83.0951468665189,241,0.0
1,2,119.00419870324382,67,0.0
1,2,119.00419870324382,166,0.0
1,0,4.490520040065984,66,0.0
1,0,51.75359385662708,25,0.0
1,2,80.50201057951008,37,0.0
1,2,89.37093871785456,57,0.0
1,2,99.77595000231697,99,0.0
1,2,119.0056757120353,66,0.0
1,2,119.0056757120353,319,0.0
1,3,32.66536260890685,10,0.0
1,0,30.964432684056735,70,0.0
1,2,119.0056757120353,94,0.0
1,2,54.833885185083574,60,0.0
1,2,119.0056757120353,103,0.0
1,2,119.0056757120353,56,0.0
1,0,38.625153647809036,8,0.0
1,3,7.140427026769407,70,0.0
1,0,78.75695918936935,71,0.0
1,1,77.13130252275162,68,0.0
1,1,5.995059140638611,68,0.0
1,2,119.0056757120353,183,0.0
1,2,119.0056757120353,77,0.0
1,2,119.0056757120353,317,0.0
1,2,45.542157087527684,5,0.0
1,2,94.02941739587482,67,0.0
1,2,119.0056757120353,279,0.0
1,2,116.68686120053366,58,0.0
1,2,119.0056757120353,122,0.0
2,0,4.874613403854141,40,0.0
1,3,37.07447401110274,63,0.0
2,3,7.382955720451679,34,0.0
1,2,81.15880189575134,73,0.0
2,1,2.220036452802746,59,0.0
1,3,1.026529071336612,60,0.0
1,2,118.9950162862136,78,0.0
1,2,116.99777848847897,100,0.0
1,2,58.49785414223124,11,0.0
2,1,2.8542901251843604,39,0.0
1,0,65.91759959132565,58,0.0
2,2,0.03082237884292871,59,0.0
1,1,4.990075426852203,69,0.0
1,2,118.9950162862136,261,0.0
2,2,7.54821898472298,42,0.0
1,2,118.9950162862136,72,0.0
1,0,0.8302440078455107,73,0.0
1,2,118.9950162862136,320,0.0
1,2,118.9950162862136,103,0.0
1,2,101.35273525850364,94,0.0
1,0,55.9303520962552,60,0.0
2,2,19.299435100797975,59,0.0
1,0,20.25107367214785,73,0.0
1,3,4.668647738720974,27,0.0
1,2,118.99468878574285,333,0.0
1,2,118.99468878574285,126,0.0
1,2,118.99468878574285,86,0.0
1,3,34.597025195658055,10,0.0
2,3,5.451025228149016,41,0.0
1,1,51.123707130275065,58,0.0
1,0,26.147541329904236,71,0.0
1,2,73.56776315986247,86,0.0
1,1,36.88111347272288,234,0.0
1,2,102.9465072523886,254,0.0
1,3,28.655067680863286,12,0.0
1,2,118.99468878574285,70,0.0
1,2,53.222453303102284,214,0.0
1,2,94.64493752319301,240,0.0
1,2,118.99468878574285,70,0.0
1,1,75.56414483173269,7,-2.5
1,2,87.4151830566798,46,0.0
1,2,118.99875392765013,126,0.0
1,2,118.99875392765013,73,0.0
1,2,118.99875392765013,80,0.0
1,2,118.99875392765013,102,0.0
1,3,73.74541818897593,74,0.0
1,3,12.096184742205367,61,0.0
1,2,118.99875392765013,128,0.0
1,2,118.99875392765013,334,0.0
1,0,49.99430192690784,62,0.0
1,2,108.26116696851136,96,0.0
1,2,73.55131618130041,17,0.0
1,2,118.99875392765013,322,0.0
1,2,118.99875392765013,105,0.0
1,2,116.99344271339298,321,0.0
2,1,7.707546004975657,36,0.0
1,2,92.06369547033682,171,0.0
1,2,118.99875392765013,320,0.0
1,3,118.99875392765013,29,0.0
1,3,32.59577912330819,11,0.0
1,2,56.61429624205843,215,0.0
1,0,13.748147095892026,73,0.0
1,3,55.53186736359614,66,0.0
1,2,118.99875392765013,289,0.0
2,0,0.6559989782615829,46,0.0
1,2,119.01227926636648,171,0.0
1,2,74.43226639069191,48,0.0
1,2,119.01227926636648,173,0.0
1,2,119.01227926636648,322,0.0
2,0,2.5422644251515356,44,0.0
1,1,106.77271989491545,73,0.0
1,2,59.3893925346676,70,0.0
1,0,50.744518448780845,9,0.0
1,1,90.49222241216233,14,0.0
1,0,37.06805011779042,75,0.0
1,2,119.01227926636648,98,0.0
2,0,9.555848291068918,45,0.0
1,3,2.679680932737578,29,0.0
1,2,80.44062735206788,88,0.0
1,2,76.19576878155355,80,0.0
1,2,119.01227926636648,175,0.0
1,2,67.3920635579679,61,0.0
1,2,49.17193870873968,274,0.0
1,0,0.08316063697656428,74,0.0
2,3,16.279529664021936,61,0.0
1,2,119.01227926636648,60,0.0
1,2,100.48592883073606,72,0.0
1,2,119.02017052716326,107,0.0
1,0,60.455997135646975,37,0.0
1,2,119.02017052716326,39,0.0
1,1,119.02017052716326,265,0.0
1,2,119.02017052716326,74,0.0
1,2,115.35547710579164,266,0.0
1,2,119.02017052716326,31,0.0
1,2,119.02017052716326,78,0.0
1,2,115.35547710579164,98,0.0
1,2,119.02017052716326,291,0.0
2,1,3.7320123880732208,63,0.0
1,2,119.02017052716326,16,0.0
1,3,1.6998514599008434,30,0.0
1,2,119.02017052716326,76,0.0
1,2,49.818553281949725,63,0.0
2,2,8.24940899395327,46,0.0
1,3,74.0671409709329,67,0.0
1,2,119.02017052716326,127,0.0
1,2,63.015235137626604,105,0.0
1,2,102.57984606797362,71,0.0
1,1,7.150457588108088,64,0.0
1,1,37.72254771517389,52,0.0
1,2,66.64008924046594,72,0.0
1,0,41.578692758959434,67,0.0
1,2,83.44646548735189,82,0.0
1,3,0.721674512273829,31,0.0
1,2,53.61461539141256,44,0.0
1,2,117.04199357953624,71,0.0
1,2,119.02182305237298,82,0.0
2,2,1.2424453720457764,61,0.0
2,0,5.59623763531458,51,0.0
2,0,0.09638917985891826,64,0.0
1,2,53.1084970815877,73,0.0
1,2,119.02182305237298,324,0.0
1,1,31.56821162355387,75,0.0
1,2,119.02182305237298,74,0.0
1,0,11.140073295499045,74,0.0
1,0,119.02182305237298,76,0.0
1,2,119.02182305237298,324,0.0
1,1,16.143386433045553,65,0.0
1,2,119.026645554163,66,0.0
1,2,119.026645554163,76,0.0
1,1,26.960785800438735,239,0.0
1,1,36.114504886815624,65,0.0
1,2,79.81182830658668,256,0.0
1,2,119.026645554163,174,0.0
1,2,105.21256844998366,51,0.0
1,2,56.917141918209055,11,0.0
1,0,101.69644712778862,249,0.0
1,3,48.47074028086919,80,0.0
1,3,24.67669752337391,15,0.0
1,2,119.026645554163,84,0.0
1,0,46.813157582480095,12,0.0
1,2,119.026645554163,267,0.0
1,2,119.026645554163,338,0.0
2,1,1.655580888537839,63,0.0
1,1,16.918843959387104,74,0.0
1,2,70.15108826351826,220,0.0
1,2,93.4653320442716,55,0.0
1,2,119.03320608320605,76,0.0
1,2,119.03320608320605,100,0.0
1,2,58.546528860287545,268,0.0
1,2,119.03320608320605,294,0.0
1,0,5.418147983989346,81,0.0
1,2,119.03320608320605,191,0.0
2,3,11.681989953229005,65,0.0
1,2,119.03320608320605,78,0.0
1,1,72.49664971616144,76,0.0
1,1,85.10258348287834,8,0.0
1,0,55.81552766009387,75,0.0
1,2,119.03320608320605,76,0.0
1,1,26.754664892454283,17,0.0
1,2,111.89944727729369,6,0.0
2,0,9.184560302251535,66,0.0
1,2,119.0269277617669,340,0.0
1,2,119.0269277617669,67,0.0
1,1,23.020919645411684,241,0.0
1,2,110.25141271436962,4,0.0
1,0,75.58013201921686,81,0.0
1,2,70.52357747792834,77,0.0
1,0,88.16214386180651,53,0.0
1,2,119.0269277617669,112,0.0
1,2,87.3675934732832,19,0.0
1,2,57.57534384319257,66,0.0
1,2,119.0269277617669,102,0.0
1,2,83.84534748885002,161,0.0
1,2,119.02548886968002,79,0.0
1,2,18.389389718227083,74,0.0
1,2,119.02548886968002,160,0.0
1,2,23.06324526895342,79,0.0
1,3,36.308839187010975,33,0.0
1,0,47.072107054005365,12,0.0
1,3,57.472996990531236,15,0.0
1,1,39.91426968298764,36,0.0
1,2,119.02548886968002,76,0.0
1,2,76.23365236131768,81,0.0
1,2,119.02548886968002,289,0.0
1,3,58.67659454495489,70,0.0
1,0,116.53737960278993,54,0.0
1,2,119.02548886968002,67,0.0
2,3,6.412595327069194,55,0.0
1,2,102.79597374787666,2,0.0
1,2,119.02548886968002,135,0.0
1,2,65.11714580811255,80,0.0
1,1,119.02548886968002,329,0.0
1,2,50.86066335359524,72,0.0
1,0,95.07418529590898,3,0.0
1,3,10.842131387694167,21,0.0
1,2,119.02176866446206,79,0.0
1,2,91.29012978766953,260,0.0
1,0,50.96591780425822,20,0.0
1,2,119.02176866446206,114,0.0
1,2,119.02176866446206,180,0.0
1,2,58.53451309930207,81,0.0
1,2,119.02176866446206,78,0.0
1,1,119.02176866446206,69,0.0
1,2,117.69619501318913,6,0.0
1,2,119.02176866446206,84,0.0
2,1,9.208438424229621,69,0.0
1,2,95.08148191737779,261,0.0
1,2,119.01047327687988,9,0.0
1,2,119.01047327687988,106,0.0
1,2,63.90947875194497,43,0.0
1,2,119.01047327687988,273,0.0
1,2,119.01047327687988,69,0.0
1,0,58.26950933931499,44,0.0
2,2,1.9725900797231595,45,0.0
1,2,119.01047327687988,137,0.0
1,2,97.10848435429064,69,0.0
1,0,49.81755906269629,46,0.0
1,0,33.908521555732264,83,0.0
1,2,68.4325537898417,29,0.0
1,2,119.01047327687988,69,0.0
1,2,65.38689540676155,180,0.0
1,0,1.502806556778204,85,0.0
1,0,68.7919335752377,80,0.0
1,2,110.26306219029466,4,0.0
1,2,119.01047327687988,179,0.0
1,2,75.83370850977778,82,0.0
1,0,3.9626953502242745,83,0.0
1,2,92.9765236554076,113,0.0
1,2,119.01576519827162,184,0.0
1,2,75.03461937468752,71,0.0
1,2,65.69857991553114,51,0.0
1,2,98.51287777939382,57,0.0
1,1,86.55289844567699,265,0.0
2,0,6.576756391098293,71,0.0
1,2,119.01576519827162,182,0.0
1,0,35.962276822601204,39,0.0
1,1,19.828160901747864,21,0.0
1,0,22.7284870319834,82,0.0
1,0,71.8351879553828,75,0.0
1,2,63.144274390190844,18,0.0
1,2,119.01576519827162,86,0.0
1,3,36.60437013513572,86,0.0
1,0,44.12011419361893,15,0.0
2,2,6.949221647976312,70,0.0
1,2,48.83332426096791,47,0.0
1,2,102.46188450730024,23,0.0
1,2,119.01576519827162,97,0.0
1,0,32.92428675400389,84,0.0
1,0,46.60709951047739,44,0.0
1,0,8.459064639873082,85,0.0
1,3,6.870922482147225,24,0.0
1,2,119.00255261930155,82,0.0
1,0,2.9652479695258287,84,0.0
1,0,56.28782715688817,46,0.0
1,1,73.20555987324038,14,0.0
1,2,119.00255261930155,81,0.0
1,2,119.00255261930155,275,0.0
1,0,31.92683937330544,85,0.0
1,2,119.00255261930155,345,0.0
1,1,113.05055975891511,72,0.0
1,2,34.80830391844179,70,0.0
1,0,21.731039651284952,83,0.0
1,2,72.70060652607341,256,0.0
1,0,75.20886683054879,61,0.0
1,2,58.510435218437365,9,0.0
1,0,52.64950525064958,48,0.0
2,2,5.246826550167032,72,0.0
1,0,28.712769243323415,83,0.0
1,3,58.34418304658351,84,0.0
1,2,43.122666812920485,16,0.0
1,2,119.00255261930155,80,0.0
1,2,119.00255261930155,252,0.0
1,2,119.00255261930155,331,0.0
1,2,119.00255261930155,79,0.0
1,2,119.00255261930155,98,0.0
1,2,70.30139225016242,32,0.0
1,2,72.74532234290905,59,0.0
1,1,14.817337559703871,81,0.0
1,2,119.00812923552988,182,0.0
1,2,73.50393505738562,53,0.0
1,2,119.00812923552988,73,0.0
1,2,115.61690668800877,186,0.0
1,2,85.22351169460633,275,0.0
1,2,119.00812923552988,333,0.0
2,0,6.9243321975402115,73,0.0
1,2,66.31552723064726,76,0.0
1,2,119.00812923552988,26,0.0
1,2,119.00812923552988,332,0.0
1,2,119.00812923552988,83,0.0
1,3,5.879051717677108,25,0.0
1,3,75.57299049928872,46,0.0
1,2,119.00812923552988,109,0.0
1,0,49.85251485405701,24,0.0
1,0,77.9855332805642,63,0.0
1,1,39.41340523394172,87,0.0
1,1,66.96628932525591,73,0.0
1,2,109.0748606666384,74,0.0
1,1,36.74077874518216,84,0.0
1,2,119.01617167219341,347,0.0
1,2,76.51385955739458,60,0.0
1,0,37.97364096377147,21,0.0
1,2,119.01617167219341,254,0.0
1,2,119.01617167219341,8,0.0
1,2,119.01617167219341,86,0.0
1,0,29.95114028102873,87,0.0
1,2,96.42968136830831,22,0.0
1,2,119.01617167219341,119,0.0
1,2,119.01617167219341,27,0.0
1,2,119.01617167219341,73,0.0
2,0,4.912937334117434,75,0.0
1,0,40.1904787712448,76,0.0
1,0,93.64353281847545,89,0.0
1,2,114.50116362341522,266,0.0
1,0,12.88029660901222,25,0.0
1,2,78.61685833176536,85,0.0
1,2,38.92194026558405,75,0.0
1,2,47.54551847019786,3,0.0
1,0,49.69908833861239,51,0.0
1,2,66.26557550387435,89,0.0
1,2,119.02528218023951,88,0.0
1,2,111.27168812690262,27,0.0
1,2,103.12042250977312,88,0.0
1,0,99.02528218023951,1,0.0
1,3,71.61444435172164,48,0.0
1,2,119.02528218023951,335,0.0
1,2,92.003915956568,87,0.0
1,2,41.583893955027825,89,0.0
1,2,48.86575214302422,52,0.0
1,0,74.34310160546751,90,0.0
1,0,28.01171806885299,89,0.0
1,2,119.03529560758474,168,0.0
1,1,89.56802207991898,22,0.0
1,0,68.06050729222905,89,0.0
1,0,119.03529560758474,10,0.0
1,0,82.22280899066014,32,0.0
1,2,78.90517085976842,230,0.0
1,1,115.4168946677492,28,0.0
1,0,41.6945308253265,49,0.0
1,2,45.857062016822475,90,0.0
1,2,119.03529560758474,336,0.0
1,0,112.68325529680234,118,0.0
1,2,119.031480511315,169,0.0
1,2,27.585912134590586,83,0.0
1,1,30.774339845120192,75,0.0
1,2,119.031480511315,85,0.0
1,2,59.10065969001206,79,0.0
1,2,50.72220552235946,5,0.0
1,2,73.3745821167825,91,0.0
1,2,119.031480511315,95,0.0
1,0,64.63386732420683,79,0.0
1,2,119.02130617192793,17,0.0
1,2,109.28570184796936,119,0.0
1,3,1.0085878609377121,30,0.0
1,2,97.34314057915716,188,0.0
1,1,9.41951833484632,252,0.0
1,3,46.48184842537401,90,0.0
1,0,46.787170629440084,54,0.0
1,1,34.346630395335744,93,0.0
1,3,72.0421633811672,88,0.0
1,2,61.47176876813177,76,0.0
1,0,95.08808229082767,3,0.0
1,0,21.02304112169545,66,0.0
1,3,3.9505453757324833,28,0.0
1,0,119.02130617192793,12,0.0
1,1,86.6208087631619,24,0.0
1,2,119.02130617192793,209,0.0
1,0,87.63731025810671,87,0.0
1,0,77.54957384893008,92,0.0
1,2,119.02130617192793,172,0.0
1,2,119.02130617192793,142,0.0
1,2,119.02130617192793,261,0.0
1,2,103.02045800380162,2,0.0
1,2,119.02349630263305,98,0.0
1,2,119.02349630263305,113,0.0
1,2,85.11217369951058,26,0.0
1,0,62.53619825945912,65,0.0
1,3,2.9740416783655315,29,0.0
1,1,17.98185775875026,79,0.0
1,3,14.520560627349623,44,0.0
1,3,75.88060888786029,83,0.0
1,2,119.02349630263305,97,0.0
1,1,37.143429792306634,79,0.0
1,2,119.02349630263305,79,0.0
1,2,119.02349630263305,89,0.0
1,0,79.29909197653612,35,0.0
1,2,86.18001343703617,84,0.0
2,3,2.1283754587317474,79,0.0
1,2,119.02349630263305,18,0.0
1,0,54.532757523497665,4,0.0
1,3,2.0092650717497,30,0.0
1,2,119.03522339338417,124,0.0
1,2,119.03522339338417,147,0.0
1,2,102.92952140176638,2,0.0
1,2,119.03522339338417,340,0.0
1,2,16.017081152134427,80,0.0
1,2,69.37694569913879,78,0.0
1,2,75.48601757765715,69,0.0
1,1,51.90477228230581,93,0.0
1,2,119.03522339338417,211,0.0
1,2,119.03522339338417,88,0.0
2,3,0.17399702337498923,81,0.0
1,1,66.25335697579925,40,0.0
1,2,119.04899278009826,94,0.0
1,2,119.04899278009826,148,0.0
1,2,119.04899278009826,95,0.0
1,2,58.56660447679035,99,0.0
1,2,119.04899278009826,194,0.0
1,2,94.11280694833299,86,0.0
1,2,101.72304123656858,107,0.0
1,2,51.54489060042721,68,0.0
1,2,119.0598900448615,92,0.0
1,0,29.94378626706813,52,0.0
1,2,113.4196977590835,192,0.0
1,0,57.333523453252724,58,0.0
1,2,119.0598900448615,117,0.0
1,2,119.0598900448615,103,0.0
1,2,119.0598900448615,34,0.0
1,2,119.0598900448615,95,0.0
1,2,66.9053443268672,94,0.0
1,3,38.57673034027229,97,0.0
1,0,119.0598900448615,126,0.0
1,2,119.0598900448615,81,0.0
1,2,119.0598900448615,97,0.0
1,2,119.0598900448615,176,0.0
1,2,119.0598900448615,294,0.0
1,0,29.254607955815665,29,0.0
1,0,119.0598900448615,284,0.0
1,0,83.8049127790837,91,0.0
1,1,19.220358530370298,33,0.0
1,2,55.85941191428606,69,0.0
1,1,79.55931971540596,80,0.0
1,1,29.333760167003792,83,0.0
1,2,117.10611420121472,286,0.0
1,2,119.04622415635322,356,0.0
1,0,99.04622415635322,1,0.0
1,2,119.04622415635322,90,0.0
1,2,119.04622415635322,177,0.0
1,2,59.39131835870378,267,0.0
1,2,93.12559105427992,123,0.0
1,2,119.03918036571818,176,0.0
1,2,119.03918036571818,345,0.0
1,3,92.80787179372822,87,0.0
1,2,97.009473325425,278,0.0
1,2,58.5622924438948,180,0.0
1,2,119.03918036571818,149,0.0
1,2,119.03918036571818,80,0.0
1,0,35.64830637660951,97,0.0
1,2,119.03918036571818,357,0.0
1,2,119.03918036571818,6,0.0
1,2,119.03918036571818,93,0.0
1,2,119.03918036571818,102,0.0
1,2,14.316755241332894,92,0.0
1,2,119.0375532076526,346,0.0
1,1,117.07673357337079,297,0.0
1,2,77.39882638100477,99,0.0
1,2,119.0375532076526,85,0.0
1,3,16.99410937189905,19,0.0
1,1,109.26706394806794,345,0.0
1,2,119.0375532076526,344,0.0
1,2,119.0375532076526,95,0.0
1,2,90.61663648803483,74,0.0
1,2,119.0375532076526,106,0.0
1,2,119.0375532076526,194,0.0
1,2,119.0375532076526,95,0.0
1,3,119.0375532076526,53,0.0
1,2,119.0375532076526,37,0.0
1,2,119.0375532076526,84,0.0
1,3,38.53565355475963,100,0.0
1,2,119.0375532076526,358,0.0
1,2,66.48918368388912,129,0.0
1,1,15.792116859881505,259,0.0
1,2,119.03720172563608,308,0.0
1,0,26.103945722428236,56,0.0
1,2,117.07475493328869,54,0.0
1,2,73.99786354847737,59,0.0
1,3,15.031311097535136,20,0.0
1,1,13.181905192586445,96,0.0
1,2,119.03720172563608,345,0.0
1,2,36.572855280395714,101,0.0
1,2,66.78804665010367,240,0.0
1,3,70.40848262885723,99,0.0
1,2,119.03720172563608,95,0.0
1,2,119.03720172563608,99,0.0
1,2,119.03720172563608,314,0.0
1,2,52.07009696132318,10,0.0
1,0,29.606323038409588,87,0.0
1,2,119.03720172563608,197,0.0
1,3,107.98271130268922,91,0.0
1,2,119.03720172563608,195,0.0
1,2,119.03720172563608,105,0.0
1,2,119.03720172563608,346,0.0
1,1,103.349068148265,86,0.0
1,2,57.351787039252294,7,0.0
1,3,99.03139647985441,1,0.0
1,2,119.03139647985441,97,0.0
1,2,119.03139647985441,97,0.0
1,2,77.54187449674545,88,0.0
1,2,119.03139647985441,108,0.0
1,2,56.99696804214882,97,0.0
1,2,119.03139647985441,35,0.0
1,2,119.03139647985441,315,0.0
1,2,119.03139647985441,200,0.0
1,3,55.988190897310055,11,0.0
1,2,119.03139647985441,123,0.0
1,2,73.68162364469464,87,0.0
1,2,119.04473234246359,98,0.0
1,2,119.04473234246359,310,0.0
1,2,119.04473234246359,102,0.0
1,1,9.258034014904442,98,0.0
1,2,58.671090336134924,87,0.0
1,2,36.60958110600575,101,0.0
1,2,119.04473234246359,114,0.0
1,0,75.02347915065295,39,0.0
1,2,119.04473234246359,100,0.0
1,2,119.04473234246359,96,0.0
1,2,119.04473234246359,36,0.0
1,2,62.05263573534927,8,0.0
1,0,68.5989406836125,60,0.0
1,2,31.139373874967106,88,0.0
1,2,75.31169752777326,74,0.0
1,2,119.04473234246359,88,0.0
1,1,95.38359703231363,309,0.0
1,2,86.47802324089221,106,0.0
1,0,18.090290905532296,99,0.0
1,2,7.340027886837526,88,0.0
1,2,119.04473234246359,10,0.0
1,2,119.04473234246359,199,0.0
1,2,119.03191829635492,181,0.0
1,2,102.14389779811609,41,0.0
1,2,119.03191829635492,87,0.0
1,1,93.41551532866855,310,0.0
1,2,66.44965424556955,99,0.0
1,2,90.52255682753618,107,0.0
1,2,79.45287218970807,45,0.0
1,2,58.354669835107366,103,0.0
1,2,70.37372916834636,123,0.0
1,2,119.03191829635492,104,0.0
1,0,29.18312660357946,62,0.0
1,2,118.4965037531601,6,0.0
1,2,119.03191829635492,88,0.0
1,1,111.81763773889094,292,0.0
1,2,7.48406484534744,40,0.0
1,0,85.56778774315825,90,0.0
1,1,99.45403668967428,350,0.0
1,2,119.04172389729735,100,0.0
1,0,31.011562572315192,98,0.0
1,1,15.371068669048,90,0.0
1,1,78.92134801954782,36,0.0
1,2,80.38265036713652,98,0.0
1,2,66.59147136460126,363,0.0
1,2,119.04172389729735,126,0.0
1,2,119.04172389729735,90,0.0
1,0,63.93834884234326,100,0.0
1,2,77.25909516776304,274,0.0
1,2,40.5541070507676,105,0.0
1,2,119.04172389729735,281,0.0
1,0,83.34273830998373,76,0.0
1,1,58.85392905480761,89,0.0
1,1,37.82075824433822,32,0.0
1,0,34.316364607526204,67,0.0
1,2,119.05166098577877,350,0.0
1,3,71.66753445807907,95,0.0
1,1,37.22207564295634,91,0.0
1,1,89.50890021174466,312,0.0
1,3,48.15822641920466,15,0.0
1,0,99.05166098577877,1,0.0
1,2,119.05166098577877,99,0.0
1,2,107.07454097555983,3,0.0
1,2,94.43834962810554,222,0.0
1,2,119.05166098577877,99,0.0
1,0,61.628091729717475,80,0.0
1,2,119.05166098577877,127,0.0
1,0,53.02012094467011,65,0.0
1,2,47.5362301215774,105,0.0
1,2,101.1345703904385,103,0.0
1,2,119.05166098577877,91,0.0
1,2,119.05997751295273,91,0.0
1,3,6.292720612236883,26,0.0
1,2,108.88374352571225,134,0.0
1,2,51.52024503327655,106,0.0
1,2,119.05997751295273,184,0.0
1,2,119.05997751295273,283,0.0
1,2,119.05997751295273,92,0.0
1,2,119.05997751295273,314,0.0
1,2,119.05997751295273,100,0.0
1,2,25.745215118699548,266,0.0
1,0,2.4578765211142697,103,0.0
1,2,103.15249664684363,2,0.0
1,2,119.06969121929382,92,0.0
1,2,84.57395494086245,16,0.0
1,0,119.06969121929382,203,0.0
1,2,119.06969121929382,101,0.0
1,0,1.527567740408081,104,0.0
1,2,38.45178060996476,106,0.0
1,1,85.25129447747257,287,0.0
1,2,58.59967997577017,284,0.0
1,2,15.476435785819731,93,0.0
1,1,4.513005926582005,103,0.0
1,2,119.06969121929382,94,0.0
1,2,71.06654387371208,103,0.0
1,2,78.72412089382973,366,0.0
1,1,44.53171549408034,21,0.0
1,2,119.06969121929382,15,0.0
1,1,95.18132971802531,3,0.0
1,2,98.34250455908241,79,0.0
1,2,119.06969121929382,103,0.0
1,0,82.56843458302147,101,0.0
1,3,30.05966363893287,13,0.0
1,2,119.08116068818217,93,0.0
1,2,65.72221256894315,10,0.0
1,2,97.15085190747598,2,0.0
1,2,119.08116068818217,128,0.0
1,1,19.690558173017926,94,0.0
1,2,119.08116068818217,103,0.0
1,1,27.918894940772606,268,0.0
1,0,69.63229319244442,11,0.0
1,2,62.81380236296837,322,0.0
1,2,61.80653553117559,15,0.0
1,1,30.296880893119734,102,0.0
1,2,102.40626749090832,135,0.0
1,2,119.08116068818217,158,0.0
1,2,74.1838384257553,40,0.0
1,0,46.73665991331808,4,0.0
1,2,42.66590299716295,107,0.0
1,2,119.08761613107357,116,0.0
1,2,106.69590410148231,139,0.0
1,1,89.80414322695533,355,0.0
1,2,64.11652316493964,109,0.0
1,2,119.08761613107357,48,0.0
1,2,117.16877681925574,275,0.0
1,2,85.91110683150613,96,0.0
1,2,48.62819647516466,2,0.0
1,1,6.456205343142175,103,0.0
1,2,119.08761613107357,106,0.0
1,2,119.08761613107357,94,0.0
1,2,82.97758555767454,109,0.0
1,0,79.57030287148427,105,0.0
1,2,78.70632441488492,109,0.0
1,2,119.08761613107357,96,0.0
1,2,119.08761613107357,104,0.0
1,2,79.19409157247546,108,0.0
1,1,26.006511071846184,269,0.0
1,2,66.09617214174958,16,0.0
1,2,96.35510872518208,121,0.0
1,0,49.31856649617238,69,0.0
1,2,71.51015853617801,287,0.0
1,2,119.07905704091854,114,0.0
1,1,56.56805679749016,16,0.0
1,3,25.215981971353333,14,0.0
1,2,119.07905704091854,96,0.0
1,2,106.57919613897033,298,0.0
1,2,115.42536223410346,227,0.0
1,3,69.75520678537484,109,0.0
1,2,119.07905704091854,41,0.0
1,2,44.903333085310194,6,0.0
1,0,16.68288031659807,66,0.0
1,2,73.12662888615365,13,0.0
1,2,115.24783386017428,298,0.0
1,2,119.07905704091854,49,0.0
1,2,53.25382352162439,6,0.0
1,2,111.10262366411797,137,0.0
1,2,78.59635663725147,110,0.0
1,1,119.07905704091854,190,0.0
1,2,119.07905704091854,64,0.0
1,2,34.9877251268268,111,0.0
1,2,119.07905704091854,209,0.0
1,2,119.07905704091854,207,0.0
1,0,77.47315023584832,47,0.0
1,2,74.09401513174483,31,0.0
1,2,119.07620590321356,299,0.0
1,2,119.07620590321356,96,0.0
1,3,1.686451594918534,31,0.0
1,2,73.80098181387305,22,0.0
1,2,119.07620590321356,370,0.0
1,2,117.22787296230523,49,0.0
1,2,94.52105206597204,98,0.0
1,2,57.23814170963057,4,0.0
1,2,55.56548484220285,110,0.0
1,2,75.71338420800826,288,0.0
1,2,119.07620590321356,288,0.0
1,2,82.27241138840485,53,0.0
1,2,82.79958230908173,111,0.0
1,0,9.6693025805977,108,0.0
1,0,24.071854509582526,98,0.0
1,0,28.770073103160577,73,0.0
1,1,93.70738996091357,7,0.0
1,2,98.46726165529127,282,0.0
1,0,2.0947760900942707,86,0.0
1,2,119.08883249467834,94,0.0
1,2,103.79979507875088,40,0.0
1,2,101.67816997863758,101,0.0
1,2,119.08883249467834,132,0.0
1,2,79.27808237541248,112,0.0
1,2,119.08883249467834,109,0.0
1,2,119.08883249467834,300,0.0
1,2,114.89970168694883,300,0.0
1,2,103.79979507875088,108,0.0
1,3,40.833729108533404,22,0.0
1,1,91.79622245559192,8,0.0
1,0,48.62693544628512,2,0.0
1,2,119.08883249467834,7,0.0
1,2,61.3554215857788,5,0.0
1,2,119.08883249467834,134,0.0
1,2,119.08883249467834,46,0.0
1,2,119.08883249467834,320,0.0
1,1,18.909609799734717,72,0.0
1,1,40.974220626108114,108,0.0
1,2,119.09055732276643,120,0.0
1,2,84.015551101141,16,0.0
1,1,82.13879598853221,359,0.0
1,0,99.09055732276643,1,0.0
1,0,47.71749276905155,3,0.0
1,0,65.01080250603317,112,0.0
1,0,11.249297726003945,46,0.0
1,0,42.362807596630056,27,0.0
1,2,119.09055732276643,140,0.0
1,1,73.75472405830519,293,0.0
1,2,92.06492810538833,212,0.0
1,2,63.87216879555073,108,0.0
1,2,119.09055732276643,51,0.0
1,0,65.18419869957627,21,0.0
1,1,52.82365251814849,19,0.0
1,2,119.08758998931849,136,0.0
1,3,10.691118473268233,25,0.0
1,3,48.6328686507017,2,0.0
1,0,21.33883431634579,101,0.0
1,2,62.921221078502796,140,0.0
1,2,106.93839618067295,284,0.0
1,1,75.99929540502211,97,0.0
1,2,119.08758998931849,45,0.0
1,2,119.08758998931849,360,0.0
1,2,84.08484567668818,118,0.0
1,1,1.8784480940375412,108,0.0
1,2,119.08758998931849,196,0.0
1,2,60.28748541119881,6,0.0
1,2,93.3912580660769,14,0.0
1,2,60.651499246844274,59,0.0
1,2,119.08758998931849,283,0.0
1,3,8.770590492073067,26,0.0
1,2,119.07947201880484,109,0.0
1,1,4.053492212942774,99,0.0
1,2,35.091348439423165,25,0.0
1,0,57.11591294671318,35,0.0
1,0,25.11652492872867,77,0.0
1,2,32.29001511853986,109,0.0
1,2,119.07947201880484,99,0.0
1,2,82.09557556786709,113,0.0
1,3,99.07947201880484,1,0.0
1,2,119.07947201880484,360,0.0
1,2,119.07947201880484,97,0.0
1,2,119.07947201880484,102,0.0
1,1,52.23000329543594,111,0.0
1,3,5.811202724662611,113,0.0
1,1,77.8935452042786,12,0.0
1,1,86.29989826734533,101,0.0
1,1,66.2333712625376,114,0.0
1,1,50.16043265212264,100,0.0
1,3,46.71234066950654,3,0.0
1,0,9.41635973412727,48,0.0
1,3,25.502317630641425,14,0.0
1,1,84.39271154553073,102,0.0
1,2,96.84923278303141,19,0.0
1,2,119.0928132781854,54,0.0
1,0,44.89484885641433,5,0.0
1,2,91.07899397563246,96,0.0
1,2,119.0928132781854,375,0.0
1,2,59.3661061641579,115,0.0
1,1,11.043617884637902,29,0.0
1,3,7.863403770258464,27,0.0
1,1,48.25324593030803,101,0.0
1,1,0.05073339102777186,110,0.0
1,2,119.0928132781854,362,0.0
1,2,68.83491958469203,8,0.0
1,2,119.0928132781854,144,0.0
1,2,85.97803748702744,24,0.0
1,2,99.0928132781854,1,0.0
1,1,22.226997851420204,102,0.0
1,2,116.97367370109099,375,0.0
1,2,119.0928132781854,198,0.0
1,0,106.17063596820053,17,0.0
1,2,119.0929226495206,114,0.0
1,2,81.41922249052449,54,0.0
1,2,119.0929226495206,129,0.0
1,3,93.31793486855426,108,0.0
1,2,119.0929226495206,113,0.0
1,2,119.0929226495206,12,0.0
1,2,119.0929226495206,362,0.0
1,2,78.72306398183245,14,0.0
1,2,119.0929226495206,137,0.0
1,0,55.30164887441918,37,0.0
1,1,11.26240773556404,76,0.0
1,3,93.35279793582933,4,0.0
1,2,73.06686331332243,9,0.0
1,2,119.0929226495206,129,0.0
1,1,24.441553423553067,104,0.0
1,2,119.09866263624048,306,0.0
1,1,44.2751130902183,24,0.0
1,2,119.09866263624048,84,0.0
1,2,62.73994912128553,52,0.0
1,2,99.09866263624048,1,0.0
1,2,73.33272507280134,25,0.0
1,0,117.27244894326714,117,0.0
1,2,94.31060104833006,26,0.0
1,2,119.09866263624048,118,0.0
1,2,119.09866263624048,114,0.0
1,1,66.39051870609858,63,0.0
1,3,53.137717508994555,6,0.0
1,2,119.09866263624048,90,0.0
1,2,119.09866263624048,364,0.0
1,3,46.514401859382424,114,0.0
1,2,119.09866263624048,149,0.0
1,3,35.545750074304976,28,0.0
1,1,68.41176276942042,22,0.0
1,2,119.09866263624048,145,0.0
1,2,119.0958058117319,149,0.0
1,2,119.0958058117319,113,0.0
1,2,53.519171470782915,123,0.0
1,3,9.029198915385027,24,0.0
1,2,119.0958058117319,113,0.0
1,2,119.0958058117319,116,0.0
1,2,81.17697220949405,11,0.0
1,0,80.02751497112124,61,0.0
1,2,7.3310089821308875,32,0.0
1,2,64.9459467227753,289,0.0
1,2,119.0958058117319,101,0.0
1,2,119.0958058117319,378,0.0
1,2,66.70620159252817,118,0.0
1,0,77.34221413630074,26,0.0
1,2,119.0958058117319,150,0.0
1,3,8.648173308710025,52,0.0
1,2,119.0958058117319,105,0.0
1,2,119.0958058117319,141,0.0
1,1,78.68010264302372,105,0.0
1,2,106.9915340066642,3,0.0
1,2,110.08775190615505,120,0.0
1,2,119.0970243184931,170,0.0
1,2,94.16896254693991,29,0.0
1,0,7.553900502029517,79,0.0
1,2,119.0970243184931,119,0.0
1,1,6.582766739551209,76,0.0
1,0,40.467943220443296,26,0.0
1,1,48.493589978038635,116,0.0
1,2,73.31223975916879,110,0.0
1,2,119.0970243184931,379,0.0
1,2,119.0970243184931,114,0.0
1,0,40.27926427240041,9,0.0
1,2,67.89721236376634,32,0.0
1,2,119.0970243184931,171,0.0
1,0,68.3697068247548,65,0.0
1,1,103.85291758337648,231,0.0
1,2,119.0970243184931,309,0.0
1,2,48.25706937440783,28,0.0
1,2,61.76622384641674,107,0.0
1,2,119.0970243184931,124,0.0
1,1,62.849621035818885,119,0.0
1,2,72.77466769505027,327,0.0
1,2,119.0970243184931,114,0.0
1,1,39.55811500621268,27,0.0
1,3,0.37860320460347263,119,0.0
1,2,52.31733117213933,29,0.0
1,2,119.09017178576939,171,0.0
1,1,111.70455250002631,309,0.0
1,0,45.87879455887492,5,0.0
1,2,119.09017178576939,148,0.0
1,0,5.672938525320592,77,0.0
1,2,113.25892744919558,220,0.0
1,3,58.638683945015934,52,0.0
1,3,37.80680154079646,122,0.0
1,2,119.09017178576939,203,0.0
1,0,6.6440722877989,80,0.0
1,2,67.4050871385845,113,0.0
1,2,74.8772354697876,119,0.0
1,0,69.75640420539013,80,0.0
1,0,67.46094568421947,18,0.0
1,2,119.09017178576939,118,0.0
1,2,27.928606342921054,32,0.0
1,0,47.143897408264465,7,0.0
1,0,86.16602249197967,117,0.0
1,2,61.98414042582886,121,0.0
1,2,119.0998543526217,127,0.0
1,1,76.88504997296998,368,0.0
1,2,119.0998543526217,107,0.0
1,2,58.713005930492095,33,0.0
1,2,54.7925571621364,118,0.0
1,2,23.785602407911888,109,0.0
1,0,4.772792877942293,78,0.0
1,1,54.74120860242005,116,0.0
1,2,83.24286079499028,84,0.0
1,0,37.48753609843514,82,0.0
1,2,65.82656832741989,80,0.0
1,2,119.0998543526217,143,0.0
1,0,62.68038542942737,94,0.0
1,2,119.0998543526217,47,0.0
1,2,119.0998543526217,116,0.0
1,0,119.0998543526217,299,0.0
1,3,44.68361611642972,118,0.0
1,2,58.90951090085328,102,0.0
1,2,66.71313092741906,18,0.0
1,2,119.0998543526217,367,0.0
1,2,119.0998543526217,108,0.0
1,2,116.9788349317614,106,0.0
1,2,119.0998543526217,174,0.0
1,0,34.55180960973744,12,0.0
1,2,59.599322092204524,19,0.0
1,3,115.28705045688419,115,0.0
1,0,18.783779761291232,84,0.0
1,2,119.0998543526217,20,0.0
1,2,119.11360528185611,368,0.0
1,2,119.11360528185611,107,0.0
1,2,119.11360528185611,62,0.0
1,2,65.06433308065117,55,0.0
1,2,119.11360528185611,218,0.0
1,1,73.04838912725958,330,0.0
1,1,107.91801213450412,311,0.0
1,2,119.11360528185611,205,0.0
1,0,49.98425371429482,31,0.0
1,2,119.11360528185611,109,0.0
1,1,42.04579286859242,6,0.0
1,3,12.190364466874694,21,0.0
1,0,3.8863981597983956,79,0.0
1,3,70.9251268956997,19,0.0
1,2,63.12150686913392,103,0.0
1,3,5.048829047450307,56,0.0
1,2,119.11360528185611,174,0.0
1,3,93.4249572639945,4,0.0
1,0,8.219268337977995,60,0.0
1,2,119.1213258437473,290,0.0
1,2,101.40240328214232,16,0.0
1,2,119.1213258437473,99,0.0
1,2,109.75476245934438,61,0.0
1,2,119.1213258437473,63,0.0
1,1,40.16711871233972,7,0.0
1,2,119.1213258437473,108,0.0
1,0,71.95638829523674,123,0.0
1,2,86.97486925743318,58,0.0
1,2,119.1213258437473,122,0.0
1,0,74.7801104350239,116,0.0
1,2,119.1213258437473,129,0.0
1,2,119.1213258437473,383,0.0
1,0,3.978857766024002,83,0.0
1,2,119.1213258437473,136,0.0
1,3,47.784858301914255,3,0.0
1,2,45.0836239212539,264,0.0
1,2,119.12004521515502,125,0.0
1,2,119.12004521515502,152,0.0
1,3,105.836495245615,114,0.0
1,0,72.03220074928856,14,0.0
1,2,119.12004521515502,79,0.0
1,0,71.23415430343492,105,0.0
1,2,119.12004521515502,121,0.0
1,2,97.22180175740414,21,0.0
1,2,49.168181840254555,265,0.0
1,0,70.6522625738413,125,0.0
1,1,63.9157763775996,22,0.0
1,2,100.66446571353306,34,0.0
1,0,0.4385909074482457,58,0.0
1,1,109.43661845229673,323,0.0
1,2,58.68070813702867,221,0.0
1,2,119.12004521515502,129,0.0
1,2,119.10710361026429,122,0.0
1,3,2.767974483720265,30,0.0
1,1,21.0791076973343,112,0.0
1,3,94.10290011179436,117,0.0
1,0,42.55758683450522,101,0.0
1,2,119.10710361026429,80,0.0
1,2,119.10710361026429,385,0.0
1,2,40.27648976087869,113,0.0
1,2,101.40761500928748,3,0.0
1,2,119.10710361026429,92,0.0
1,2,52.507426302625205,112,0.0
1,0,47.24524773029846,46,0.0
1,2,119.10710361026429,147,0.0
1,3,67.45137473482916,125,0.0
1,2,119.10710361026429,225,0.0
1,2,91.94057769043293,116,0.0
1,2,53.33442579063973,266,0.0
1,2,119.10710361026429,372,0.0
1,2,119.10710361026429,204,0.0
1,0,28.013889560760152,16,0.0
1,1,54.21377851765179,111,0.0
1,0,48.667126217841805,2,0.0
1,2,61.044062332363865,6,0.0
1,0,73.77664537902814,68,0.0
1,3,57.02287998786389,23,0.0
1,0,57.35638142742795,34,0.0
1,1,36.394267537759035,9,0.0
1,2,91.13084596653425,206,0.0
1,2,103.94359885587929,115,0.0
1,2,119.10710361026429,373,0.0
1,2,119.09881129573463,124,0.0
1,2,119.09881129573463,386,0.0
1,0,67.02738788145629,72,0.0
1,0,47.76593751357644,3,0.0
1,3,99.09881129573463,1,0.0
1,2,96.58281338436457,39,0.0
1,1,94.89970993251715,341,0.0
1,2,96.21631080892385,147,0.0
1,1,60.12169128359853,24,0.0
1,0,60.35860276687132,123,0.0
1,1,98.36209907060025,153,0.0
1,2,119.09881129573463,386,0.0
1,2,69.44006920943384,107,0.0
1,2,119.09881129573463,113,0.0
1,2,119.09881129573463,180,0.0
1,2,70.12988040078508,24,0.0
1,2,119.09881129573463,124,0.0
1,2,119.0913717004514,297,0.0
1,2,119.0913717004514,128,0.0
1,2,119.0913717004514,317,0.0
1,2,119.0913717004514,158,0.0
1,0,48.35274250618245,115,0.0
1,2,119.0913717004514,122,0.0
1,0,71.96682837521418,70,0.0
1,2,100.56631574417986,40,0.0
1,2,119.0913717004514,225,0.0
1,2,73.42357156924913,108,0.0
1,2,119.0913717004514,132,0.0
1,2,119.0913717004514,112,0.0
1,2,53.87949395963645,123,0.0
1,2,119.0913717004514,124,0.0
1,2,61.41067853594349,268,0.0
1,2,119.0913717004514,31,0.0
1,2,119.0913717004514,180,0.0
1,2,119.0913717004514,305,0.0
1,3,85.84228908559984,8,0.0
1,0,9.3694490939052,125,0.0
1,0,79.31075789247669,35,0.0
1,2,119.0913717004514,110,0.0
1,3,45.830652082924885,4,0.0
1,2,119.0869172816067,67,0.0
1,2,51.65908174704527,4,0.0
1,1,104.11516011446624,149,0.0
1,2,36.114144197205654,289,0.0
1,2,28.639775211987427,130,0.0
1,2,117.1782889820581,125,0.0
1,0,50.4884247277555,126,0.0
1,0,72.4545764882026,128,0.0
1,1,48.48520248520497,112,0.0
1,1,91.07799891457526,343,0.0
1,0,33.89976443168774,15,0.0
1,2,119.0869172816067,207,0.0
1,0,50.757695769077614,37,0.0
1,2,57.682008779699714,228,0.0
1,2,119.0869172816067,318,0.0
1,2,119.0869172816067,136,0.0
1,2,59.18009487075458,123,0.0
1,0,93.98700410384784,133,0.0
1,2,119.0869172816067,228,0.0
1,3,0.04507476151300305,33,0.0
1,2,62.55612429404581,211,0.0
1,2,119.0869172816067,159,0.0
1,2,119.0869172816067,123,0.0
1,0,44.944226495634545,5,0.0
1,3,44.037442240159805,6,0.0
1,2,107.13053896515291,210,0.0
1,2,119.09321574452525,227,0.0
1,2,65.5582308357693,39,0.0
1,1,30.994033114502294,44,0.0
1,2,89.85413325921525,50,0.0
1,0,66.12968220642358,130,0.0
1,2,32.647868519575255,131,0.0
1,1,99.75230081986112,26,0.0
1,2,119.09321574452525,142,0.0
1,2,119.09321574452525,131,0.0
1,2,119.09321574452525,181,0.0
1,2,61.69010208728754,229,0.0
1,3,43.923867827450145,5,0.0
1,2,79.4931761589939,25,0.0
1,2,107.01481195376631,3,0.0
1,2,49.51037004169014,40,0.0
1,0,63.53370567217241,38,0.0
1,1,109.5974648477373,296,0.0
1,2,119.09321574452525,160,0.0
1,2,119.09321574452525,157,0.0
1,3,102.3078539679511,119,0.0
1,0,6.636536951647939,128,0.0
1,2,119.08695483161078,183,0.0
1,2,119.08695483161078,248,0.0
1,2,64.23524627220986,69,0.0
1,2,100.29533069060227,151,0.0
1,2,100.43598454121762,118,0.0
1,2,119.08695483161078,117,0.0
1,2,115.42858149864674,129,0.0
1,0,82.54380254644907,63,0.0
1,2,34.399688917660086,37,0.0
1,3,28.439924582562135,19,0.0
1,1,44.665373061341015,114,0.0
1,2,119.08695483161078,209,0.0
1,2,119.08695483161078,103,0.0
1,1,5.382908572518652,44,0.0
1,2,119.08695483161078,136,0.0
1,1,102.31904908213224,25,0.0
1,2,49.165376435236915,126,0.0
1,0,29.406886903386646,91,0.0
1,2,119.07686247527444,227,0.0
1,2,88.27744819852909,104,0.0
1,1,93.34395033301718,4,0.0
1,3,68.80974808464768,131,0.0
1,2,119.07686247527444,114,0.0
1,2,68.29233155868714,70,0.0
1,3,64.83053012091183,19,0.0
1,0,48.014728820488095,40,0.0
1,2,74.64036708097309,214,0.0
1,1,61.50960998449038,312,0.0
1,1,27.157850421387522,46,0.0
1,2,119.07686247527444,320,0.0
1,0,28.483749378661088,92,0.0
1,2,107.30565554551703,145,0.0
1,2,52.17097624721941,29,0.0
1,2,119.08651041450906,118,0.0
1,2,38.80233547287662,134,0.0
1,2,119.08651041450906,118,0.0
1,0,43.7832032537087,120,0.0
1,2,108.41095626224424,153,0.0
1,0,45.83196819367505,130,0.0
1,2,119.08651041450906,99,0.0
1,3,41.783931944885055,129,0.0
1,2,119.08651041450906,130,0.0
1,2,83.94085072340658,30,0.0
1,2,55.511712441070124,128,0.0
1,1,110.1998291276816,18,0.0
1,0,78.16505727154097,25,0.0
1,0,29.31650443894072,20,0.0
1,2,74.75870425119238,274,0.0
1,2,83.59305830232464,31,0.0
1,2,119.07319654133343,7,0.0
1,1,92.07582508258884,30,0.0
1,2,81.30807858882224,71,0.0
1,0,23.317557377230013,48,0.0
1,2,107.89301898112066,300,0.0
1,0,42.85639979504212,121,0.0
1,2,119.08224549987813,135,0.0
1,2,107.35769228294777,312,0.0
1,1,87.5859027887378,7,0.0
1,2,77.4154957986831,58,0.0
1,0,55.3901043688413,31,0.0
1,2,119.08224549987813,129,0.0
1,2,59.49820160344038,130,0.0
1,2,58.61884377054484,107,0.0
1,2,119.08224549987813,131,0.0
1,2,82.10567752876355,234,0.0
1,2,119.08224549987813,119,0.0
1,3,20.758739513557195,23,0.0
1,0,83.92437503279405,67,0.0
1,0,35.024606939450145,17,0.0
1,1,90.31980784748485,333,0.0
1,2,119.08224549987813,120,0.0
1,1,106.8386131659619,161,0.0
1,2,119.08224549987813,132,0.0
1,0,52.86385905237734,27,0.0
1,2,119.08224549987813,215,0.0
1,0,45.25668127620872,43,0.0
1,2,56.85220840747282,47,0.0
1,2,59.945932221687755,94,0.0
1,1,95.13477774977473,324,0.0
1,0,61.731080821898026,10,0.0
1,1,112.31445820099168,20,0.0
1,2,91.01217661654158,218,0.0
1,2,63.078401034643626,13,0.0
1,1,20.468354994321775,50,0.0
1,2,86.13806110219551,235,0.0
1,2,67.98207225517932,95,0.0
1,2,119.06855211721364,187,0.0
1,1,73.34966157492777,247,0.0
1,2,58.6096748671527,134,0.0
1,2,119.06855211721364,123,0.0
1,2,119.06855211721364,28,0.0
1,0,44.32523339342235,44,0.0
1,1,4.344134495409484,72,0.0
1,2,67.1818259098939,14,0.0
1,0,43.392403525240695,45,0.0
1,2,58.56208136130522,33,0.0
1,2,119.06717013181834,40,0.0
1,2,4.87370049597763,50,0.0
1,1,43.218943398880405,138,0.0
1,2,119.06717013181834,254,0.0
1,2,119.06717013181834,234,0.0
1,3,40.11135097856052,133,0.0
1,2,119.06717013181834,131,0.0
1,2,70.12553898779763,136,0.0
1,2,119.06717013181834,122,0.0
1,2,56.75465221922707,4,0.0
1,2,56.6711742180614,137,0.0
1,0,72.0854971304296,96,0.0
1,2,119.06717013181834,396,0.0
1,3,30.465359839087967,12,0.0
1,1,42.413977318355364,124,0.0
1,2,60.32862198969426,58,0.0
1,0,81.13303351529495,70,0.0
1,2,119.07293623346892,63,0.0
1,2,119.07293623346892,383,0.0
1,2,119.07293623346892,160,0.0
1,2,99.98327552704923,35,0.0
1,2,119.07293623346892,397,0.0
1,3,28.53829607255689,13,0.0
1,2,119.07293623346892,134,0.0
1,2,65.06603900353741,49,0.0
1,2,119.07293623346892,104,0.0
1,1,97.31235360240738,326,0.0
1,2,119.07293623346892,165,0.0
1,0,61.2603590228692,137,0.0
1,2,66.82350546321729,136,0.0
1,2,88.43406658988782,308,0.0
1,2,101.04727164846281,164,0.0
1,2,119.06462244011581,190,0.0
1,2,119.06462244011581,386,0.0
1,0,70.22305580401434,98,0.0
1,0,31.297887862066865,21,0.0
1,2,59.84620237899154,139,0.0
1,2,117.28269442262749,132,0.0
1,1,119.06462244011581,328,0.0
1,2,119.06462244011581,124,0.0
1,2,119.06462244011581,159,0.0
1,1,82.43135150508368,35,0.0
1,2,119.06462244011581,135,0.0
1,3,30.454275209447538,13,0.0
1,2,119.06462244011581,125,0.0
1,1,16.4436342452996,22,0.0
1,2,119.06462244011581,146,0.0
1,1,48.024843362827724,319,0.0
1,2,16.67308379972486,53,0.0
1,1,6.586332788157965,75,0.0
1,2,119.06462244011581,137,0.0
1,2,111.2144640128791,130,0.0
1,2,100.56120516372746,77,0.0
1,2,119.06182028392483,160,0.0
1,2,60.798929806160196,36,0.0
1,1,12.20786898392385,126,0.0
1,2,86.64767150103431,144,0.0
1,0,68.22778608330684,60,0.0
1,0,97.69191553614415,29,0.0
1,2,119.06182028392483,126,0.0
1,2,119.06182028392483,136,0.0
1,2,119.06182028392483,257,0.0
1,1,77.92100399527935,12,0.0
1,2,76.05892691136492,98,0.0
1,2,119.06182028392483,190,0.0
1,2,66.50568539299069,74,0.0
1,2,119.06182028392483,144,0.0
1,2,111.12025941858211,33,0.0
1,1,38.54042004239602,126,0.0
1,2,72.32654545546976,42,0.0
1,1,104.58100729031959,24,0.0
1,2,118.775376447325,160,0.0
1,2,119.06182028392483,23,0.0
1,3,58.38680174690986,139,0.0
1,2,119.06182028392483,133,0.0
1,2,82.65482720626883,139,0.0
1,2,119.05228973317739,127,0.0
1,2,119.05228973317739,12,0.0
1,2,44.138953379929944,321,0.0
1,2,119.05228973317739,137,0.0
1,2,119.05228973317739,191,0.0
1,0,81.97334444757881,135,0.0
1,3,22.71702852977493,16,0.0
1,2,119.05228973317739,14,0.0
1,1,43.294974913226696,126,0.0
1,2,119.05228973317739,161,0.0
1,0,61.805865765533056,141,0.0
1,2,91.49108605962542,329,0.0
1,0,47.89824750124946,30,0.0
1,2,119.05228973317739,126,0.0
1,0,27.60420558716212,25,0.0
1,2,64.8192294332871,37,0.0
1,2,119.05228973317739,53,0.0
1,2,119.05228973317739,219,0.0
1,2,68.86178293182299,20,0.0
1,0,4.700442805260186,77,0.0
1,2,119.05228973317739,330,0.0
1,0,63.20988923128187,49,0.0
1,2,119.04149914430316,137,0.0
1,2,119.04149914430316,331,0.0
1,2,116.41099647914422,142,0.0
1,0,40.937807600797406,48,0.0
1,2,77.74417805485149,356,0.0
1,0,60.847364909836216,142,0.0
1,2,119.04149914430316,170,0.0
1,2,104.95726373282235,16,0.0
1,2,71.09186861596089,62,0.0
1,0,62.32555076523658,49,0.0
1,2,109.17767636282012,129,0.0
1,2,90.76991194278645,132,0.0
1,3,52.208904898352415,38,0.0
1,3,66.37866496541972,101,0.0
1,2,119.04149914430316,192,0.0
1,1,51.50495848438686,128,0.0
1,0,32.4502235992444,62,0.0
1,1,111.00823451350546,168,0.0
1,2,119.04149914430316,143,0.0
1,0,58.567644010891854,45,0.0
1,1,23.020583431831763,302,0.0
1,2,80.79729552375356,53,0.0
1,3,20.758527674078092,17,0.0
1,0,69.07963354675594,84,0.0
1,1,104.31146548981009,308,0.0
1,1,66.04165869951663,349,0.0
1,2,119.04149914430316,163,0.0
1,2,46.93974664555262,31,0.0
1,3,102.3800230178672,131,0.0
1,2,119.03653725359244,351,0.0
1,2,64.41520221901216,102,0.0
1,2,81.38400003909413,357,0.0
1,1,2.7784792031557966,79,0.0
1,1,119.03653725359244,171,0.0
1,0,8.172883484352605,32,0.0
1,2,119.03653725359244,16,0.0
1,2,112.81749834706277,130,0.0
1,2,119.03653725359244,240,0.0
1,2,119.03653725359244,14,0.0
1,2,46.6041812644843,3,0.0
1,2,48.31227008984123,138,0.0
1,2,51.119198808644434,313,0.0
1,0,45.32928638999189,35,0.0
1,2,119.03653725359244,143,0.0
1,2,119.03653725359244,150,0.0
1,1,103.02081541467905,37,0.0
1,2,57.6041812644843,46,0.0
1,2,119.03653725359244,97,0.0
1,1,83.88751071504659,40,0.0
1,2,67.44063254461024,136,0.0
1,0,78.73513236132898,89,0.0
1,2,57.78339999956253,130,0.0
1,3,16.830567936114228,19,0.0
1,2,119.03550300844368,142,0.0
1,3,60.699415875569386,24,0.0
1,0,30.52226386128054,64,0.0
1,3,119.03550300844368,137,0.0
1,2,93.72985558429177,174,0.0
1,2,119.03550300844368,156,0.0
1,2,81.4713189436285,36,0.0
1,2,119.03550300844368,149,0.0
1,1,101.05631842312273,38,0.0
1,2,119.03550300844368,332,0.0
1,1,42.8667304509139,129,0.0
1,2,119.03550300844368,241,0.0
1,1,53.035214877770905,130,0.0
1,3,14.865705152296808,20,0.0
1,1,6.243523708978875,34,0.0
1,3,96.91481977844812,134,0.0
1,2,119.03513721618258,227,0.0
1,2,101.15496649609418,144,0.0
1,2,119.03513721618258,111,0.0
1,2,119.03513721618258,129,0.0
1,2,119.03513721618258,117,0.0
1,2,119.03513721618258,132,0.0
1,2,79.29906909598554,41,0.0
1,2,115.62531059604413,19,0.0
1,2,73.06303953783822,125,0.0
1,3,14.979279565006468,21,0.0
1,2,83.34162259452143,24,0.0
1,0,12.699621293748518,35,0.0
1,2,97.69153501414613,22,0.0
1,2,93.2228088466552,143,0.0
1,3,98.45066324249346,133,0.0
1,2,119.03513721618258,132,0.0
1,2,73.06303953783822,241,0.0
1,2,46.31608237657114,41,0.0
1,2,119.03513721618258,390,0.0
1,2,119.03513721618258,145,0.0
1,1,40.90186766709648,130,0.0
1,0,119.03513721618258,333,0.0
1,2,119.02443320942335,150,0.0
1,0,119.02443320942335,286,0.0
1,1,114.17385096145435,172,0.0
1,2,65.4841991259067,132,0.0
1,2,119.02443320942335,44,0.0
1,2,49.87515282329636,42,0.0
1,2,119.02443320942335,132,0.0
1,1,68.880308619149,344,0.0
1,3,13.003712774429813,22,0.0
1,2,119.02443320942335,142,0.0
1,3,37.63298334829662,33,0.0
1,2,119.02443320942335,168,0.0
1,2,101.25060546087136,23,0.0
1,1,96.44307617745214,312,0.0
1,2,119.02443320942335,177,0.0
1,0,50.755171577090664,31,0.0
1,2,114.61689940954429,137,0.0
1,1,119.02443320942335,158,0.0
1,2,119.02443320942335,133,0.0
1,1,15.152194119473824,306,0.0
1,1,38.926300876519825,131,0.0
1,2,119.02443320942335,58,0.0
1,2,113.12152720428887,140,0.0
1,2,47.74558384594162,33,0.0
1,2,119.02645377023926,133,0.0
1,2,119.02645377023926,168,0.0
1,2,119.02645377023926,101,0.0
1,3,118.05508351873382,138,0.0
1,2,57.55623898304223,227,0.0
1,2,106.03239177209734,3,0.0
1,2,58.53867037495094,287,0.0
1,1,99.02645377023926,1,0.0
1,2,119.02645377023926,151,0.0
1,3,63.99494555464893,106,0.0
1,2,80.06029409375299,243,0.0
1,2,47.121239073616096,133,0.0
1,2,119.02645377023926,20,0.0
1,2,119.02645377023926,394,0.0
1,2,84.09152534972284,324,0.0
1,2,119.02645377023926,229,0.0
1,0,80.70754528706516,141,0.0
1,1,93.12152720428887,4,0.0
1,2,119.02645377023926,143,0.0
1,1,119.02645377023926,132,0.0
1,3,118.19822091161402,133,0.0
1,2,119.02645377023926,198,0.0
1,2,58.54003078300458,337,0.0
1,0,65.29811601796015,56,0.0
1,0,80.91139721083499,44,0.0
1,3,116.22502480949898,134,0.0
1,2,83.4143200409449,128,0.0
1,2,119.02680389788496,133,0.0
1,1,55.39559661629763,134,0.0
1,0,60.52433699877649,35,0.0
1,2,93.6929030976281,27,0.0
1,2,119.02680389788496,142,0.0
1,2,103.57408934976188,146,0.0
1,2,119.02680389788496,21,0.0
1,1,115.07769087754757,160,0.0
1,2,119.02680389788496,247,0.0
1,2,119.02680389788496,146,0.0
1,2,119.02680389788496,120,0.0
1,1,3.7841117624712646,31,0.0
1,1,119.02680389788496,247,0.0
1,2,119.02680389788496,142,0.0
1,1,64.93356628727322,346,0.0
1,2,119.02936072912738,244,0.0
1,2,69.0539768541366,144,0.0
1,2,98.71930656813228,149,0.0
1,3,36.73497865704524,8,0.0
1,0,46.56939151213196,3,0.0
1,2,117.05616462701234,248,0.0
1,3,95.0826183972516,3,0.0
1,2,58.17444535150909,29,0.0
1,0,119.02936072912738,20,0.0
1,0,75.63861056449771,135,0.0
1,2,119.02936072912738,146,0.0
1,0,19.85993381635894,33,0.0
1,1,50.06978971605248,144,0.0
1,0,119.02936072912738,134,0.0
1,0,79.57488712727955,121,0.0
1,2,97.05510447983767,28,0.0
1,3,26.233141726133578,46,0.0
1,1,93.50288262775206,260,0.0
1,0,30.630529403802363,146,0.0
1,2,119.02936072912738,246,0.0
1,2,119.02936072912738,32,0.0
1,2,119.02513263467718,149,0.0
1,2,119.02513263467718,132,0.0
1,1,13.064170134879278,133,0.0
1,2,68.59439898147617,290,0.0
1,3,0.4269913171501287,38,0.0
1,2,119.02513263467718,137,0.0
1,0,41.6553908523516,137,0.0
1,2,119.02513263467718,62,0.0
1,1,93.10775103192877,4,0.0
1,2,48.424459997395815,70,0.0
1,2,119.02513263467718,177,0.0
1,1,100.053477741563,364,0.0
1,0,83.28025921708614,46,0.0
1,2,119.02513263467718,172,0.0
1,2,67.12144471370809,30,0.0
1,2,99.02513263467718,1,0.0
1,2,65.24173344233792,339,0.0
1,1,0.8510680911189974,34,0.0
1,2,119.01246296484318,158,0.0
1,2,119.01246296484318,144,0.0
1,1,94.89183816196802,150,0.0
1,2,119.01246296484318,34,0.0
1,2,70.44031025781366,31,0.0
1,0,81.91888530606231,123,0.0
1,2,119.01246296484318,320,0.0
1,3,6.123926771201761,27,0.0
1,2,117.6362100300249,181,0.0
1,2,80.03086260858016,149,0.0
1,2,109.1446472061953,163,0.0
1,2,119.01246296484318,46,0.0
1,2,119.01246296484318,178,0.0
1,0,50.577375449650596,58,0.0
1,2,119.01246296484318,136,0.0
1,2,117.03759559952036,137,0.0
1,3,19.842522782461174,26,0.0
1,0,119.01246296484318,113,0.0
1,2,119.01246296484318,156,0.0
1,2,110.14884374526652,142,0.0
1,1,11.076633099722462,134,0.0
1,2,57.47477222523766,54,0.0
1,2,99.09776258735309,126,0.0
1,2,119.01246296484318,246,0.0
1,0,10.406416602817819,111,0.0
1,2,81.22172825866505,41,0.0
1,2,75.15535056892683,292,0.0
1,2,119.0091085818777,137,0.0
1,0,9.415525184695522,112,0.0
1,2,119.0091085818777,152,0.0
1,2,65.10076458669153,23,0.0
1,2,118.17300095108094,110,0.0
1,2,119.0091085818777,134,0.0
1,0,60.914770551748525,39,0.0
1,0,22.27984590753164,49,0.0
1,2,105.58608422212784,3,0.0
1,2,46.534137864059474,3,0.0
1,1,28.21167944569834,332,0.0
1,2,119.0091085818777,148,0.0
1,1,88.1449065257359,146,0.0
1,0,79.78469514542856,43,0.0
1,2,104.80180093359982,172,0.0
1,1,96.07504928828388,366,0.0
1,0,68.87266956907916,75,0.0
1,3,58.691162583575164,151,0.0
1,3,59.39969654913097,112,0.0
1,2,90.81123517361551,91,0.0
1,2,91.52294402923671,56,0.0
1,2,72.20062850146716,98,0.0
1,2,101.45093254817473,143,0.0
1,0,48.500033897748104,2,0.0
1,2,118.99547960680925,125,0.0
1,0,82.2684282587345,151,0.0
1,2,45.467141133632325,139,0.0
1,2,118.99547960680925,149,0.0
1,2,118.99547960680925,138,0.0
1,3,113.04218378820731,140,0.0
1,2,118.99547960680925,165,0.0
1,2,118.99547960680925,250,0.0
1,1,65.76587891360168,33,0.0
1,2,118.99547960680925,398,0.0
1,2,118.99547960680925,30,0.0
1,0,26.94198423333179,61,0.0
1,2,44.79371620292391,149,0.0
1,1,94.07052889509313,367,0.0
1,3,46.91794097884537,27,0.0
1,0,7.176078737937722,43,0.0
1,2,118.99547960680925,183,0.0
1,2,118.99547960680925,147,0.0
1,1,23.19422047389838,59,0.0
1,0,75.62234491202811,95,0.0
1,0,58.49491918991965,154,0.0
1,0,47.807920386457106,5,0.0
1,2,78.0360505502672,148,0.0
1,0,16.01615496306716,129,0.0
1,1,79.21705500602353,11,0.0
1,0,47.497213284263125,3,0.0
1,1,63.763058300116704,34,0.0
1,1,6.173258124452741,44,0.0
1,0,10.081232282456936,40,0.0
1,1,60.915594427904644,26,0.0
1,2,79.19550259463743,51,0.0
1,0,58.9074295450728,41,0.0
1,0,20.70381585886039,74,0.0
1,1,43.876829577739905,140,0.0
1,1,43.517835030909126,400,0.0
1,2,118.99717938651501,126,0.0
1,1,85.12198157197392,8,0.0
1,2,71.53103389802918,25,0.0
1,0,7.408184178019794,114,0.0
1,2,118.99717938651501,159,0.0
1,2,54.945360670809684,154,0.0
1,2,78.27853430870842,59,0.0
1,2,83.19443642151906,35,0.0
1,2,119.00384400818272,152,0.0
1,2,73.34965377287207,87,0.0
1,2,53.746256655586244,5,0.0
1,2,119.00384400818272,151,0.0
1,0,50.704804776607446,154,0.0
1,2,119.00384400818272,48,0.0
1,0,5.177102132635462,45,0.0
1,2,57.28708567657645,7,0.0
1,1,112.53781448153781,332,0.0
1,2,119.00384400818272,152,0.0
1,3,24.778185839950293,14,0.0
1,0,73.50142215467015,52,0.0
1,2,119.00384400818272,254,0.0
1,2,82.35240552688353,141,0.0
1,2,119.00384400818272,343,0.0
1,2,81.11782135928986,149,0.0
1,2,57.49876319810237,155,0.0
1,2,71.21405664683908,56,0.0
1,2,59.49343458272853,115,0.0
1,0,79.28423949149213,154,0.0
1,2,119.01478783805989,150,0.0
1,3,22.792973678010185,15,0.0
1,2,119.01478783805989,149,0.0
1,2,109.22999944197413,136,0.0
1,0,49.71959261466734,155,0.0
1,2,105.70115737071232,146,0.0
1,2,59.13774585758309,35,0.0
1,0,109.22999944197413,65,0.0
1,2,76.68983811762712,31,0.0
1,2,119.01478783805989,81,0.0
1,2,119.01478783805989,138,0.0
1,2,119.01478783805989,178,0.0
1,2,64.70850088850501,10,0.0
1,0,72.63815614478574,98,0.0
1,2,119.01478783805989,54,0.0
1,1,5.09703252116705,139,0.0
1,2,60.53974823198729,156,0.0
1,0,12.917928837323887,40,0.0
1,0,77.08239102496974,31,0.0
1,2,74.2376393271997,57,0.0
1,2,105.31447205982485,66,0.0
1,0,43.48601728018595,88,0.0
1,2,89.74952701162398,237,0.0
1,2,80.67737242129738,28,0.0
1,2,119.02768323147272,144,0.0
1,2,119.02768323147272,82,0.0
1,2,119.02768323147272,141,0.0
1,0,20.716207656240034,154,0.0
1,0,13.062470040782499,132,0.0
1,2,119.02768323147272,153,0.0
1,2,79.71342079798774,32,0.0
1,1,5.9647867686707725,144,0.0
1,3,25.552840695775693,17,0.0
1,2,51.59629551815427,7,0.0
1,2,119.03067051146287,162,0.0
1,2,58.54451212719924,130,0.0
1,3,18.851327420945786,17,0.0
1,0,119.03067051146287,9,0.0
1,2,91.19873985475401,157,0.0
1,2,90.64221245537522,347,0.0
1,3,86.91781533245549,147,0.0
1,0,73.12261841036802,14,0.0
1,2,72.27850743690047,10,0.0
1,2,119.03067051146287,208,0.0
1,2,80.8514804711705,269,0.0
1,1,119.03067051146287,144,0.0
1,2,57.98847946597076,30,0.0
1,2,77.33613712612947,32,0.0
1,2,79.55638569416938,61,0.0
1,2,119.03067051146287,144,0.0
1,1,84.14469387078636,372,0.0
1,2,119.03067051146287,153,0.0
1,2,64.36718988593482,50,0.0
1,2,46.575063585086866,4,0.0
1,3,13.831950509448761,45,0.0
1,2,119.03261296011392,210,0.0
1,2,49.843899669465536,5,0.0
1,2,119.03261296011392,97,0.0
1,0,15.813414408152532,79,0.0
1,2,61.3840086191554,154,0.0
1,3,75.23158012126605,13,0.0
1,1,101.21137920111461,179,0.0
1,2,96.28128268698343,239,0.0
1,0,18.779491127816836,156,0.0
1,0,13.300998409705539,65,0.0
1,2,119.03261296011392,156,0.0
1,3,58.58030073466597,118,0.0
1,0,47.57712508731317,3,0.0
1,1,44.29320405193585,155,0.0
1,0,119.03261296011392,84,0.0
1,2,48.19031642043738,57,0.0
1,3,55.68473035984881,20,0.0
1,2,75.51055447636217,16,0.0
1,2,54.40210554786185,159,0.0
1,1,59.286694946985605,32,0.0
1,2,114.37122702544622,186,0.0
1,3,108.29805040925082,146,0.0
1,2,46.924759302198204,40,0.0
1,1,0.42821130167200405,73,0.0
1,1,56.67581924471947,358,0.0
1,2,108.04965199880382,150,0.0
1,2,119.02937939663617,72,0.0
1,3,119.02937939663617,147,0.0
1,2,99.63660579286366,240,0.0
1,0,14.84279380478871,80,0.0
1,2,119.0243492810696,155,0.0
1,2,49.69096698656223,98,0.0
1,2,119.0243492810696,28,0.0
1,2,102.37351768406974,2,0.0
1,2,119.0243492810696,143,0.0
1,2,119.0243492810696,183,0.0
1,2,74.27009928444264,330,0.0
1,2,95.84724832608251,160,0.0
1,2,69.87702907279993,10,0.0
1,2,117.0541657966332,64,0.0
1,0,44.361922970650795,23,0.0
1,0,45.630853765018955,5,0.0
1,0,81.39957774379288,106,0.0
1,2,119.016102068856,350,0.0
1,2,47.80326161466961,66,0.0
1,1,63.396484301877436,19,0.0
1,2,119.016102068856,29,0.0
1,1,8.383767734876534,342,0.0
1,2,61.11902389919908,161,0.0
1,0,78.31960384278608,156,0.0
1,2,52.28101500596692,162,0.0
1,2,119.016102068856,148,0.0
1,2,58.288946633105056,71,0.0
1,2,119.016102068856,160,0.0
1,2,119.016102068856,147,0.0
1,3,17.6552844024514,21,0.0
1,1,52.71627059464508,360,0.0
1,2,119.016102068856,261,0.0
1,2,119.016102068856,182,0.0
1,1,90.75982966002208,58,0.0
1,2,105.7462977479734,3,0.0
1,2,119.016102068856,160,0.0
1,2,119.016102068856,156,0.0
1,0,51.08685884092674,49,0.0
1,2,119.016102068856,370,0.0
1,2,110.75394146826652,303,0.0
1,2,119.02363308360759,157,0.0
1,2,119.02363308360759,143,0.0
1,1,41.76393501083906,60,0.0
1,0,65.82258667800463,105,0.0
1,1,119.02363308360759,191,0.0
1,2,98.66152102633164,183,0.0
1,2,48.21282766560503,162,0.0
1,3,6.958027299732066,50,0.0
1,2,112.82787828725031,153,0.0
1,2,65.32980497544827,56,0.0
1,2,38.38666788210523,159,0.0
1,0,79.43931289625647,108,0.0
1,2,58.325220703931535,60,0.0
1,2,94.79015515207142,57,0.0
1,0,52.221054182608285,48,0.0
1,2,82.1319120333063,65,0.0
1,2,119.02363308360759,117,0.0
1,2,119.02363308360759,30,0.0
1,2,77.82663360762989,42,0.0
1,2,69.30798802214598,72,0.0
1,2,56.481732982622816,100,0.0
1,2,106.99030065168235,163,0.0
1,2,104.090912802749,149,0.0
1,0,49.14692518001045,51,0.0
1,3,55.337819958265534,4,0.0
1,2,81.21819092434768,43,0.0
1,1,94.7734661082927,341,0.0
1,2,117.0600663390837,157,0.0
1,0,64.85901993348074,106,0.0
1,2,119.03643325547611,246,0.0
1,2,102.05307834304944,184,0.0
1,2,84.45242259722102,333,0.0
1,2,119.03643325547611,103,0.0
1,2,119.03643325547611,162,0.0
1,2,119.03643325547611,162,0.0
1,2,86.60026815205129,60,0.0
1,2,78.69513291767008,136,0.0
1,2,119.03643325547611,148,0.0
1,0,119.03643325547611,352,0.0
1,2,47.8360086302137,64,0.0
1,1,8.276978523160865,165,0.0
1,2,85.89880318349773,68,0.0
1,0,9.975824349149432,85,0.0
1,0,79.48801638679899,163,0.0
1,2,119.03251285535141,151,0.0
1,2,88.04098285528354,334,0.0
1,2,117.30016073136365,160,0.0
1,1,81.8543535833101,160,0.0
1,2,119.03251285535141,161,0.0
1,2,47.91699475563172,85,0.0
1,2,119.03251285535141,217,0.0
1,2,68.6870501400423,74,0.0
1,3,11.95346807091849,161,0.0
1,0,81.96334402837248,88,0.0
1,2,67.98667365584558,372,0.0
1,2,63.461850557403146,102,0.0
1,1,119.03251285535141,151,0.0
1,2,116.75162765113814,245,0.0
1,2,119.03251285535141,215,0.0
1,2,75.66070773496762,90,0.0
1,2,58.201365121606855,69,0.0
1,1,92.80597896364411,342,0.0
1,2,119.03912117763308,150,0.0
1,3,9.786984774519594,25,0.0
1,2,79.25719017611537,91,0.0
1,1,46.26420950208028,152,0.0
1,0,84.22488406520336,98,0.0
1,1,83.38005812939073,332,0.0
1,2,64.90145062311336,336,0.0
1,1,91.71705729957817,277,0.0
1,2,78.53322720822034,154,0.0
1,2,119.03912117763308,161,0.0
1,2,110.31200387864965,41,0.0
1,2,119.03912117763308,160,0.0
1,2,119.03912117763308,170,0.0
1,2,75.67900822565014,160,0.0
1,2,117.07163403298449,192,0.0
1,0,86.21009119119331,40,0.0
1,2,119.03912117763308,105,0.0
1,0,119.03230627109552,165,0.0
1,2,91.20590651927401,142,0.0
1,2,119.03230627109552,167,0.0
1,1,4.534835799431033,73,0.0
1,2,119.03230627109552,105,0.0
1,2,119.03230627109552,262,0.0
1,2,78.84711629366251,166,0.0
1,2,98.70393763583559,38,0.0
1,2,82.41656453994896,20,0.0
1,2,119.03230627109552,164,0.0
1,1,119.03230627109552,193,0.0
1,2,59.836878441024865,13,0.0
1,1,83.90739048152724,355,0.0
1,3,33.54203168267051,29,0.0
1,2,54.99912152586022,7,0.0
1,0,8.047251797878026,87,0.0
1,2,86.74314717687999,93,0.0
1,2,107.10012792734621,20,0.0
1,2,70.07274834536062,48,0.0
1,2,119.04351696135973,63,0.0
1,2,78.45520849913898,78,0.0
1,0,60.166047192862855,127,0.0
1,2,93.36613261764498,126,0.0
1,2,119.04351696135973,175,0.0
1,2,90.17299082203853,17,0.0
1,0,70.07595049326702,19,0.0
1,0,82.3007072976586,100,0.0
1,2,62.507008330188604,68,0.0
1,2,79.76948958195467,77,0.0
1,2,119.04351696135973,164,0.0
1,2,119.04351696135973,199,0.0
1,0,1.6563797703361187,82,0.0
1,2,72.38740762387798,338,0.0
1,0,119.04351696135973,80,0.0
1,2,119.04351696135973,148,0.0
1,2,90.85866502344112,160,0.0
1,0,28.61262169548524,155,0.0
1,2,117.07582323245525,153,0.0
1,2,119.04351696135973,263,0.0
1,0,49.88289145903969,168,0.0
1,2,119.04351696135973,164,0.0
1,0,68.24223383997011,59,0.0
1,3,75.49207529577038,163,0.0
1,2,76.9055449985242,52,0.0
1,2,112.57087417916728,196,0.0
1,2,49.34393331285576,168,0.0
1,2,119.03604366238208,264,0.0
1,2,36.38824628375188,65,0.0
1,2,119.03604366238208,164,0.0
1,2,119.03604366238208,107,0.0
1,1,104.01205367388911,173,0.0
1,2,119.03604366238208,151,0.0
1,0,81.33675096004069,101,0.0
1,2,76.54999723729992,58,0.0
1,3,55.54497813473334,23,0.0
1,2,119.03604366238208,197,0.0
1,1,109.1440786877526,189,0.0
1,1,84.95696703611452,346,0.0
1,1,52.52111381507718,41,0.0
1,2,119.03604366238208,123,0.0
1,0,70.07758186813697,77,0.0
1,1,86.80570861436671,23,0.0
1,2,73.31946442627124,357,0.0
1,0,27.648665357867323,156,0.0
1,2,82.14150400040837,79,0.0
1,2,119.03604366238208,247,0.0
1,3,8.844859877044724,166,0.0
1,2,111.08386234492872,161,0.0
1,2,54.016272133666575,6,0.0
1,2,54.923598107939064,156,0.0
1,1,107.17554882838198,190,0.0
1,0,8.124359281913506,167,0.0
1,2,66.42021921781095,90,0.0
1,2,105.32348837901439,156,0.0
1,2,84.80036211270499,266,0.0
1,2,84.29448782118642,72,0.0
1,2,119.03147014062938,171,0.0
1,2,119.03147014062938,201,0.0
1,2,71.7461786357235,12,0.0
1,2,109.59702429577126,170,0.0
1,2,119.03147014062938,124,0.0
1,0,58.23356099587431,129,0.0
1,0,1.6458665638022112,76,0.0
1,2,116.30536369816474,197,0.0
1,2,92.38008713470127,44,0.0
1,3,5.93032180998629,29,0.0
1,0,46.62718389991894,4,0.0
1,3,34.783088441962896,9,0.0
1,2,110.1819677186344,340,0.0
1,2,119.0407916136939,156,0.0
1,2,119.0407916136939,169,0.0
1,2,118.15867334878469,23,0.0
1,2,119.0407916136939,379,0.0
1,3,45.66797551361284,5,0.0
1,1,81.76223223796042,359,0.0
1,0,71.8313056009533,51,0.0
1,0,17.194079416302532,68,0.0
1,2,119.0407916136939,68,0.0
1,2,119.0407916136939,178,0.0
1,1,73.56418677855135,337,0.0
1,2,87.44632314206272,68,0.0
1,0,7.165150895607404,168,0.0
1,2,119.0407916136939,175,0.0
1,2,96.56469360692714,42,0.0
1,2,119.0407916136939,172,0.0
1,2,62.67803780489308,67,0.0
1,1,80.91636952840479,26,0.0
1,2,119.0383991597148,159,0.0
1,2,101.58335971236157,97,0.0
1,2,92.291582218676,110,0.0
1,3,9.448777842157915,46,0.0
1,0,17.07999887281295,64,0.0
1,2,100.10190877144498,164,0.0
1,3,0.30799930856508695,31,0.0
1,1,10.566782658211492,158,0.0
1,2,119.0383991597148,159,0.0
1,0,88.25194231378818,144,0.0
1,2,119.0383991597148,156,0.0
1,2,119.0383991597148,271,0.0
1,0,71.51317594792079,117,0.0
1,0,119.0383991597148,67,0.0
1,2,73.39988263238907,170,0.0
1,0,83.72484423591723,158,0.0
1,0,47.026464242655635,134,0.0
1,0,119.0383991597148,75,0.0
1,2,73.83964673302567,92,0.0
1,2,119.0383991597148,194,0.0
1,2,119.03055776943857,171,0.0
1,2,119.03055776943857,169,0.0
1,3,28.89283698481017,12,0.0
1,2,119.03055776943857,172,0.0
1,2,112.1090670171246,131,0.0
1,0,102.94112102371284,2,0.0
1,2,119.03055776943857,170,0.0
1,2,119.03055776943857,101,0.0
1,2,117.86635669667554,342,0.0
1,0,7.50337886608289,81,0.0
1,2,119.03055776943857,272,0.0
1,2,119.03055776943857,255,0.0
1,1,89.5453263508197,284,0.0
1,0,90.87336924607088,75,0.0
1,2,119.03055776943857,111,0.0
1,0,97.83007241935456,47,0.0
1,0,55.343309538721584,132,0.0
1,2,116.64563775822715,159,0.0
1,2,103.02884882312819,47,0.0
1,2,70.36242678293422,69,0.0
1,2,119.03055776943857,225,0.0
1,2,119.03055776943857,160,0.0
1,2,93.8651550018647,53,0.0
1,2,49.52593053375036,52,0.0
1,1,104.24908258496828,44,0.0
1,2,47.210045664903284,26,0.0
1,1,78.94692729784336,27,0.0
1,2,57.27459953406658,173,0.0
1,0,91.69037047988283,105,0.0
1,2,119.01906126640262,128,0.0
1,2,119.01906126640262,161,0.0
1,2,58.53434015112191,351,0.0
1,2,119.01906126640262,205,0.0
1,2,99.01906126640262,1,0.0
1,2,119.01906126640262,161,0.0
1,2,119.01906126640262,171,0.0
1,2,66.08649984091663,18,0.0
1,1,71.46671901389918,168,0.0
1,1,65.82584966420802,46,0.0
1,0,27.022978715109335,105,0.0
1,0,119.01906126640262,174,0.0
1,2,119.01906126640262,194,0.0
1,2,119.01906126640262,158,0.0
1,2,51.161161994192,27,0.0
1,2,119.01906126640262,273,0.0
1,2,119.01906126640262,225,0.0
1,2,119.01906126640262,164,0.0
1,0,54.36237080512421,133,0.0
1,2,50.48962177825904,3,0.0
1,2,119.01906126640262,273,0.0
1,2,119.01906126640262,171,0.0
1,2,99.03162161713865,1,0.0
1,2,119.03162161713865,171,0.0
1,2,81.37622167125721,79,0.0
1,2,49.819243883876126,373,0.0
1,2,106.84126255879498,166,0.0
1,2,49.51857301140756,112,0.0
1,2,91.42028716282968,286,0.0
1,1,97.05068288354127,2,0.0
1,2,119.03162161713865,129,0.0
1,1,111.01473014508804,174,0.0
1,1,104.0081743983526,179,0.0
1,0,5.554061749624171,83,0.0
1,2,70.39029899094497,203,0.0
1,2,117.3266232180086,206,0.0
1,2,53.5520987781605,113,0.0
1,0,53.26497463657443,118,0.0
1,2,109.2728186549015,69,0.0
1,3,0.12130544462879866,35,0.0
1,2,119.03055220825395,227,0.0
1,2,89.58291023867271,96,0.0
1,3,48.713088896268445,16,0.0
1,2,57.51880992839787,86,0.0
1,1,54.4548184843876,162,0.0
1,1,24.974072076605403,15,0.0
1,2,119.03055220825395,258,0.0
1,2,94.21367140763148,364,0.0
1,1,33.47861477410099,73,0.0
1,2,119.03055220825395,273,0.0
1,3,90.86195852879281,170,0.0
1,2,119.03055220825395,177,0.0
1,2,119.03055220825395,51,0.0
1,0,119.03055220825395,110,0.0
1,2,77.17896315452833,12,0.0
1,2,119.03055220825395,254,0.0
1,2,119.03055220825395,175,0.0
1,2,54.19560533684645,86,0.0
1,0,71.93459021760141,85,0.0
1,3,34.83729005986625,11,0.0
1,3,22.21032527725662,37,0.0
1,3,97.33935146705089,165,0.0
1,3,46.73221142157325,17,0.0
1,2,119.0191225253048,227,0.0
1,2,119.0191225253048,274,0.0
1,1,31.497737299405788,74,0.0
1,1,22.9931946019102,16,0.0
1,2,94.16950831190788,14,0.0
1,1,117.04967473355875,276,0.0
1,2,119.0191225253048,28,0.0
1,2,89.40784602869857,89,0.0
1,0,37.42763116345285,57,0.0
1,2,119.0191225253048,157,0.0
1,2,119.0191225253048,163,0.0
1,2,85.58678571176425,391,0.0
1,2,69.53270837564013,10,0.0
1,2,111.57013642437917,61,0.0
1,0,23.11793582599363,109,0.0
1,2,111.57013642437917,144,0.0
1,3,109.14457614672547,171,0.0
1,2,119.01366076018688,185,0.0
1,0,64.19150914488135,29,0.0
1,3,44.74587218176013,18,0.0
1,2,119.01366076018688,153,0.0
1,2,62.348946169650105,258,0.0
1,2,119.01366076018688,132,0.0
1,0,35.58566316859582,65,0.0
1,2,119.01366076018688,275,0.0
1,2,119.01366076018688,174,0.0
1,2,119.01366076018688,28,0.0
1,2,92.31358823655412,45,0.0
1,3,6.002367617651536,174,0.0
1,2,119.01366076018688,177,0.0
1,2,65.509165581567,385,0.0
1,2,119.01366076018688,165,0.0
1,2,119.01366076018688,172,0.0
1,0,2.617397243369803,86,0.0
1,3,17.017928642855097,18,0.0
1,0,65.90531480079096,177,0.0
1,2,119.01107328075801,176,0.0
1,2,70.95513408945516,28,0.0
1,2,119.01107328075801,177,0.0
1,2,119.01107328075801,88,0.0
1,2,67.27998871860034,53,0.0
1,2,119.01107328075801,296,0.0
1,2,97.93060907351938,171,0.0
1,3,107.15564942748348,172,0.0
1,2,119.01107328075801,173,0.0
1,0,82.75081394308273,35,0.0
1,3,48.40063699630573,6,0.0
1,0,73.07934461361089,76,0.0
1,2,77.04738094162009,71,0.0
1,2,119.01107328075801,52,0.0
1,1,97.93667077993265,73,0.0
1,2,48.498675050637296,165,0.0
1,0,22.129009106751642,110,0.0
1,2,77.94152197680563,82,0.0
1,2,119.01107328075801,175,0.0
1,1,91.121483305278,75,0.0
1,2,62.212277067003654,163,0.0
1,0,79.60176407635655,103,0.0
1,2,119.00872079762661,32,0.0
1,2,73.37856490558175,9,0.0
1,0,102.5541251655603,2,0.0
1,2,116.61746065930592,170,0.0
1,0,50.3383341740381,180,0.0
1,2,119.00872079762661,166,0.0
1,2,53.450043161760256,112,0.0
1,0,8.396848801127451,77,0.0
1,2,96.63344018094924,394,0.0
1,2,119.00872079762661,160,0.0
1,2,119.00872079762661,134,0.0
1,2,119.00872079762661,200,0.0
1,1,112.70958230109727,179,0.0
1,2,81.75953474070934,36,0.0
1,2,101.47366095832166,172,0.0
1,2,79.39842680778948,346,0.0
1,0,79.57409859147587,14,0.0
1,2,118.99473574665076,106,0.0
1,0,118.99473574665076,55,0.0
1,2,118.99473574665076,175,0.0
1,1,8.228148321847431,167,0.0
1,2,118.99473574665076,180,0.0
1,2,118.99473574665076,166,0.0
1,2,106.92673078987416,369,0.0
1,3,16.645843282716548,167,0.0
1,2,118.99473574665076,211,0.0
1,2,113.5802053418015,5,0.0
1,0,65.96278080282367,89,0.0
1,2,118.99473574665076,185,0.0
1,1,118.99473574665076,167,0.0
1,2,118.99473574665076,22,0.0
1,2,118.99473574665076,178,0.0
1,1,85.12854820232228,8,0.0
1,0,62.91398863011602,180,0.0
1,2,62.17814258915175,371,0.0
1,2,58.50258515837307,33,0.0
1,2,119.00521728504769,178,0.0
1,2,99.00521728504769,1,0.0
1,2,112.02248052246205,19,0.0
1,2,119.00521728504769,264,0.0
1,1,103.43975792231842,396,0.0
1,1,100.89762171185203,186,0.0
1,2,106.35201290688997,49,0.0
1,3,34.624234854168684,9,0.0
1,1,81.54001235030583,66,0.0
1,2,67.22567491671073,278,0.0
1,2,95.91305006846633,176,0.0
1,2,72.10966574411084,56,0.0
1,0,82.83668452390978,28,0.0
1,0,24.750901015681645,169,0.0
1,2,2.0221147277346136,178,0.0
1,1,32.49579904209189,79,0.0
1,2,119.00521728504769,62,0.0
1,2,119.00521728504769,121,0.0
1,2,113.9962074418055,181,0.0
1,1,74.26091814289308,389,0.0
1,2,74.46709640821386,177,0.0
1,2,119.00249311881227,163,0.0
1,1,14.795250819014866,179,0.0
1,2,119.00249311881227,167,0.0
1,2,119.00249311881227,20,0.0
1,2,119.00249311881227,7,0.0
1,1,62.18222978233514,381,0.0
1,2,119.00249311881227,58,0.0
1,2,115.33874685886438,20,0.0
1,0,81.83917764272205,29,0.0
1,0,23.753394134493913,170,0.0
1,3,9.02909559099243,22,0.0
1,2,68.32922194847355,85,0.0
1,2,73.37718367075799,80,0.0
1,2,101.63582878771219,54,0.0
1,2,84.62077005202896,32,0.0
1,2,75.87791302957746,167,0.0
1,2,119.00651096253172,178,0.0
1,0,80.7462758788355,170,0.0
1,2,119.00651096253172,112,0.0
1,2,75.31703240513407,33,0.0
1,2,119.00651096253172,122,0.0
1,2,119.00651096253172,279,0.0
1,2,119.00651096253172,301,0.0
1,2,119.00651096253172,215,0.0
1,2,119.00651096253172,236,0.0
1,0,74.4324430430449,58,0.0
1,2,119.00651096253172,237,0.0
1,2,119.00651096253172,123,0.0
1,2,58.22026033630842,35,0.0
1,2,114.34252440901713,173,0.0
1,3,39.53558157152051,7,0.0
1,2,116.81640095149642,372,0.0
1,3,111.01767791066905,171,0.0
1,1,118.96329738595163,212,0.0
1,1,60.18874074486686,382,0.0
1,1,20.265618918395695,91,0.0
1,2,117.9865265625691,104,0.0
1,2,16.24929383953109,46,0.0
1,2,77.43602250139595,121,0.0
1,3,25.82896638692397,38,0.0
1,2,118.99255105602248,373,0.0
1,2,108.88161448925294,21,0.0
1,2,83.30213886973812,13,0.0
1,0,3.398356970192373,82,0.0
1,0,52.752752459922156,30,0.0
1,2,63.03120252462735,85,0.0
1,0,86.28418661837895,119,0.0
1,0,58.495806537288345,165,0.0
1,2,84.36391218660688,180,0.0
1,2,118.99255105602248,181,0.0
1,1,113.00677242241416,171,0.0
1,2,118.99255105602248,205,0.0
1,0,42.504140295739546,5,0.0
1,2,118.99255105602248,26,0.0
1,2,118.99255105602248,181,0.0
1,2,77.80492054393726,39,0.0
1,2,118.99255105602248,184,0.0
1,2,76.47984942160777,123,0.0
1,2,11.794312837569068,181,0.0
1,2,65.40643151378143,186,0.0
1,2,58.493044781062366,237,0.0
1,1,92.24774309185399,297,0.0
1,0,78.73559618790911,172,0.0
1,1,62.926717620406905,363,0.0
1,2,118.99676925305113,207,0.0
1,2,65.60687170835384,98,0.0
1,1,78.20306893957626,352,0.0
1,2,105.28913086598035,81,0.0
1,0,79.35954886667189,66,0.0
1,2,66.6566840421922,8,0.0
1,2,87.75940880836937,65,0.0
1,0,60.966322478288966,94,0.0
1,2,118.99676925305113,285,0.0
1,0,51.749521712973284,31,0.0
1,0,118.99676925305113,75,0.0
1,2,118.99676925305113,281,0.0
1,1,53.60787865803303,131,0.0
1,0,58.912313020533624,184,0.0
1,3,45.0278923884442,13,0.0
1,1,76.21391469183554,353,0.0
1,0,59.52691035244704,38,0.0
1,2,119.01084575225929,125,0.0
1,1,13.001339130139145,183,0.0
1,3,110.33161718959201,178,0.0
1,2,119.01084575225929,181,0.0
1,3,84.16213865994831,72,0.0
1,0,67.97136651200117,31,0.0
1,2,119.01084575225929,239,0.0
1,3,42.97280307790697,21,0.0
1,2,119.01084575225929,284,0.0
1,2,61.71779614040014,107,0.0
1,2,119.01084575225929,265,0.0
1,2,117.52951273625955,177,0.0
1,2,78.49589026719332,376,0.0
1,2,47.822180359398715,36,0.0
1,3,5.252903290203453,47,0.0
1,3,55.12716646147189,13,0.0
1,2,119.01084575225929,187,0.0
1,0,77.7464419401684,173,0.0
1,2,119.01084575225929,24,0.0
1,0,68.16079168683288,119,0.0
1,1,59.977168230548244,95,0.0
1,0,68.6311828731192,187,0.0
1,0,48.50923037878484,2,0.0
1,2,119.01084575225929,67,0.0
1,2,64.60222370053792,385,0.0
1,1,39.51175530104995,7,0.0
1,2,119.02511895045174,210,0.0
1,3,36.98761064185859,11,0.0
1,2,72.9039974332811,88,0.0
1,2,99.09425617177622,98,0.0
1,3,4.2780222406551935,48,0.0
1,2,119.02511895045174,187,0.0
1,2,100.62603354993065,41,0.0
1,1,112.46625043672975,174,0.0
1,2,75.33169452545522,376,0.0
1,2,87.14020647104103,97,0.0
1,2,119.02511895045174,55,0.0
1,2,119.02511895045174,86,0.0
1,1,11.949324832758217,45,0.0
1,2,96.1569815270327,268,0.0
1,2,119.02511895045174,187,0.0
1,2,119.02511895045174,266,0.0
1,2,119.02511895045174,184,0.0
1,2,119.02511895045174,396,0.0
1,2,88.28370779456502,299,0.0
1,1,46.59635862215089,174,0.0
1,2,93.17493377839186,16,0.0
1,2,119.0234099647659,171,0.0
1,2,119.0234099647659,174,0.0
1,2,119.0234099647659,358,0.0
1,2,119.0234099647659,176,0.0
1,1,9.972734797524115,46,0.0
1,2,91.94692776652316,38,0.0
1,2,119.0234099647659,190,0.0
1,2,119.0234099647659,161,0.0
1,3,45.4995072265853,85,0.0
1,3,46.55775929400248,4,0.0
1,3,46.55395179134728,3,0.0
1,3,11.334137722425837,185,0.0
1,2,119.0234099647659,239,0.0
1,1,111.04869497655054,215,0.0
1,2,119.0234099647659,26,0.0
1,2,61.43998529361054,92,0.0
1,1,69.1914645452645,16,0.0
1,2,68.62772459131246,109,0.0
1,2,119.0234099647659,173,0.0
1,2,119.0234099647659,188,0.0
1,0,55.97168768801054,187,0.0
1,1,110.36940029774794,164,0.0
1,1,85.70112541735692,43,0.0
1,1,102.85647958419041,193,0.0
1,2,68.43546057905655,93,0.0
1,0,42.13084617271816,188,0.0
1,0,76.7354046293955,127,0.0
1,2,119.0234099647659,267,0.0
1,2,119.0234099647659,288,0.0
1,2,119.0234099647659,72,0.0
1,1,24.518738091617333,69,0.0
1,2,119.03024512412777,184,0.0
1,1,70.29268873118096,356,0.0
1,2,119.03024512412777,186,0.0
1,1,8.080113169484557,186,0.0
1,2,119.03024512412777,330,0.0
1,0,45.64682398294957,152,0.0
1,2,99.34458065653574,174,0.0
1,2,91.42326591288474,25,0.0
1,2,94.15352974735488,99,0.0
1,1,42.65001371104456,176,0.0
1,0,76.3237280544782,113,0.0
1,2,119.03024512412777,129,0.0
1,0,75.44916865827659,70,0.0
1,2,119.03024512412777,212,0.0
1,0,61.51751392088845,132,0.0
1,2,45.95918595956745,162,0.0
1,2,111.28256423941941,23,0.0
1,2,106.96781661031154,19,0.0
1,2,101.44934645302618,69,0.0
1,2,119.03024512412777,202,0.0
1,1,82.34501780176907,378,0.0
1,2,119.03024512412777,188,0.0
1,2,67.5754596631843,389,0.0
1,3,8.397445234159902,187,0.0
1,2,119.0330623876063,173,0.0
1,1,117.06330751173407,290,0.0
1,2,119.0330623876063,130,0.0
1,2,119.0330623876063,176,0.0
1,2,24.823664354142622,178,0.0
1,2,119.0330623876063,195,0.0
1,0,84.31858150933998,102,0.0
1,2,119.0330623876063,308,0.0
1,2,119.0330623876063,198,0.0
1,0,45.93891394722066,186,0.0
1,1,6.9805275223368195,177,0.0
1,2,119.0330623876063,286,0.0
1,0,93.97159520707349,157,0.0
1,0,10.25868950570529,122,0.0
1,2,119.0330623876063,187,0.0
1,1,20.5820456033514,71,0.0
1,3,51.00174659001178,15,0.0
1,2,91.45016962676911,88,0.0
1,2,119.0330623876063,188,0.0
1,2,119.03025423332632,186,0.0
1,2,73.40083214225689,369,0.0
1,0,39.22440791777854,191,0.0
1,2,119.03025423332632,212,0.0
1,2,102.927012143755,41,0.0
1,3,29.10458235168487,15,0.0
1,3,1.80232137071914,178,0.0
1,2,119.03025423332632,87,0.0
1,1,73.3870446754108,115,0.0
1,2,44.96916818054698,187,0.0
1,2,65.96677664933584,117,0.0
1,0,41.63990644846393,26,0.0
1,2,101.57835629018,101,0.0
1,2,119.03025423332632,244,0.0
1,2,46.01605183686306,158,0.0
1,2,119.03025423332632,188,0.0
1,2,119.03025423332632,188,0.0
1,2,119.03025423332632,223,0.0
1,1,16.640137801527548,73,0.0
1,3,79.40592205386113,187,0.0
1,2,54.03437520451032,90,0.0
1,1,9.793079270878343,179,0.0
1,2,119.02783796484982,121,0.0
1,3,113.1806129721761,182,0.0
1,2,119.02783796484982,60,0.0
1,2,103.9362012918611,184,0.0
1,2,119.02783796484982,66,0.0
1,2,119.02783796484982,310,0.0
1,0,57.16631001760778,165,0.0
1,0,101.51823634207531,67,0.0
1,3,41.73129158061978,193,0.0
1,2,119.02783796484982,177,0.0
1,2,75.4705761393052,35,0.0
1,2,119.02783796484982,190,0.0
1,0,72.85680433930571,131,0.0
1,0,53.1470968556761,101,0.0
1,2,86.58178816280638,47,0.0
1,0,8.316781703881437,124,0.0
1,2,89.900034775774,223,0.0
1,0,27.53230189137227,180,0.0
1,2,54.431576223418524,20,0.0
1,2,119.02783796484982,271,0.0
1,2,87.96428359045888,22,0.0
1,2,58.47565169155679,22,0.0
1,0,79.16753406974495,36,0.0
1,2,103.7863393683144,131,0.0
1,2,39.70681160211677,28,0.0
1,2,119.039067188803,18,0.0
1,0,50.68597904950757,153,0.0
1,1,45.07459266010503,188,0.0
1,0,70.32945568818391,126,0.0
1,2,108.41679118264447,91,0.0
1,1,119.039067188803,180,0.0
1,2,119.039067188803,190,0.0
1,2,119.02568330537895,181,0.0
1,2,119.02568330537895,277,0.0
1,2,119.02568330537895,47,0.0
1,2,79.87815181933053,365,0.0
1,2,117.06475049418195,181,0.0
1,2,119.02568330537895,177,0.0
1,2,99.33550796948828,46,0.0
1,0,61.16667022032701,140,0.0
1,1,72.60965538705938,190,0.0
1,1,99.2348451806427,221,0.0
1,2,111.49003066441438,186,0.0
1,2,85.28423508909492,14,0.0
1,1,3.236018249448949,191,0.0
1,2,57.57866947660686,9,0.0
1,2,58.54521689978044,335,0.0
1,2,117.73184694668049,129,0.0
1,2,91.8211550325724,23,0.0
1,2,77.04832007531135,44,0.0
1,2,71.72723768970492,51,0.0
1,2,119.02568330537895,292,0.0
1,0,87.96478526995595,88,0.0
1,0,43.633905487527784,5,0.0
1,2,58.53903156452232,37,0.0
1,2,119.02618991183284,33,0.0
1,0,54.25725042362257,168,0.0
1,0,5.407722109896232,127,0.0
1,2,119.02618991183284,224,0.0
1,2,119.02618991183284,20,0.0
1,2,84.5522300830987,48,0.0
1,0,59.892051904261855,196,0.0
1,2,119.02618991183284,73,0.0
1,2,113.85604577432339,31,0.0
1,1,101.9045573989486,11,0.0
1,2,115.94548905560305,93,0.0
1,2,62.217043330625486,336,0.0
1,1,89.43289752670259,208,0.0
1,2,119.02255721103143,224,0.0
1,1,115.07443042824322,172,0.0
1,2,119.02255721103143,183,0.0
1,0,63.852500749116274,142,0.0
1,2,87.45545473773402,209,0.0
1,2,105.29411058922233,186,0.0
1,2,119.02255721103143,250,0.0
1,2,119.02255721103143,77,0.0
1,2,119.02255721103143,196,0.0
1,2,119.02255721103143,135,0.0
1,2,119.02255721103143,72,0.0
1,2,119.02255721103143,228,0.0
1,2,102.68583052878925,2,0.0
1,2,119.02255721103143,194,0.0
1,0,16.898006663529856,84,0.0
1,3,5.112558690430932,51,0.0
1,2,92.62929739437914,177,0.0
1,2,119.02255721103143,95,0.0
1,2,119.02255721103143,74,0.0
1,0,68.07471340618818,93,0.0
1,2,119.02255721103143,201,0.0
1,2,104.78533119612874,227,0.0
1,2,49.45424591943774,109,0.0
1,2,49.88433876615619,7,0.0
1,2,119.03220278623301,197,0.0
1,2,118.55691740681416,135,0.0
1,1,7.785838204806776,78,0.0
1,2,119.03220278623301,192,0.0
1,2,119.03220278623301,220,0.0
1,3,50.42969566990878,157,0.0
1,2,119.03220278623301,297,0.0
1,2,96.19794168548115,17,0.0
1,0,34.27548630216876,84,0.0
1,0,34.87699198389902,198,0.0
1,1,119.03220278623301,75,0.0
1,2,119.03220278623301,367,0.0
1,2,109.93938990176518,4,0.0
1,2,119.03918056662202,388,0.0
1,2,119.03918056662202,203,0.0
1,0,84.3400712504583,43,0.0
1,2,119.03918056662202,195,0.0
1,2,119.03918056662202,186,0.0
1,1,35.22040644120329,193,0.0
1,0,111.89438810108966,229,0.0
1,2,48.635569370948865,95,0.0
1,0,74.60931591945585,101,0.0
1,2,119.03918056662202,51,0.0
1,0,92.34902817473416,93,0.0
1,0,51.351190987509035,171,0.0
1,2,119.03918056662202,376,0.0
1,2,119.03918056662202,221,0.0
1,1,96.84261244611612,225,0.0
1,2,94.56451164269494,211,0.0
1,2,119.03918056662202,137,0.0
1,1,119.03918056662202,279,0.0
1,2,119.03918056662202,79,0.0
1,0,72.49300468443643,55,0.0
1,3,31.481976056501004,25,0.0
1,3,72.9219531443963,84,0.0
1,1,73.51052719044229,366,0.0
1,0,60.97651205780004,145,0.0
1,2,119.05262795582873,197,0.0
1,0,32.96880050634977,200,0.0
1,0,56.038620423977044,200,0.0
1,2,119.05262795582873,75,0.0
1,2,119.05262795582873,199,0.0
1,2,117.15974537088573,6,0.0
1,2,39.878664304313226,186,0.0
1,0,119.05262795582873,37,0.0
1,2,62.24882007248294,97,0.0
1,2,66.9984307818907,398,0.0
1,3,36.78047400724298,9,0.0
1,0,82.89896683152286,89,0.0
1,2,56.674601388558294,111,0.0
1,2,48.43296581652282,28,0.0
1,1,81.2153882198306,204,0.0
1,2,71.78911886746099,74,0.0
1,2,119.05262795582873,185,0.0
1,2,104.24680978508498,120,0.0
1,3,12.054023334093174,40,0.0
1,2,51.57786615472617,93,0.0
1,2,119.05262795582873,278,0.0
1,2,118.78747867663087,299,0.0
1,1,94.89524040194485,226,0.0
1,2,75.72873197393014,111,0.0
1,1,114.6950078605363,200,0.0
1,2,116.06225716489794,55,0.0
1,2,119.04945300864293,197,0.0
1,3,22.54410244658671,24,0.0
1,2,119.04945300864293,213,0.0
1,1,119.04945300864293,229,0.0
1,2,116.56810729244668,75,0.0
1,2,55.37044371875767,94,0.0
1,2,83.51484420660188,98,0.0
1,0,70.834259066823,105,0.0
1,2,119.04945300864293,7,0.0
1,2,119.04945300864293,197,0.0
1,2,119.04945300864293,110,0.0
1,0,83.46312296657547,46,0.0
1,2,92.10057892730671,16,0.0
1,3,27.58405702097265,27,0.0
1,0,55.088073432619964,201,0.0
1,0,13.071470980856542,88,0.0
1,2,119.04945300864293,186,0.0
1,2,68.84424265658484,187,0.0
1,3,20.966120938285595,16,0.0
1,2,80.75587632243798,126,0.0
1,2,95.49175103935676,37,0.0
1,1,101.4813454207274,181,0.0
1,2,73.13082474868466,30,0.0
1,1,111.23402241206284,79,0.0
1,2,119.06055809473617,82,0.0
1,2,113.20181962582984,282,0.0
1,2,119.06055809473617,100,0.0
1,2,119.06055809473617,229,0.0
1,2,68.59292012472994,298,0.0
1,2,119.06055809473617,254,0.0
1,2,119.06055809473617,201,0.0
1,3,8.164034437472262,42,0.0
1,2,119.06055809473617,197,0.0
1,2,119.06055809473617,198,0.0
1,2,77.0150321698639,174,0.0
1,3,115.1626390592078,189,0.0
1,1,119.06055809473617,222,0.0
1,3,103.36027121647902,190,0.0
1,2,80.6780521843948,196,0.0
1,0,82.52368106131163,47,0.0
1,2,68.1378104292663,51,0.0
1,2,85.58080975765577,35,0.0
1,2,119.06055809473617,299,0.0
1,2,78.602286386981,140,0.0
1,0,17.029203955286878,22,0.0
1,2,119.06055809473617,203,0.0
1,2,119.06055809473617,160,0.0
1,2,93.9036819626516,197,0.0
1,2,100.91562267901676,229,0.0
1,2,72.67964197197969,299,0.0
1,2,74.01232690494342,100,0.0
1,2,119.06793604533068,199,0.0
1,2,119.06793604533068,189,0.0
1,2,119.06793604533068,187,0.0
1,2,119.06793604533068,56,0.0
1,2,119.06793604533068,215,0.0
1,3,104.37528374282793,196,0.0
1,2,119.06793604533068,203,0.0
1,2,119.06793604533068,372,0.0
1,2,58.598215092698766,70,0.0
1,2,119.06793604533068,140,0.0
1,2,119.06793604533068,210,0.0
1,2,119.06793604533068,55,0.0
1,2,116.01031661754547,123,0.0
1,2,119.06793604533068,208,0.0
1,2,117.12849414006685,223,0.0
1,2,119.06793604533068,224,0.0
1,2,87.24974762259882,169,0.0
1,2,95.17794714870978,3,0.0
1,1,41.72832032961446,30,0.0
1,2,86.20286396628273,198,0.0
1,2,119.06793604533068,78,0.0
1,2,71.41804946858947,95,0.0
1,0,78.56601491733707,59,0.0
1,0,70.90224894880204,100,0.0
1,2,115.18951174192843,303,0.0
1,3,32.89217483455244,14,0.0
1,2,49.25828937707508,8,0.0
1,2,119.06101760186158,54,0.0
1,2,78.09280851162129,101,0.0
1,2,111.10086388374978,4,0.0
1,2,119.06101760186158,10,0.0
1,2,93.74801321158338,37,0.0
1,3,29.01943875781432,13,0.0
1,2,119.06101760186158,226,0.0
1,3,113.38244006407139,194,0.0
1,3,47.625264671894996,3,0.0
1,2,119.06101760186158,113,0.0
1,0,77.62703251919865,60,0.0
1,2,50.731534068903066,191,0.0
1,2,56.94168534455899,46,0.0
1,2,119.06101760186158,132,0.0
1,2,76.21347973321613,39,0.0
1,3,15.155632680214019,19,0.0
1,2,119.06101760186158,203,0.0
1,2,119.06101760186158,205,0.0
1,2,119.06101760186158,257,0.0
1,0,56.66296291022622,95,0.0
1,2,93.99983071527262,93,0.0
1,2,114.8584541568988,56,0.0
1,2,106.47120434506937,112,0.0
1,2,76.76012357865756,300,0.0
1,2,119.06101760186158,231,0.0
1,2,119.06101760186158,58,0.0
1,1,9.307802753915016,190,0.0
1,2,86.68424121898613,130,0.0
1,3,42.767241597027144,5,0.0
1,1,101.1972710484933,101,0.0
1,2,95.24543305745333,171,0.0
1,1,86.68141259895422,393,0.0
1,2,119.05300335077726,304,0.0
1,2,111.45836574264025,41,0.0
1,2,119.05300335077726,304,0.0
1,2,81.51929094531364,189,0.0
1,3,1.63929460385773,32,0.0
1,2,66.41135297225551,147,0.0
1,2,119.05300335077726,199,0.0
1,2,119.05300335077726,300,0.0
1,2,119.05300335077726,206,0.0
1,2,119.05300335077726,27,0.0
1,1,113.24251509270569,180,0.0
1,3,27.072442108591577,14,0.0
1,2,119.06175108779107,202,0.0
1,2,119.06175108779107,200,0.0
1,0,8.375737161353292,93,0.0
1,2,119.06175108779107,288,0.0
1,0,66.13852524731975,110,0.0
1,3,109.49719450263972,196,0.0
1,2,65.24961837599234,109,0.0
1,0,77.74641839542669,50,0.0
1,3,69.01586101446607,15,0.0
1,2,119.06175108779107,202,0.0
1,0,49.77700213729371,178,0.0
1,2,107.009182221231,3,0.0
1,2,119.06175108779107,188,0.0
1,2,119.06175108779107,56,0.0
1,0,77.19728372919711,138,0.0
1,2,119.06175108779107,193,0.0
1,2,119.06175108779107,237,0.0
1,0,55.76303230065028,286,0.0
1,2,119.06175108779107,145,0.0
1,2,99.2399524557658,34,0.0
1,2,91.55955569356148,372,0.0
1,1,51.63256755608564,192,0.0
1,3,39.38486516666415,30,0.0
1,2,94.48609879870236,20,0.0
1,2,119.06175108779107,191,0.0
1,2,86.04097313099071,103,0.0
1,1,46.80045495710043,34,0.0
1,2,57.84600660129188,87,0.0
1,2,103.04037627411363,2,0.0
1,2,76.79122900353757,58,0.0
1,0,78.34492120541658,56,0.0
1,3,38.891945091073175,7,0.0
1,2,103.47799346268339,19,0.0
1,0,119.06295240625496,57,0.0
1,2,94.69582719650147,132,0.0
1,2,119.06295240625496,304,0.0
1,2,119.06295240625496,212,0.0
1,2,119.06295240625496,189,0.0
1,3,62.09042621838652,103,0.0
1,2,119.06295240625496,193,0.0
1,2,90.89105916469595,48,0.0
1,0,43.09210978577473,206,0.0
1,0,60.89141006850628,41,0.0
1,2,81.20607474358177,104,0.0
1,2,70.96463650930775,110,0.0
1,2,92.56675229533981,304,0.0
1,2,108.32989612110784,348,0.0
1,1,23.723287408013817,202,0.0
1,2,58.593847915312935,27,0.0
1,2,119.06237171218545,111,0.0
1,2,100.98886434047377,180,0.0
1,2,112.74774705415795,87,0.0
1,2,67.21896186356022,102,0.0
1,2,111.30109615887032,236,0.0
1,2,119.06237171218545,206,0.0
1,2,53.57045477493916,27,0.0
1,2,119.06237171218545,229,0.0
1,2,119.06237171218545,213,0.0
1,2,119.06237171218545,206,0.0
1,2,119.06237171218545,136,0.0
1,2,119.06237171218545,195,0.0
1,0,37.80963963123083,206,0.0
1,2,93.89943722830354,32,0.0
1,2,119.06237171218545,103,0.0
1,0,98.57566610749174,133,0.0
1,2,119.06237171218545,207,0.0
1,2,119.06237171218545,202,0.0
1,2,50.069104517371535,19,0.0
1,1,101.0045424050363,3,0.0
1,2,119.06237171218545,208,0.0
1,3,2.533066641673262,48,0.0
1,2,119.06237171218545,106,0.0
1,2,119.06237171218545,397,0.0
1,0,79.1451749719519,37,0.0
1,3,8.453495734176062,23,0.0
1,2,119.0615919996085,9,0.0
1,2,90.48530108331785,239,0.0
1,2,48.349425053354366,134,0.0
1,2,119.0615919996085,213,0.0
1,2,119.0615919996085,397,0.0
1,2,119.0615919996085,304,0.0
1,2,119.0615919996085,107,0.0
1,2,102.89723363330914,2,0.0
1,1,99.0661344046448,4,0.0
1,0,67.6312298814972,151,0.0
1,1,65.23619751198824,81,0.0
1,2,110.45370033796051,320,0.0
1,2,88.92077557569573,106,0.0
1,0,119.0615919996085,61,0.0
1,2,45.46071464967044,147,0.0
1,2,53.08108188528101,204,0.0
1,2,69.0202443313198,18,0.0
1,0,5.562653279402205,96,0.0
1,2,62.428709836436624,28,0.0
1,2,119.0615919996085,206,0.0
1,2,119.0615919996085,291,0.0
1,2,119.0615919996085,378,0.0
1,3,7.522820739134927,24,0.0
1,2,119.06932500495887,144,0.0
1,2,119.06932500495887,207,0.0
1,2,119.06932500495887,241,0.0
1,2,115.17673810485127,22,0.0
1,1,96.42995689130854,222,0.0
1,0,46.78528743941409,55,0.0
1,2,80.37802250084509,10,0.0
1,2,119.06932500495887,208,0.0
1,3,15.406965513193574,20,0.0
1,2,86.30423114723648,43,0.0
1,2,108.80777007165138,182,0.0
1,3,17.390434319390423,19,0.0
1,2,66.41275364649054,59,0.0
1,2,119.06932500495887,119,0.0
1,0,46.64858073612449,210,0.0
1,3,13.422092629856726,20,0.0
1,3,33.085233807825986,10,0.0
1,2,52.71306091538446,3,0.0
1,2,119.0721870427262,106,0.0
1,1,61.30058632925864,197,0.0
1,2,119.0721870427262,242,0.0
1,2,119.0721870427262,94,0.0
1,0,95.16032895234574,104,0.0
1,2,43.48111901798368,73,0.0
1,2,94.49096241146646,57,0.0
1,2,119.0721870427262,193,0.0
1,0,119.0721870427262,100,0.0
1,1,99.5794285850726,88,0.0
1,2,45.52459673560102,108,0.0
1,0,81.27591704858337,196,0.0
1,0,83.10607755527563,39,0.0
1,2,119.0644002426556,233,0.0
1,2,74.77551270276204,61,0.0
1,0,44.05672869209532,171,0.0
1,2,50.107293627790455,57,0.0
1,1,80.17844000961372,192,0.0
1,2,55.524755233791964,184,0.0
1,2,119.0644002426556,39,0.0
1,2,119.0644002426556,49,0.0
1,2,119.0644002426556,199,0.0
1,2,119.0644002426556,198,0.0
1,2,119.0644002426556,311,0.0
1,2,58.6004937640187,121,0.0
1,0,48.6004937640187,2,0.0
1,2,117.17052912792288,41,0.0
1,1,115.20591229034066,311,0.0
1,3,77.7748900299391,12,0.0
1,1,44.115640905770746,199,0.0
1,3,29.244610982571004,12,0.0
1,2,117.14219568370837,233,0.0
1,2,43.24762598673605,185,0.0
1,2,98.75723514480352,46,0.0
1,2,66.94691363215134,88,0.0
1,3,4.741010968224684,28,0.0
1,2,61.89776245729139,151,0.0
1,0,40.41450003405715,212,0.0
1,2,119.07779544105277,167,0.0
1,2,119.07779544105277,211,0.0
1,2,74.86999328456116,110,0.0
1,2,78.05116064655958,208,0.0
1,3,111.54482443747618,205,0.0
1,2,112.83866202408446,309,0.0
1,2,119.07779544105277,225,0.0
1,3,43.13452413314808,172,0.0
1,2,119.07779544105277,123,0.0
1,2,119.07779544105277,93,0.0
1,2,119.07779544105277,390,0.0
1,2,119.07779544105277,42,0.0
1,0,1.846361010795631,100,0.0
1,2,119.07040739070978,219,0.0
1,2,119.07040739070978,198,0.0
1,2,82.99407177175424,33,0.0
1,3,49.877359356610654,5,0.0
1,2,119.07040739070978,234,0.0
1,1,94.77265374543975,226,0.0
1,1,12.13899452972551,208,0.0
1,2,119.07040739070978,266,0.0
1,2,56.81305160213002,70,0.0
1,2,97.49528169632949,384,0.0
1,2,119.07040739070978,311,0.0
1,2,64.43984513963308,48,0.0
1,2,119.07040739070978,218,0.0
1,2,119.07040739070978,43,0.0
1,2,119.07040739070978,211,0.0
1,0,58.679556487471864,118,0.0
1,1,93.79203165949075,91,0.0
1,0,49.66612151693662,159,0.0
1,2,119.07040739070978,292,0.0
1,2,119.07040739070978,213,0.0
1,2,87.33412980594879,114,0.0
1,0,57.99297495024337,111,0.0
1,2,119.07040739070978,212,0.0
1,2,47.93421790923949,6,0.0
1,2,119.05685855262884,213,0.0
1,3,119.05685855262884,206,0.0
1,0,46.43279866706154,187,0.0
1,0,43.74553906236482,117,0.0
1,2,119.05685855262884,110,0.0
1,2,119.05685855262884,20,0.0
1,2,49.61700943206486,66,0.0
1,1,81.03727130202881,392,0.0
1,2,119.05685855262884,181,0.0
1,2,119.05685855262884,44,0.0
1,1,118.38484163709413,30,0.0
1,2,113.68026181413789,207,0.0
1,3,39.2617900764867,174,0.0
1,1,99.5047707130328,111,0.0
1,1,116.97298315410526,326,0.0
1,2,85.00568045168085,95,0.0
1,2,70.88408281896282,124,0.0
1,2,58.92815377377259,108,0.0
1,2,115.83199732324917,205,0.0
1,2,119.05888617506683,155,0.0
1,0,44.36526495271856,203,0.0
1,3,32.06226206807779,40,0.0
1,2,119.05888617506683,111,0.0
1,0,38.586047857660986,124,0.0
1,2,119.05888617506683,236,0.0
1,3,115.18615211840545,170,0.0
1,2,105.04249422422488,58,0.0
1,0,38.541860283509344,216,0.0
1,2,119.05888617506683,144,0.0
1,3,117.11574472769567,207,0.0
1,3,1.923355583974938,30,0.0
1,0,45.49168484212837,188,0.0
1,2,91.30603439996723,11,0.0
1,2,119.05888617506683,182,0.0
1,2,119.05888617506683,21,0.0
1,2,119.05888617506683,70,0.0
1,2,119.05888617506683,269,0.0
1,2,95.67781653270997,93,0.0
1,2,105.04215913830487,4,0.0
1,2,119.05888617506683,268,0.0
1,2,119.05888617506683,213,0.0
1,2,60.425538142721486,246,0.0
1,2,90.88802807829656,35,0.0
1,0,69.08752868048828,108,0.0
1,3,5.822627474696736,26,0.0
1,3,9.663705240968554,26,0.0
1,2,63.84345353916835,78,0.0
1,0,113.13136979582978,52,0.0
1,2,119.06143458832734,268,0.0
1,3,30.12369665640514,41,0.0
1,2,119.06143458832734,17,0.0
1,2,64.59089492320275,114,0.0
1,1,45.7123830113779,4,0.0
1,0,52.6903687196998,203,0.0
1,3,117.12032076339418,206,0.0
1,2,119.06143458832734,237,0.0
1,2,111.87805777659091,61,0.0
1,2,119.06143458832734,218,0.0
1,2,119.06143458832734,229,0.0
1,0,100.16496776651364,202,0.0
1,1,111.53946587144932,316,0.0
1,3,115.57062272305562,209,0.0
1,2,92.86586041222449,44,0.0
1,0,54.92035511351862,122,0.0
1,2,59.30248589094752,9,0.0
1,2,71.382795200286,80,0.0
1,1,75.22121137544673,395,0.0
1,2,119.06361931002374,270,0.0
1,2,119.06361931002374,223,0.0
1,2,119.06361931002374,315,0.0
1,0,41.43050143321417,218,0.0
1,2,119.06361931002374,215,0.0
1,2,73.7591506644426,63,0.0
1,2,49.567946334960695,4,0.0
1,2,93.40397659904043,37,0.0
1,1,92.77575819064305,298,0.0
1,2,119.06361931002374,184,0.0
1,1,75.44361747609643,102,0.0
1,1,25.51933241704434,45,0.0
1,2,55.62930420793863,53,0.0
1,3,119.0043858774005,209,0.0
1,3,0.052216984981218406,33,0.0
1,1,83.4325303776117,12,0.0
1,2,119.06361931002374,24,0.0
1,2,119.06361931002374,23,0.0
1,2,119.05472888517981,205,0.0
1,2,114.21387279531254,47,0.0
2,3,98.73963851357308,1,0.0
1,3,66.14082493187544,18,0.0
1,2,119.05472888517981,388,0.0
1,2,44.63490853237537,121,0.0
1,0,119.05472888517981,9,0.0
1,0,76.24917294886379,108,0.0
1,0,65.23750731276185,10,0.0
1,2,88.24234751011804,115,0.0
1,2,119.05472888517981,122,0.0
1,2,72.61868558411962,33,0.0
1,2,83.16136899592223,191,0.0
1,2,119.05472888517981,206,0.0
1,2,119.05472888517981,220,0.0
1,3,4.970751947761326,28,0.0
1,2,103.04837603550185,2,0.0
1,0,53.97508399869842,123,0.0
1,2,81.48725926279151,13,0.0
1,1,95.0540102047034,113,0.0
1,2,119.05472888517981,99,0.0
1,2,119.05472888517981,203,0.0
1,2,53.55270306043879,5,0.0
1,1,90.99820909696462,231,0.0
1,1,4.48265087372095,214,0.0
1,2,60.030510001519964,120,0.0
1,2,100.08120213011742,178,0.0
1,2,119.04812883276887,57,0.0
1,2,119.04812883276887,129,0.0
1,2,26.93118451164953,43,0.0
1,0,47.88298929552988,8,0.0
1,0,53.0232128314673,124,0.0
1,2,119.04812883276887,18,0.0
1,2,57.30064860434581,6,0.0
1,2,119.04812883276887,64,0.0
1,2,89.98505307005598,129,0.0
1,2,62.67637286429884,182,0.0
1,2,76.36253905353732,132,0.0
2,3,40.71437864019679,6,0.0
1,2,119.04812883276887,215,0.0
1,2,75.0490239988768,76,0.0
1,2,117.10285771794868,209,0.0
1,2,75.69758207322425,250,0.0
1,1,85.77341956587749,246,0.0
1,2,119.04812883276887,317,0.0
1,0,65.37790436230658,158,0.0
1,2,101.13667886842555,39,0.0
1,2,119.04812883276887,220,0.0
1,2,105.975334346686,215,0.0
1,1,115.16023465086536,241,0.0
1,2,119.05737693291668,21,0.0
1,2,116.71561268663858,208,0.0
1,2,119.05737693291668,206,0.0
1,2,119.05737693291668,272,0.0
1,2,119.05737693291668,74,0.0
1,2,95.68251946651229,146,0.0
1,2,119.05737693291668,273,0.0
1,2,53.62020935984094,118,0.0
1,2,119.05737693291668,217,0.0
1,2,67.88736838632593,12,0.0
1,2,119.05737693291668,100,0.0
1,2,46.66035066593858,95,0.0
1,0,107.70838294356922,101,0.0
1,2,116.71561268663858,175,0.0
1,2,119.05737693291668,160,0.0
1,2,119.05737693291668,101,0.0
1,1,61.58695373278636,92,0.0
1,0,34.585757412817195,220,0.0
1,2,91.94917160786711,13,0.0
1,1,3.540027806637632,215,0.0
1,0,41.10444427570449,221,0.0
1,2,64.7753684821866,63,0.0
1,2,66.96373871811898,56,0.0
1,2,119.05737693291668,119,0.0
1,2,119.05737693291668,228,0.0
1,2,119.05737693291668,65,0.0
1,1,62.35529271516477,226,0.0
1,1,44.97169513822688,208,0.0
1,0,80.73142267823408,56,0.0
1,2,119.05747245763799,117,0.0
1,2,119.05747245763799,206,0.0
1,2,44.403236989961144,130,0.0
1,2,82.38342895264711,78,0.0
1,2,119.05747245763799,66,0.0
1,2,119.05747245763799,392,0.0
1,0,30.92880886451541,130,0.0
1,1,5.720550988461396,108,0.0
1,0,79.02174375197052,134,0.0
1,2,71.62004109930102,13,0.0
1,3,9.828529659520425,22,0.0
1,2,119.05747245763799,223,0.0
1,2,86.08941546351161,31,0.0
2,0,43.68272495025433,6,0.0
1,2,69.67478516026225,73,0.0
1,2,119.0681841273863,162,0.0
1,0,52.169641889749464,210,0.0
1,2,119.0681841273863,222,0.0
1,2,70.07669539036704,126,0.0
1,2,119.0681841273863,207,0.0
1,2,119.0681841273863,340,0.0
1,2,89.68351375017521,32,0.0
1,2,119.0681841273863,161,0.0
1,0,49.75510683721056,51,0.0
1,2,61.500820090953695,6,0.0
1,2,69.76459555848037,58,0.0
1,2,119.0681841273863,273,0.0
1,0,23.752036614878936,221,0.0
1,2,119.0681841273863,177,0.0
1,2,119.0681841273863,235,0.0
1,2,88.95762726529965,116,0.0
1,3,18.473207202318527,47,0.0
1,2,67.80730870309958,208,0.0
1,2,99.98102170088649,303,0.0
1,2,94.5277736994168,216,0.0
1,0,47.65434505148262,3,0.0
1,2,112.18046951196423,6,0.0
1,2,89.60239771511328,77,0.0
1,2,119.0681841273863,75,0.0
1,2,119.0681841273863,221,0.0
1,2,119.06238370040833,29,0.0
1,1,83.02497733292637,18,0.0
1,3,50.44167815997622,120,0.0
1,2,119.06238370040833,144,0.0
1,2,119.06238370040833,220,0.0
1,2,119.06238370040833,178,0.0
1,2,78.91087826101979,15,0.0
1,2,119.06238370040833,218,0.0
1,2,119.06238370040833,236,0.0
1,2,109.34827493629798,223,0.0
1,2,119.06238370040833,220,0.0
1,2,57.98868109880878,13,0.0
1,0,96.03790292915991,121,0.0
2,2,41.19014872064719,8,0.0
1,0,48.80360676921629,12,0.0
1,1,93.29913659016846,78,0.0
1,2,60.202501091141364,104,0.0
1,3,44.71672875189096,4,0.0
1,2,21.656143466612026,34,0.0
1,3,98.22451257447197,217,0.0
1,2,75.79887835688045,66,0.0
1,2,57.68386054063244,98,0.0
1,2,75.69343372677785,13,0.0
1,2,94.01428347507158,255,0.0
1,0,21.8740880783107,223,0.0
1,2,119.05966776302343,74,0.0
1,2,110.3974886275644,150,0.0
1,2,48.59085961322759,2,0.0
1,2,119.05966776302343,322,0.0
2,3,33.854491948693756,11,0.0
1,2,53.94232082327376,25,0.0
1,0,43.72830032860159,12,0.0
1,2,119.05966776302343,276,0.0
1,2,83.22322680135053,15,0.0
1,2,119.05966776302343,212,0.0
1,2,104.31816879969287,66,0.0
1,2,119.05966776302343,79,0.0
1,2,119.05966776302343,220,0.0
1,2,119.05966776302343,145,0.0
1,3,99.05966776302343,1,0.0
1,2,107.54547989849763,162,0.0
1,1,11.927275116365745,52,0.0
1,2,96.0097339009242,47,0.0
1,2,89.00129524921326,71,0.0
1,2,58.497573294881505,11,0.0
1,2,119.05966776302343,102,0.0
1,2,119.05966776302343,226,0.0
1,2,69.56845737217334,191,0.0
1,2,79.4903376432387,67,0.0
1,2,80.01194875208502,136,0.0
1,1,119.04752268361906,212,0.0
1,0,61.08497399392108,128,0.0
1,2,97.60081640547733,256,0.0
1,3,6.1173284161933745,27,0.0
1,2,119.04752268361906,231,0.0
1,2,92.58782817961901,72,0.0
1,2,119.04752268361906,226,0.0
1,1,89.00065815516349,21,0.0
1,2,51.24267645753067,4,0.0
1,0,29.231467704342116,13,0.0
1,1,95.36992718273451,201,0.0
1,1,66.26939466995105,100,0.0
1,2,119.04752268361906,217,0.0
1,2,119.04752268361906,304,0.0
1,0,78.43241569675517,15,0.0
1,2,79.2038829365989,12,0.0
1,2,59.54117540180498,25,0.0
1,1,87.82297164546833,392,0.0
1,2,96.95225833112988,82,0.0
1,2,50.665152158009136,123,0.0
1,1,101.31220532160181,337,0.0
1,1,81.45474670246406,120,0.0
2,1,93.79181608513564,3,0.0
1,2,119.03667161720925,221,0.0
1,2,62.169518653302056,60,0.0
1,2,58.025218209828516,135,0.0
1,2,87.83577662691631,78,0.0
1,2,119.03667161720925,155,0.0
1,3,92.36837463832371,220,0.0
1,2,119.03667161720925,247,0.0
1,2,119.03667161720925,344,0.0
1,1,28.268139321551363,14,0.0
1,3,5.154000033402621,28,0.0
1,1,87.03732977237274,22,0.0
1,3,6.047953999477258,26,0.0
1,2,119.03667161720925,227,0.0
1,2,96.16090667872218,116,0.0
1,1,85.85964326267758,393,0.0
1,2,82.19259074256045,137,0.0
1,3,24.310807887091123,16,0.0
1,2,119.02428957659944,131,0.0
1,0,83.84563780724223,160,0.0
1,2,51.95981913667578,16,0.0
1,2,119.02428957659944,182,0.0
1,2,119.02428957659944,306,0.0
1,2,119.02428957659944,166,0.0
1,3,109.33968186649868,113,0.0
1,0,89.64718026378031,18,0.0
1,2,38.12029343139685,228,0.0
1,3,42.60982980042739,124,0.0
1,2,119.02428957659944,34,0.0
1,0,47.400177230608975,215,0.0
1,2,119.02428957659944,80,0.0
1,2,114.96531800457785,69,0.0
1,2,119.02428957659944,77,0.0
1,0,69.63405370128571,170,0.0
1,0,57.366121024522016,7,0.0
1,2,119.02428957659944,33,0.0
1,0,49.83643928669986,15,0.0
2,0,28.799137118597415,14,0.0
1,2,74.54110958238459,108,0.0
1,2,64.58947002815873,28,0.0
1,3,48.602522623444784,27,0.0
1,2,119.02428957659944,280,0.0
1,2,119.02428957659944,126,0.0
1,0,25.318276525963523,16,0.0
1,2,94.68361691595732,204,0.0
1,2,91.82153601335122,63,0.0
1,0,61.356203491572465,103,0.0
1,2,119.02584762781272,326,0.0
1,1,22.449194347545255,174,0.0
1,2,119.02584762781272,241,0.0
1,0,33.486483829401,229,0.0
1,2,64.74640093555054,137,0.0
1,2,81.95817074644415,64,0.0
1,2,44.67796303442485,80,0.0
1,2,119.02584762781272,29,0.0
1,2,119.02584762781272,127,0.0
1,1,43.71744319941581,101,0.0
1,2,119.02584762781272,35,0.0
1,2,107.91416121937067,259,0.0
1,2,115.44296359043614,257,0.0
1,2,53.72171516118027,81,0.0
1,2,119.02584762781272,112,0.0
1,2,119.02584762781272,167,0.0
1,3,81.37848197186639,23,0.0
1,1,117.05013720441217,106,0.0
1,2,119.02584762781272,187,0.0
1,2,119.02584762781272,215,0.0
1,0,42.462629318080495,133,0.0
1,1,119.02584762781272,17,0.0
1,2,119.02584762781272,228,0.0
1,2,62.49073735752665,6,0.0
1,2,119.02584762781272,307,0.0
1,2,53.70922912439743,5,0.0
1,2,56.96417573878599,82,0.0
1,1,30.04370513761321,12,0.0
1,2,119.02879537564124,139,0.0
1,3,2.232932613456012,31,0.0
1,2,119.02879537564124,226,0.0
1,2,119.02879537564124,216,0.0
1,2,119.02879537564124,155,0.0
1,3,25.13602793715827,41,0.0
1,2,97.15428707398982,141,0.0
1,0,67.0537958727368,127,0.0
1,2,21.04973988063867,40,0.0
1,3,96.88785333194299,223,0.0
1,2,119.02879537564124,235,0.0
1,2,119.02879537564124,168,0.0
1,0,59.645537596233744,202,0.0
1,2,87.4327306172922,19,0.0
1,2,78.82247870707184,19,0.0
1,0,67.68869670473967,172,0.0
2,2,40.08720824585401,14,0.0
1,2,119.02879537564124,84,0.0
1,2,105.05964316372422,97,0.0
1,3,19.282171336215182,138,0.0
1,3,77.43267697909249,25,0.0
1,2,119.02539963158486,72,0.0
1,2,36.689872435466214,127,0.0
1,2,34.900651734167646,190,0.0
1,2,77.98516290697972,55,0.0
1,2,119.02539963158486,225,0.0
1,2,50.466584079429786,22,0.0
1,2,119.02539963158486,283,0.0
1,2,119.02539963158486,216,0.0
1,2,119.02539963158486,218,0.0
1,2,119.02539963158486,76,0.0
1,2,119.02539963158486,134,0.0
1,0,80.59348424388196,82,0.0
1,0,79.57387127668869,143,0.0
1,1,95.9514771251479,206,0.0
1,2,119.02539963158486,29,0.0
1,2,103.79525484225344,93,0.0
1,2,116.33875328077902,53,0.0
1,2,119.02539963158486,348,0.0
1,2,114.34330285492639,261,0.0
1,2,115.08004263503882,19,0.0
1,1,82.38400791686527,226,0.0
1,2,119.02539963158486,225,0.0
1,1,119.02539963158486,328,0.0
1,2,113.69474478057894,87,0.0
1,2,119.02539963158486,17,0.0
1,2,89.412921697447,127,0.0
1,2,119.02539963158486,26,0.0
1,0,54.87151585614588,169,0.0
1,2,90.61941167524219,20,0.0
1,2,119.02539963158486,215,0.0
1,1,109.18852651246658,228,0.0
1,3,116.79097314777567,228,0.0
1,2,119.03946606288764,285,0.0
1,2,119.03946606288764,231,0.0
1,2,117.11401962395391,117,0.0
1,2,119.03946606288764,59,0.0
1,2,72.23922748716916,9,0.0
1,1,51.215896499190315,155,0.0
1,2,103.13870551718028,74,0.0
1,1,74.84888179616371,126,0.0
1,2,93.21682524611492,198,0.0
1,2,119.03946606288764,217,0.0
1,2,69.21574206888572,32,0.0
1,2,118.3993911291256,214,0.0
1,2,92.73227019153379,128,0.0
1,2,119.03946606288764,314,0.0
1,0,30.580144899514735,232,0.0
1,2,78.6391915086666,217,0.0
1,2,119.03946606288764,81,0.0
1,2,119.03946606288764,218,0.0
1,2,119.03946606288764,231,0.0
1,2,64.61637135623927,55,0.0
1,2,66.14045878197724,11,0.0
1,2,45.95594798462631,19,0.0
1,2,54.42645316406734,83,0.0
1,2,112.02550824565606,5,0.0
1,2,85.02368770093227,106,0.0
1,2,119.03946606288764,263,0.0
1,2,27.555769432675444,42,0.0
1,3,29.00438909026859,12,0.0
1,2,69.39854399840844,129,0.0
1,0,115.09366107011374,166,0.0
1,2,119.03946606288764,127,0.0
1,2,94.7725576445361,343,0.0
1,2,119.03946606288764,69,0.0
1,1,93.99094318803554,207,0.0
1,0,39.091267107593914,20,0.0
1,1,57.206345773907955,117,0.0
1,2,119.03229230538719,69,0.0
1,2,119.03229230538719,330,0.0
1,2,119.03229230538719,253,0.0
1,1,92.02323549342273,208,0.0
1,2,119.03229230538719,254,0.0
1,3,114.65926954807676,227,0.0
1,0,64.78585470459936,175,0.0
1,2,119.03229230538719,187,0.0
1,0,37.2522925336416,192,0.0
1,0,119.03229230538719,191,0.0
1,2,64.36197141764507,13,0.0
1,0,46.57912284044405,4,0.0
1,2,119.03229230538719,227,0.0
1,0,61.643438293438514,107,0.0
1,2,119.03229230538719,172,0.0
1,2,119.03229230538719,171,0.0
1,2,119.03229230538719,245,0.0
1,2,110.38706594884299,23,0.0
1,1,89.23990116778333,29,0.0
1,2,60.694660669531736,25,0.0
1,0,99.0365385045333,1,0.0
1,1,66.21424926468063,214,0.0
1,1,79.89439383044613,260,0.0
1,2,41.621817451100014,220,0.0
1,1,74.26840229015232,105,0.0
1,2,119.0365385045333,218,0.0
1,2,119.0365385045333,172,0.0
1,2,119.0365385045333,162,0.0
1,0,32.58097304786858,233,0.0
1,2,119.0365385045333,238,0.0
1,2,119.0365385045333,173,0.0
1,2,119.0365385045333,61,0.0
2,3,27.182100986143936,17,0.0
1,2,119.0365385045333,314,0.0
1,3,113.13369650439299,223,0.0
1,2,70.37893338683793,86,0.0
1,2,119.0365385045333,171,0.0
1,2,119.0365385045333,316,0.0
1,0,60.67997679797182,108,0.0
1,3,94.30143226753512,227,0.0
1,2,69.86525011589669,48,0.0
1,3,35.53551385084517,234,0.0
2,2,37.34598868555487,10,0.0
1,2,119.0365385045333,78,0.0
1,1,119.0365385045333,154,0.0
1,2,34.464497528690615,44,0.0
2,3,31.84789121681898,19,0.0
1,2,111.17051222822373,263,0.0
1,2,119.03681572383074,88,0.0
1,2,119.03681572383074,163,0.0
1,2,96.44057763928735,54,0.0
1,2,89.02242681368699,220,0.0
1,2,83.29469221267705,220,0.0
1,2,104.32199547434936,24,0.0
1,2,119.03681572383074,173,0.0
1,3,40.107560286321615,34,0.0
1,2,81.11022240656534,132,0.0
1,1,82.67561831879252,89,0.0
1,3,110.7326237764408,229,0.0
1,2,113.14511259663887,112,0.0
1,3,33.57232957467592,235,0.0
1,3,54.218258743867096,7,0.0
2,0,23.36601076083434,21,0.0
1,2,119.03681572383074,174,0.0
1,1,20.214217365836944,17,0.0
1,2,88.24929404264435,21,0.0
1,1,21.49556983815038,221,0.0
1,2,119.03681572383074,87,0.0
1,2,27.311993932933987,22,0.0
1,2,109.0454989029454,145,0.0
1,0,33.69193524114851,140,0.0
1,1,112.49618813699895,256,0.0
1,2,48.52018958599339,222,0.0
1,2,119.02999831920305,86,0.0
1,2,119.02999831920305,33,0.0
1,2,119.02999831920305,22,0.0
1,2,119.02999831920305,90,0.0
1,3,30.647787090902376,235,0.0
1,2,31.109656359154116,236,0.0
1,2,119.02999831920305,145,0.0
1,1,18.24421568503999,18,0.0
1,1,62.28106330771442,216,0.0
1,2,45.41361992621553,22,0.0
1,2,119.02999831920305,256,0.0
1,3,13.336538484585052,47,0.0
1,1,119.02999831920305,316,0.0
1,2,119.02999831920305,243,0.0
1,2,74.7489821925306,148,0.0
1,2,119.02999831920305,190,0.0
1,0,56.64861358375343,132,0.0
2,1,22.204519710188997,19,0.0
1,2,119.02999831920305,288,0.0
1,2,119.02999831920305,116,0.0
1,2,119.02999831920305,145,0.0
1,0,67.44015625402075,14,0.0
1,2,116.56897752252702,113,0.0
1,2,119.02999831920305,69,0.0
1,1,80.70561663799556,90,0.0
1,2,119.02999831920305,222,0.0
1,0,74.65360037500274,16,0.0
1,2,92.44629173957513,221,0.0
1,2,57.36786191152158,209,0.0
1,2,119.03863479969739,235,0.0
1,2,69.03018748338503,8,0.0
1,2,60.31969810741181,217,0.0
1,2,119.03863479969739,78,0.0
1,1,117.06863311890044,29,0.0
1,2,119.03863479969739,315,0.0
1,2,60.06750636714438,121,0.0
1,2,119.03863479969739,222,0.0
1,2,79.78273440562346,31,0.0
1,2,68.8149982311045,209,0.0
1,2,119.03863479969739,83,0.0
1,2,79.03018748338503,288,0.0
2,3,34.91476994557104,19,0.0
1,2,95.81023317855936,222,0.0
1,2,119.03863479969739,249,0.0
1,2,80.12756368977428,51,0.0
1,2,119.03863479969739,233,0.0
1,3,117.06863311890044,228,0.0
1,2,119.04803262154263,24,0.0
1,0,34.13006097524424,129,0.0
1,2,119.04803262154263,268,0.0
1,2,119.04803262154263,177,0.0
1,2,119.04803262154263,147,0.0
2,2,29.803445537409736,22,0.0
1,2,56.969764824318254,73,0.0
1,2,74.90072142989199,250,0.0
1,2,65.44322459568009,94,0.0
1,2,102.00643004653672,62,0.0
1,0,119.04803262154263,38,0.0
1,2,119.04803262154263,234,0.0
1,2,119.04803262154263,378,0.0
2,1,35.817297304586624,14,0.0
1,2,119.04803262154263,87,0.0
1,2,119.04803262154263,242,0.0
1,2,119.04803262154263,337,0.0
1,2,119.04803262154263,232,0.0
1,2,92.94114613263939,15,0.0
1,0,49.0181575449153,25,0.0
1,0,82.66167797981382,42,0.0
1,2,77.22311215027759,18,0.0
1,1,49.93216364652025,224,0.0
1,0,73.8552625809639,89,0.0
1,2,80.91717732190442,13,0.0
1,1,115.11666574044307,30,0.0
1,0,51.578955743699396,177,0.0
1,0,62.58554325327649,141,0.0
1,0,53.88525320603212,113,0.0
1,2,105.51794686132216,63,0.0
1,2,119.05179494378649,239,0.0
1,1,69.93340056921157,110,0.0
1,2,103.59845365569377,15,0.0
1,2,119.05179494378649,243,0.0
1,2,119.05179494378649,148,0.0
1,2,119.05179494378649,251,0.0
1,2,119.05179494378649,334,0.0
1,1,34.60311857027986,243,0.0
1,3,43.165991266941894,9,0.0
1,2,119.05179494378649,39,0.0
1,2,89.26118420184004,234,0.0
1,2,57.99141852464755,6,0.0
1,2,88.94633317510655,39,0.0
1,2,119.05179494378649,228,0.0
1,2,110.149738384657,67,0.0
1,2,102.7632731093315,350,0.0
1,1,93.502099793335,236,0.0
1,0,72.92495416022945,18,0.0
1,2,61.12298901414449,133,0.0
1,2,119.05179494378649,29,0.0
1,2,84.83904418252874,34,0.0
1,2,76.07258127374793,10,0.0
1,1,119.05179494378649,379,0.0
1,2,119.05179494378649,201,0.0
1,1,114.70153678359254,159,0.0
1,2,117.09075377740707,227,0.0
1,2,57.382557511251946,102,0.0
1,2,119.03895883362058,178,0.0
1,2,113.51572180737085,68,0.0
1,0,29.869356439795606,144,0.0
1,2,74.31345049052362,143,0.0
1,2,119.03895883362058,238,0.0
1,1,49.260207343033535,27,0.0
1,2,104.20912493002815,233,0.0
1,2,81.36535145648608,31,0.0
1,1,119.03895883362058,117,0.0
1,2,119.03895883362058,236,0.0
1,2,119.03895883362058,240,0.0
1,1,110.6383726908882,28,0.0
1,2,61.94179467727166,31,0.0
1,2,119.03895883362058,115,0.0
1,1,11.702989356000526,226,0.0
1,3,21.517733614195578,49,0.0
1,1,119.03895883362058,320,0.0
1,2,119.04506344740145,30,0.0
1,2,119.04506344740145,246,0.0
1,2,82.65833770617108,213,0.0
1,2,119.04506344740145,237,0.0
1,1,37.574025998193136,164,0.0
1,0,49.66297802472143,179,0.0
1,2,109.25248296525159,33,0.0
1,2,84.80031371847592,32,0.0
1,2,119.04506344740145,240,0.0
1,1,88.23617506610165,35,0.0
1,2,119.04506344740145,237,0.0
1,2,119.04506344740145,241,0.0
1,2,119.04506344740145,14,0.0
1,2,119.04506344740145,150,0.0
1,1,104.17431997944679,352,0.0
1,2,119.04506344740145,337,0.0
1,2,119.04506344740145,63,0.0
1,2,119.04506344740145,27,0.0
1,2,119.04506344740145,180,0.0
1,2,119.04506344740145,74,0.0
1,2,119.04385304035117,86,0.0
1,2,119.04385304035117,95,0.0
2,3,32.26508409921445,13,0.0
1,1,108.82941210496574,341,0.0
1,2,119.04385304035117,236,0.0
1,1,71.53022514336473,136,0.0
1,2,119.04385304035117,262,0.0
1,2,112.00732223091246,70,0.0
1,2,63.21659710580008,31,0.0
1,0,60.48256952765943,184,0.0
1,0,74.61526688576804,21,0.0
1,2,119.04385304035117,237,0.0
1,0,44.25050039286895,134,0.0
1,1,98.58231133346199,239,0.0
1,2,119.04385304035117,181,0.0
1,2,62.176441022151344,52,0.0
1,1,68.36712904452267,174,0.0
1,2,111.4248396230591,91,0.0
1,0,87.55827164865516,46,0.0
1,2,65.60610901202023,47,0.0
1,1,86.28002810645282,36,0.0
1,2,79.36197753968578,98,0.0
1,2,66.45481767488087,70,0.0
1,2,119.04385304035117,40,0.0
1,2,119.04385304035117,269,0.0
1,2,119.04385304035117,208,0.0
1,3,1.8565887009709985,31,0.0
1,1,40.746371235549105,6,0.0
1,2,119.04268465961812,265,0.0
1,2,119.04268465961812,238,0.0
2,1,41.91015145330892,11,0.0
1,2,54.07719222536546,115,0.0
1,2,119.04268465961812,96,0.0
1,1,96.6249959930801,240,0.0
1,3,53.916810240952216,37,0.0
1,3,115.30086804509656,231,0.0
1,3,8.449056289240685,23,0.0
1,2,115.7450672216597,71,0.0
1,2,119.04268465961812,338,0.0
1,1,27.000957587166322,147,0.0
1,2,119.04268465961812,243,0.0
1,2,69.06416381912754,227,0.0
1,1,118.86562031212043,323,0.0
1,2,116.99760808888973,228,0.0
1,2,119.04268465961812,97,0.0
1,2,100.21756239371541,294,0.0
1,1,76.14523562983413,255,0.0
1,2,119.04268465961812,242,0.0
1,2,119.04268465961812,340,0.0
1,2,119.04268465961812,122,0.0
1,2,49.73169415182281,144,0.0
1,2,119.05336120245326,96,0.0
1,3,119.05336120245326,231,0.0
1,2,119.05336120245326,240,0.0
1,2,69.11718655735903,79,0.0
1,2,119.05336120245326,231,0.0
1,1,54.80946443672105,146,0.0
1,2,57.26281381092113,141,0.0
1,2,119.05336120245326,127,0.0
1,3,32.731687276245026,140,0.0
1,3,2.415074403187791,47,0.0
1,1,104.85563491062656,59,0.0
1,0,80.69417011558303,156,0.0
1,2,119.05336120245326,71,0.0
1,2,71.62517064058397,98,0.0
1,2,119.05336120245326,72,0.0
1,2,97.03211955490141,39,0.0
1,2,119.05336120245326,42,0.0
1,2,119.05336120245326,296,0.0
1,2,119.05336120245326,97,0.0
1,2,119.05336120245326,183,0.0
1,2,119.05336120245326,198,0.0
1,0,119.05162759663303,112,0.0
1,1,19.852162504327634,231,0.0
2,3,41.18346985209062,13,0.0
1,2,119.05162759663303,170,0.0
1,2,102.76534121570995,2,0.0
1,2,119.05162759663303,242,0.0
1,2,119.05162759663303,385,0.0
1,2,117.14046820070149,6,0.0
1,2,53.443674165079486,145,0.0
1,2,69.06829151489752,230,0.0
1,2,95.30546672838548,17,0.0
1,2,26.066590270195118,245,0.0
1,2,119.05162759663303,42,0.0
1,1,99.05162759663303,1,0.0
1,1,52.86109203335407,147,0.0
1,1,92.72998479216639,242,0.0
1,2,119.05162759663303,241,0.0
1,2,119.05162759663303,78,0.0
1,2,119.05162759663303,241,0.0
1,2,119.05162759663303,78,0.0
1,2,53.999511661079495,142,0.0
1,2,71.76294034447244,24,0.0
1,2,119.05162759663303,275,0.0
1,2,119.05162759663303,155,0.0
1,2,119.06418784443895,250,0.0
1,2,89.53763997076712,102,0.0
1,2,119.06418784443895,232,0.0
1,0,119.06418784443895,244,0.0
1,2,49.02626418101709,250,0.0
1,2,101.21265028816684,17,0.0
1,1,100.97145035169854,61,0.0
1,2,119.06418784443895,299,0.0
1,2,73.29921764925055,29,0.0
1,0,119.06418784443895,126,0.0
1,2,119.06418784443895,233,0.0
1,2,115.49396325665181,25,0.0
1,1,90.79417263660534,243,0.0
1,1,107.33973662451655,123,0.0
1,2,58.59000164275546,149,0.0
1,2,106.4379174403341,3,0.0
1,2,100.9974610358863,204,0.0
1,2,119.06418784443895,121,0.0
1,2,51.60380344279897,241,0.0
1,0,119.06418784443895,22,0.0
1,2,119.06418784443895,266,0.0
1,2,82.1327417135091,142,0.0
1,2,98.80828741259705,41,0.0
1,2,119.06418784443895,342,0.0
1,3,32.72645605261317,18,0.0
1,2,119.06418784443895,253,0.0
1,0,82.6949790194278,139,0.0
1,2,113.21186130314335,237,0.0
1,1,73.09904844465431,117,0.0
1,2,54.12326701387908,181,0.0
1,2,58.5862699359527,127,0.0
1,2,109.75746127026038,27,0.0
1,2,119.05417601373323,69,0.0
1,0,41.16370623824604,206,0.0
1,1,2.776590688316255,29,0.0
1,2,99.05417601373323,1,0.0
1,2,119.05417601373323,76,0.0
1,2,119.05417601373323,37,0.0
1,2,119.05417601373323,84,0.0
1,2,119.05417601373323,364,0.0
1,2,81.74915503316103,140,0.0
1,2,119.05417601373323,66,0.0
1,2,119.05417601373323,232,0.0
1,2,119.05417601373323,142,0.0
1,2,117.11836385817217,239,0.0
1,2,119.05417601373323,24,0.0
1,2,68.5301333395804,144,0.0
1,0,47.84160324844726,121,0.0
1,2,119.05417601373323,172,0.0
1,2,119.05417601373323,241,0.0
1,2,119.05417601373323,186,0.0
1,2,78.21081911669023,109,0.0
1,1,71.15322445838754,118,0.0
1,2,119.05417601373323,99,0.0
1,2,87.02071416833431,31,0.0
1,2,119.05885762190469,276,0.0
1,2,114.27017639006057,5,0.0
1,2,55.88774792162787,99,0.0
1,2,82.16031477563826,110,0.0
1,2,119.05885762190469,45,0.0
1,2,119.05885762190469,242,0.0
1,2,81.13147659897702,31,0.0
1,2,84.33400174496634,83,0.0
1,0,58.58594562877131,81,0.0
1,2,119.05885762190469,121,0.0
1,0,119.05885762190469,97,0.0
1,0,32.273708013192106,19,0.0
1,2,65.50434683543011,145,0.0
1,2,54.88461278768129,24,0.0
1,0,25.8522001304572,248,0.0
1,1,109.14783059128358,328,0.0
1,0,46.90046087035196,122,0.0
1,2,119.05885762190469,128,0.0
1,3,44.55717230783231,82,0.0
1,2,112.92862704131169,207,0.0
1,2,118.36908344575949,6,0.0
1,2,119.05423572322633,86,0.0
1,1,45.954696593578284,123,0.0
1,0,28.975374643325132,36,0.0
1,2,119.05423572322633,47,0.0
1,1,88.17326968189116,145,0.0
1,2,119.05423572322633,249,0.0
1,2,119.05423572322633,186,0.0
1,2,119.05423572322633,345,0.0
1,2,119.05423572322633,235,0.0
1,2,62.171669728526034,183,0.0
1,2,59.80865813196503,15,0.0
1,2,119.05423572322633,78,0.0
1,2,113.14381629359222,20,0.0
1,2,24.906435853683526,249,0.0
1,1,110.6638757505605,224,0.0
1,2,92.89119017540693,35,0.0
1,0,28.418178682286005,23,0.0
1,2,119.05423572322633,346,0.0
1,2,58.58366453417867,71,0.0
1,2,91.11962122403322,32,0.0
1,2,59.98665497732679,100,0.0
1,0,42.28854533336965,48,0.0
1,2,119.05423572322633,243,0.0
1,2,89.88059599642413,38,0.0
1,2,103.11878978300355,91,0.0
1,2,82.05510834948844,233,0.0
1,2,55.204028634258165,173,0.0
1,3,119.04494212425196,243,0.0
1,2,119.04494212425196,30,0.0
1,1,67.80178919343972,230,0.0
1,2,119.04494212425196,129,0.0
1,2,119.04494212425196,159,0.0
1,1,46.015750806124224,122,0.0
1,2,119.04494212425196,86,0.0
1,2,117.10300853164796,208,0.0
1,1,109.02319687131538,45,0.0
2,2,8.00843627263538,34,0.0
1,1,43.13749136090923,152,0.0
1,2,29.080817344019795,250,0.0
1,2,119.04494212425196,78,0.0
1,2,73.52214578386378,20,0.0
1,1,52.95770097822185,254,0.0
1,2,52.09972987919721,28,0.0
1,1,113.42605945911403,23,0.0
1,2,111.27696021871644,4,0.0
1,0,83.13518138824747,139,0.0
1,2,63.213611476605166,99,0.0
1,2,119.04494212425196,301,0.0
1,2,119.04494212425196,102,0.0
2,3,33.085335622164145,18,0.0
1,2,74.69554913851711,153,0.0
1,3,38.3432507043701,45,0.0
1,2,119.04505233677645,237,0.0
1,2,119.04505233677645,247,0.0
1,2,119.04505233677645,70,0.0
1,2,119.04505233677645,237,0.0
1,1,105.33822361011627,93,0.0
1,0,74.06724937654766,163,0.0
1,2,67.15648378599501,100,0.0
1,2,119.04505233677645,255,0.0
1,2,85.54862700473217,30,0.0
1,3,52.83820567663692,63,0.0
1,2,77.46501809325362,21,0.0
1,2,100.38736170237038,43,0.0
2,3,95.53745040821259,4,0.0
1,0,119.04505233677645,130,0.0
1,2,119.04505233677645,39,0.0
1,2,119.04505233677645,48,0.0
1,0,86.52290326169367,86,0.0
1,2,119.04505233677645,10,0.0
1,2,119.04505233677645,101,0.0
1,2,93.34763745440205,34,0.0
1,2,101.00844397513305,37,0.0
1,0,48.56752339890243,2,0.0
1,2,92.78928754467317,236,0.0
2,0,4.253292265686007,37,0.0
1,1,117.08999446102841,8,0.0
1,2,119.04730221843246,51,0.0
1,1,25.865551172254605,39,0.0
1,2,119.04730221843246,246,0.0
1,2,70.52927060389754,74,0.0
1,2,119.04730221843246,147,0.0
1,2,46.89568751541605,148,0.0
1,2,119.04730221843246,257,0.0
2,2,93.06718669945589,5,0.0
1,2,119.04730221843246,247,0.0
1,2,119.04730221843246,256,0.0
1,2,44.52975476207982,86,0.0
2,3,28.878760780090822,28,0.0
1,2,109.51841401432294,25,0.0
1,2,119.04730221843246,248,0.0
1,2,119.04730221843246,50,0.0
1,2,119.04730221843246,160,0.0
1,2,119.04730221843246,102,0.0
1,2,119.04730221843246,246,0.0
1,2,119.04730221843246,251,0.0
1,2,59.87095445857982,30,0.0
1,2,119.04730221843246,237,0.0
1,0,25.555475361746886,26,0.0
1,2,119.04730221843246,305,0.0
1,2,46.738953583129515,80,0.0
1,2,119.04730221843246,161,0.0
1,2,67.09195283921339,155,0.0
1,2,119.04730221843246,135,0.0
1,3,119.04730221843246,244,0.0
1,2,107.59265234412098,43,0.0
1,2,100.91834673102117,3,0.0
1,2,119.03667823912501,275,0.0
1,2,119.03667823912501,42,0.0
1,2,119.03667823912501,59,0.0
1,1,37.899151997986124,9,0.0
1,2,77.0701964700035,107,0.0
1,2,119.03667823912501,50,0.0
1,3,118.98665549741791,246,0.0
1,3,119.03667823912501,241,0.0
1,1,90.84283216339969,41,0.0
1,2,81.11056734638824,45,0.0
1,2,45.61946833651914,137,0.0
1,3,48.92218613419439,65,0.0
1,2,77.96663461620194,187,0.0
1,2,119.03667823912501,14,0.0
1,2,119.03667823912501,393,0.0
1,2,76.28887319715905,120,0.0
1,3,15.292428559701984,157,0.0
1,3,52.70109278019905,11,0.0
1,2,119.03667823912501,249,0.0
1,2,119.03667823912501,252,0.0
1,3,107.34124427745013,249,0.0
1,2,119.03667823912501,161,0.0
1,1,18.862836820997398,144,0.0
1,0,119.03667823912501,247,0.0
2,1,42.35220836077802,7,0.0
1,1,23.90222941137961,40,0.0
1,2,119.03667823912501,254,0.0
1,2,119.0291265975906,349,0.0
1,2,119.0291265975906,104,0.0
1,2,119.0291265975906,254,0.0
2,3,0.4041016725501061,40,0.0
1,1,114.62163990386337,334,0.0
1,0,40.27269690110643,53,0.0
1,2,81.30045552709053,134,0.0
1,1,97.06580483671561,2,0.0
1,0,79.293340780172,143,0.0
1,2,119.0291265975906,238,0.0
1,2,119.0291265975906,54,0.0
1,2,69.89710252722749,87,0.0
1,2,115.09387920245327,45,0.0
1,3,2.1888822801322547,63,0.0
1,2,119.0291265975906,285,0.0
1,0,29.979085212596175,252,0.0
1,2,119.0291265975906,191,0.0
1,2,119.0291265975906,163,0.0
1,0,31.553123677151756,254,0.0
1,0,84.17185577879403,24,0.0
1,2,62.21219738871648,134,0.0
1,2,119.02205715398804,337,0.0
1,2,119.02205715398804,107,0.0
2,3,10.824092904070286,37,0.0
1,3,115.08786199070366,243,0.0
1,2,119.02205715398804,96,0.0
1,2,119.02205715398804,109,0.0
1,2,119.02205715398804,105,0.0
1,2,77.28090699930308,30,0.0
1,3,117.05118375157865,245,0.0
1,2,90.00133345879442,69,0.0
1,2,119.02205715398804,150,0.0
1,2,56.477619893370395,9,0.0
1,0,111.85596916507654,6,0.0
1,2,83.37713681325738,122,0.0
1,3,44.97336988577304,67,0.0
1,2,67.28090699930308,7,0.0
1,2,55.0711057270951,239,0.0
1,2,119.02205715398804,54,0.0
1,2,93.40439615195507,158,0.0
1,2,58.53662045278335,43,0.0
1,0,80.25852473418341,151,0.0
1,2,84.6004379179414,78,0.0
1,2,119.02205715398804,217,0.0
1,2,119.02205715398804,44,0.0
1,2,73.33349810295056,88,0.0
1,2,119.02388551342153,250,0.0
1,2,119.02388551342153,51,0.0
1,2,119.02388551342153,110,0.0
1,2,102.33700285223742,152,0.0
1,1,96.91291993414657,231,0.0
1,2,119.02388551342153,97,0.0
1,1,110.66758257127294,336,0.0
1,1,93.62817484559366,276,0.0
1,0,42.68039584385562,7,0.0
1,2,119.02388551342153,277,0.0
1,0,52.30595066620565,179,0.0
1,2,119.02388551342153,256,0.0
1,1,93.38320137102927,75,0.0
1,2,104.43897786412396,23,0.0
1,2,119.02388551342153,238,0.0
1,2,96.71216015722479,159,0.0
1,2,58.534914090415555,84,0.0
1,2,119.02388551342153,254,0.0
1,2,119.02388551342153,353,0.0
1,2,110.85911089076762,149,0.0
1,1,81.4575869505594,176,0.0
1,2,61.84438445805307,44,0.0
1,2,71.39545422990066,228,0.0
2,1,37.25230071411159,10,0.0
1,2,119.02191830284099,132,0.0
1,2,119.02191830284099,102,0.0
1,1,91.65009314843465,277,0.0
1,2,119.02191830284099,50,0.0
1,2,119.02191830284099,269,0.0
1,3,41.019173702035566,69,0.0
1,1,108.68950087411393,337,0.0
1,2,46.98115345387276,131,0.0
1,0,102.36370300015467,2,0.0
1,2,60.334437100936135,113,0.0
1,2,119.02191830284099,335,0.0
1,1,87.59527451101046,252,0.0
1,1,51.53728028994562,128,0.0
1,2,119.02191830284099,243,0.0
1,2,119.02191830284099,288,0.0
1,1,29.363511723084326,159,0.0
1,2,119.02191830284099,63,0.0
1,2,119.02191830284099,256,0.0
1,2,72.29617445644242,16,0.0
1,2,47.55683239325655,3,0.0
1,1,21.413555400955808,44,0.0
1,2,119.02191830284099,48,0.0
1,2,109.57049263800644,22,0.0
1,2,43.96974355071424,57,0.0
1,2,119.0274080036169,64,0.0
2,0,11.479674093691369,42,0.0
1,2,119.0274080036169,256,0.0
1,2,40.33562744810806,43,0.0
1,2,119.0274080036169,85,0.0
1,2,94.57483779372515,256,0.0
1,1,17.996169591364396,244,0.0
1,2,48.96099051660017,37,0.0
2,0,32.88067754822193,19,0.0
1,0,47.91784757322994,92,0.0
1,0,52.91680567904544,25,0.0
1,2,119.0274080036169,102,0.0
1,3,7.61191653864177,28,0.0
1,2,119.0274080036169,336,0.0
1,2,75.75020093626341,17,0.0
1,2,118.04932630645789,49,0.0
1,0,19.71654917232996,32,0.0
1,2,77.51321463291681,200,0.0
1,2,88.7656400249275,73,0.0
1,2,119.0274080036169,244,0.0
1,2,61.98788753937274,38,0.0
1,2,80.91018486445903,36,0.0
1,2,119.0274080036169,91,0.0
1,2,119.0274080036169,86,0.0
1,2,93.85590367419508,369,0.0
1,2,119.02106981455351,257,0.0
1,2,119.02106981455351,59,0.0
1,2,119.02106981455351,358,0.0
1,2,94.90143436122234,81,0.0
1,2,119.02106981455351,245,0.0
1,2,94.90143436122234,108,0.0
1,2,73.25327974681893,271,0.0
1,2,119.02106981455351,341,0.0
1,3,6.632986353195285,29,0.0
1,2,117.92062563823276,247,0.0
1,2,119.02106981455351,310,0.0
1,2,65.07864741395953,10,0.0
1,2,57.5594369695909,231,0.0
1,2,53.76811328513933,133,0.0
1,2,119.02106981455351,20,0.0
1,2,119.02106981455351,88,0.0
1,0,67.95410132609989,35,0.0
1,2,119.02106981455351,13,0.0
1,2,119.02106981455351,279,0.0
1,2,69.2810846693789,170,0.0
1,0,45.76044220709413,126,0.0
1,3,117.04847781817041,252,0.0
1,2,29.522042477221248,257,0.0
1,2,119.02106981455351,45,0.0
1,2,119.02106981455351,354,0.0
1,2,119.02106981455351,246,0.0
1,2,67.60648120405857,25,0.0
1,2,119.02106981455351,260,0.0
1,2,81.97696630947635,34,0.0
1,2,91.06032319084838,144,0.0
1,2,119.02106981455351,92,0.0
1,2,119.02106981455351,65,0.0
1,2,105.92102371817272,156,0.0
1,3,27.795321774708825,258,0.0
1,2,57.77868682316419,6,0.0
1,2,119.01630732240548,310,0.0
2,2,24.939742959165457,28,0.0
1,2,56.66295769505681,8,0.0
1,2,119.01630732240548,257,0.0
1,2,84.15034292121359,12,0.0
1,0,8.868539689854074,164,0.0
1,2,119.01630732240548,357,0.0
1,1,80.53853887030587,232,0.0
1,2,101.92433415421078,194,0.0
1,2,80.85508794931897,111,0.0
1,2,119.01630732240548,105,0.0
1,2,119.01630732240548,49,0.0
1,2,119.01630732240548,112,0.0
1,2,119.01630732240548,199,0.0
1,2,94.89901119517927,163,0.0
1,1,64.15858059829239,144,0.0
1,0,98.037377136959,2,0.0
1,2,119.01630732240548,311,0.0
1,2,93.2068895937791,60,0.0
1,0,119.01630732240548,104,0.0
1,2,86.37688674278655,226,0.0
1,2,35.602307757473305,134,0.0
1,2,119.01630732240548,313,0.0
1,2,119.01630732240548,122,0.0
1,2,98.44608717904265,164,0.0
2,2,95.75250105554532,14,0.0
1,2,119.015534819525,249,0.0
1,2,112.34715680467716,161,0.0
1,2,119.015534819525,34,0.0
1,1,83.21398576706707,9,0.0
1,0,31.972471895387326,259,0.0
1,2,119.015534819525,261,0.0
1,2,119.015534819525,282,0.0
1,2,58.52368848072774,105,0.0
1,2,81.78122637836526,141,0.0
1,2,97.99375295983336,256,0.0
1,2,61.09815712263082,198,0.0
1,0,24.70130460750323,261,0.0
1,3,119.015534819525,253,0.0
1,2,119.015534819525,257,0.0
1,2,119.015534819525,251,0.0
1,2,119.015534819525,189,0.0
1,2,119.015534819525,15,0.0
1,3,116.560312645706,255,0.0
1,2,75.78278415892788,172,0.0
1,2,60.8177085087756,12,0.0
1,2,64.23007655324889,136,0.0
1,2,119.009058399514,53,0.0
1,3,95.99074529461956,147,0.0
1,3,117.024593219039,254,0.0
1,0,72.07607777465738,174,0.0
1,2,119.009058399514,16,0.0
1,0,47.50435863199725,49,0.0
1,3,16.61359708938365,56,0.0
1,2,34.744033986102956,266,0.0
1,1,106.53490770347315,86,0.0
1,2,90.80952987919648,57,0.0
1,1,47.61974446454335,248,0.0
1,2,95.81624808360256,25,0.0
1,2,119.009058399514,261,0.0
1,2,119.009058399514,107,0.0
1,2,119.009058399514,359,0.0
1,1,54.712929943969975,242,0.0
1,0,60.334821206541584,8,0.0
1,2,79.21018100094533,173,0.0
1,3,67.31903165844507,39,0.0
1,2,79.21018100094533,43,0.0
1,0,7.069133992869119,154,0.0
1,2,75.65328605313769,16,0.0
1,2,83.6327897299942,152,0.0
1,2,82.20442900273223,55,0.0
1,3,5.5205252637336875,51,0.0
1,2,119.01993124441564,17,0.0
1,2,119.01993124441564,99,0.0
1,1,46.25597116307218,195,0.0
1,2,78.96800752408653,14,0.0
1,2,35.17837338526634,137,0.0
1,2,119.01993124441564,36,0.0
1,2,119.01993124441564,69,0.0
2,0,99.12448724745153,16,0.0
1,2,95.86632641960335,38,0.0
1,2,119.01993124441564,54,0.0
1,1,104.5548389478888,87,0.0
1,2,74.29204489581299,174,0.0
1,2,119.01993124441564,52,0.0
1,2,111.79713125529774,261,0.0
1,2,119.01993124441564,42,0.0
1,1,81.73517425934413,275,0.0
1,2,49.40617287706089,30,0.0
1,3,30.734553444261866,262,0.0
1,1,57.34171408592719,260,0.0
1,2,106.21372984989854,217,0.0
1,0,100.25322288326817,230,0.0
1,2,108.77534733566088,167,0.0
1,1,63.995567000183435,158,0.0
1,2,119.00921562878968,294,0.0
1,2,119.00921562878968,147,0.0
1,1,15.48203695590456,166,0.0
1,2,92.1104865349835,144,0.0
1,0,31.75932793817564,202,0.0
1,3,6.173851167768046,36,0.0
1,2,71.07934402426201,138,0.0
1,0,98.15737872348508,206,0.0
1,2,119.00921562878968,54,0.0
1,2,63.833652255347594,248,0.0
1,2,119.00921562878968,100,0.0
1,1,102.56405457667847,88,0.0
1,3,118.46639509245033,256,0.0
1,1,50.7420768171753,244,0.0
1,2,119.00921562878968,101,0.0
1,2,119.00921562878968,258,0.0
1,1,37.655805522765846,135,0.0
1,0,63.0241487407497,40,0.0
1,2,119.00921562878968,248,0.0
1,2,67.66697597978873,14,0.0
2,0,38.172892094993216,18,0.0
1,2,119.00921562878968,246,0.0
1,2,77.63462679153406,52,0.0
1,2,112.01342653859595,293,0.0
1,2,115.64910758965223,114,0.0
1,2,48.08580388148207,207,0.0
1,2,119.00711451973953,110,0.0
1,2,119.00711451973953,250,0.0
1,2,119.00711451973953,44,0.0
1,2,89.06274212103511,57,0.0
1,2,112.2117898249681,168,0.0
1,1,92.04912513623688,142,0.0
1,2,119.00711451973953,264,0.0
1,2,107.51571265464989,98,0.0
1,3,5.1809656875075785,37,0.0
1,2,119.00711451973953,250,0.0
1,2,119.00711451973953,190,0.0
1,2,84.38541861575553,291,0.0
1,2,119.00711451973953,160,0.0
1,0,26.75088359279108,264,0.0
1,2,58.51172233413437,38,0.0
1,1,38.100337184416226,137,0.0
1,2,86.61252646816388,285,0.0
1,0,70.5731647007746,31,0.0
1,0,58.6205343698106,44,0.0
1,2,119.00424125038289,257,0.0
1,2,75.75574565825623,278,0.0
1,2,119.00424125038289,164,0.0
1,2,119.00424125038289,175,0.0
1,2,77.24989888450533,14,0.0
1,1,84.47919684135728,85,0.0
2,1,1.1916726630105188,48,0.0
1,2,119.00424125038289,99,0.0
1,2,110.78987521430959,99,0.0
1,3,32.31670988541252,12,0.0
1,2,68.65693612213525,43,0.0
1,2,51.35996644114177,208,0.0
1,3,108.60081528903375,259,0.0
1,2,82.55660960445155,93,0.0
1,2,119.00424125038289,102,0.0
1,2,119.00424125038289,319,0.0
1,2,119.00424125038289,18,0.0
1,1,91.24452539060539,261,0.0
1,2,74.37758102875564,16,0.0
1,2,4.185206937890466,38,0.0
1,2,85.23474772588494,20,0.0
1,3,83.12988100294264,9,0.0
1,2,119.00424125038289,270,0.0
1,2,53.32249713508839,100,0.0
1,3,111.04956104284175,260,0.0
1,2,119.00424125038289,286,0.0
1,2,60.80045833039674,10,0.0
1,2,63.226478194757036,146,0.0
1,2,119.00424125038289,265,0.0
1,0,64.48562509275456,102,0.0
1,2,106.29814936158114,26,0.0
1,2,84.70901970760602,20,0.0
1,2,119.01787088168327,21,0.0
1,2,119.01787088168327,46,0.0
1,2,119.01787088168327,58,0.0
1,3,31.64641488367197,12,0.0
1,0,65.58958346848128,19,0.0
1,2,16.991071155317197,253,0.0
1,2,119.01787088168327,255,0.0
1,2,119.01787088168327,297,0.0
1,1,98.25679912909003,61,0.0
1,2,119.01787088168327,251,0.0
1,2,119.01787088168327,252,0.0
1,2,72.68040741470237,13,0.0
1,2,119.01787088168327,117,0.0
1,2,92.53583596469046,47,0.0
1,3,58.51999150687471,53,0.0
1,1,31.475620853672556,190,0.0
1,3,110.52860203602317,254,0.0
1,2,119.01787088168327,104,0.0
1,2,78.75673297209543,67,0.0
1,2,119.01787088168327,94,0.0
1,2,68.2252216536081,67,0.0
1,2,119.02124052639671,267,0.0
1,2,119.02124052639671,74,0.0
1,0,80.4628667385604,240,0.0
1,2,105.35757202917705,153,0.0
1,3,41.45535541802555,72,0.0
1,2,75.00287479887002,45,0.0
1,2,119.02124052639671,269,0.0
1,2,119.02124052639671,171,0.0
1,1,110.37412857972353,367,0.0
1,2,119.02124052639671,289,0.0
1,2,119.02124052639671,254,0.0
1,2,119.02124052639671,268,0.0
1,2,105.37127192887242,165,0.0
2,2,33.506848332596405,22,0.0
1,0,80.72351970549042,18,0.0
1,1,94.70401531918218,60,0.0
1,2,119.02124052639671,318,0.0
1,2,119.02124052639671,141,0.0
1,2,119.02124052639671,96,0.0
1,2,81.90949236304766,68,0.0
1,2,119.02124052639671,73,0.0
1,0,73.0816003991457,17,0.0
1,1,84.00138341030538,243,0.0
1,2,59.96165941239686,177,0.0
1,2,119.02792753731478,263,0.0
1,1,97.04916806371149,2,0.0
1,2,119.02792753731478,75,0.0
1,2,61.82882457764779,235,0.0
1,0,62.534793156466066,104,0.0
1,2,23.21882792614912,255,0.0
1,2,80.6132521186574,172,0.0
1,2,119.02792753731478,23,0.0
1,3,27.69558294738347,14,0.0
1,1,59.763759473968385,255,0.0
1,0,66.08537749671812,136,0.0
1,2,119.02792753731478,208,0.0
1,2,69.23068920594478,181,0.0
1,2,119.02792753731478,55,0.0
1,2,51.60517334711804,3,0.0
1,2,119.02792753731478,263,0.0
1,2,119.02792753731478,281,0.0
1,2,66.3589843551368,8,0.0
1,2,87.60264167115866,20,0.0
1,2,119.02792753731478,263,0.0
1,0,5.960392582692662,48,0.0
1,2,119.02792753731478,300,0.0
1,1,87.45605593007629,64,0.0
1,1,83.67775465130755,88,0.0
1,3,26.383748830807285,15,0.0
1,2,119.02792753731478,320,0.0
1,2,108.24202764056487,149,0.0
1,2,119.02792753731478,269,0.0
1,2,103.24986890289807,4,0.0
1,2,64.19568247462924,35,0.0
1,2,74.35618527559203,167,0.0
1,1,28.18844611061983,142,0.0
1,2,81.2272365039332,47,0.0
1,0,64.75453767230152,103,0.0
1,2,119.01682873042594,173,0.0
1,2,119.01682873042594,63,0.0
1,1,25.541617647810003,193,0.0
1,2,119.01682873042594,116,0.0
1,2,119.01682873042594,369,0.0
1,2,119.01682873042594,61,0.0
1,1,109.46968927209447,350,0.0
1,2,119.01682873042594,69,0.0
1,2,72.57722315210381,164,0.0
1,2,74.6052328381495,178,0.0
1,2,119.01682873042594,275,0.0
1,2,106.39923322808156,5,0.0
1,2,119.01682873042594,256,0.0
1,2,57.71852389576969,56,0.0
1,1,97.36986576579237,64,0.0
1,2,90.70832271001392,207,0.0
1,2,67.89711260289012,40,0.0
1,2,119.01682873042594,266,0.0
1,2,119.01682873042594,103,0.0
1,2,90.87263030287436,167,0.0
1,2,119.01682873042594,269,0.0
1,2,119.01682873042594,24,0.0
1,2,119.01682873042594,143,0.0
1,1,80.0461396780461,245,0.0
1,1,24.342681301664058,21,0.0
1,2,119.01682873042594,322,0.0
1,1,93.50698177354651,265,0.0
1,1,83.44352344935167,58,0.0
1,2,44.64658281620963,166,0.0
1,2,113.0838676758207,262,0.0
1,3,118.21640327057824,261,0.0
1,2,119.00903779676003,123,0.0
1,2,119.00903779676003,199,0.0
1,2,119.00903779676003,104,0.0
1,3,28.180377133118967,270,0.0
1,1,83.48192245726226,66,0.0
1,1,100.53431956443276,291,0.0
1,2,119.00903779676003,60,0.0
1,3,43.19072923109008,58,0.0
1,2,119.00903779676003,349,0.0
1,2,119.00903779676003,267,0.0
1,2,46.052108198570735,24,0.0
1,2,119.00903779676003,69,0.0
1,2,64.11124402390409,138,0.0
1,2,76.21472400683778,133,0.0
1,2,75.78708890167259,165,0.0
1,2,91.34371981767961,112,0.0
1,2,119.02274151151042,170,0.0
1,0,97.41048692993351,169,0.0
1,2,119.02274151151042,258,0.0
1,1,98.55706107594318,292,0.0
1,2,119.02274151151042,303,0.0
1,2,61.51340886874441,123,0.0
1,2,68.41476257087535,151,0.0
1,2,119.02274151151042,99,0.0
1,2,119.02274151151042,109,0.0
1,1,4.609039710118133,174,0.0
1,2,119.02274151151042,276,0.0
1,2,119.02274151151042,354,0.0
1,2,119.02274151151042,118,0.0
1,2,119.02274151151042,122,0.0
1,2,119.02274151151042,121,0.0
1,2,119.02274151151042,175,0.0
1,2,79.54271488432815,134,0.0
1,2,105.77735745362158,8,0.0
1,0,97.28986262340129,23,0.0
1,2,54.48689675434094,12,0.0
1,2,112.60774845926545,121,0.0
1,2,119.02274151151042,323,0.0
1,1,89.53876108181696,267,0.0
1,2,119.02274151151042,279,0.0
1,2,97.24617933707307,209,0.0
1,2,119.02274151151042,200,0.0
1,2,55.331943042101265,169,0.0
1,2,53.50878965349443,253,0.0
1,1,51.82825917427381,259,0.0
1,2,119.01589166160905,285,0.0
1,2,51.81724570864634,3,0.0
1,1,90.87774622869127,88,0.0
1,1,91.41753673567186,67,0.0
1,1,49.05446438520384,157,0.0
1,1,37.43885132209031,60,0.0
1,3,71.23401164502593,15,0.0
1,0,34.149767661989046,147,0.0
1,2,119.01589166160905,25,0.0
2,2,14.992693074923201,34,0.0
1,2,119.01589166160905,272,0.0
1,2,119.01589166160905,102,0.0
1,1,22.236117080499312,145,0.0
1,2,87.80023985467123,39,0.0
1,2,119.01589166160905,25,0.0
1,2,66.42353130697795,15,0.0
1,2,51.18734402898006,27,0.0
2,3,31.53000297362325,10,0.0
1,2,49.84827496826336,100,0.0
1,0,67.73923818830418,257,0.0
1,2,119.00992249428043,65,0.0
1,2,119.00992249428043,28,0.0
1,1,82.71687148678151,98,0.0
1,2,119.00992249428043,271,0.0
1,2,115.13102493817097,126,0.0
1,2,117.7443743495745,261,0.0
1,2,94.73891394947769,19,0.0
1,3,38.36853144941196,11,0.0
1,2,119.00992249428043,64,0.0
1,3,18.757638141114832,17,0.0
1,2,119.00992249428043,281,0.0
1,2,119.00992249428043,103,0.0
1,2,82.72641655778538,13,0.0
1,1,82.7581302367225,249,0.0
1,2,119.00992249428043,356,0.0
1,2,119.00992249428043,111,0.0
1,3,13.89142512430652,59,0.0
1,2,119.00992249428043,125,0.0
1,1,49.83818166855424,260,0.0
1,2,119.00992249428043,260,0.0
1,1,75.14089393505243,168,0.0
1,2,119.00992249428043,52,0.0
1,2,101.35192194557594,115,0.0
1,2,119.00992249428043,294,0.0
1,2,119.00992249428043,286,0.0
1,2,85.19073712138744,84,0.0
1,1,17.599211111969918,197,0.0
1,2,59.703286586694816,131,0.0
1,1,99.52780285639842,355,0.0
1,0,37.725351090763745,207,0.0
1,2,90.73444649932043,247,0.0
1,2,56.75317743883213,11,0.0
1,2,102.21950606264339,2,0.0
1,2,119.00052012014403,61,0.0
1,2,71.40320368751331,126,0.0
1,2,59.61745944090557,11,0.0
1,2,119.00052012014403,54,0.0
1,2,119.00052012014403,102,0.0
1,3,36.239805018634,62,0.0
1,2,119.00052012014403,276,0.0
1,2,119.00052012014403,64,0.0
1,2,119.00052012014403,327,0.0
1,1,75.53099824480618,70,0.0
1,2,81.18218911812957,260,0.0
1,2,119.00052012014403,120,0.0
1,2,119.00052012014403,61,0.0
1,2,119.00052012014403,68,0.0
1,2,119.00052012014403,274,0.0
1,2,119.00052012014403,271,0.0
1,2,119.00052012014403,392,0.0
1,0,25.859304384981847,274,0.0
1,0,29.62881262098888,276,0.0
1,2,81.29369223011444,372,0.0
1,2,64.7809747735925,10,0.0
1,2,119.00973736327857,73,0.0
1,2,85.4377167133749,70,0.0
1,2,119.00973736327857,275,0.0
1,2,54.52631524488043,10,0.0
1,1,110.47475853811683,387,0.0
1,2,78.13657260350116,99,0.0
1,3,77.96928003901265,272,0.0
1,2,119.00973736327857,28,0.0
1,2,119.00973736327857,215,0.0
1,2,105.39763472123317,3,0.0
1,2,119.00973736327857,65,0.0
1,1,53.45209910643701,160,0.0
1,2,60.50428849607225,43,0.0
1,2,67.55482023169961,16,0.0
1,2,110.31410281443176,213,0.0
1,2,119.00973736327857,103,0.0
1,2,119.00973736327857,272,0.0
1,2,119.00973736327857,261,0.0
1,2,83.80146257904708,41,0.0
1,2,119.00973736327857,303,0.0
1,3,55.63025675714666,88,0.0
1,2,119.00973736327857,12,0.0
1,2,119.00973736327857,125,0.0
1,2,89.11412878473813,15,0.0
1,3,89.06785094758253,6,0.0
1,2,83.53604692735756,218,0.0
1,2,87.50289270730796,46,0.0
1,2,119.00973736327857,358,0.0
1,1,115.02017997770304,262,0.0
1,2,119.02255570309882,274,0.0
1,2,119.02255570309882,215,0.0
1,2,119.02255570309882,8,0.0
1,1,101.751402415107,60,0.0
1,3,117.03229306637739,266,0.0
1,2,110.23698121664661,231,0.0
1,0,31.48158700289216,64,0.0
1,0,63.48482907768358,111,0.0
1,0,27.880638790329428,236,0.0
1,2,51.18033618807459,43,0.0
1,2,75.00163839342926,272,0.0
1,2,119.02255570309882,271,0.0
1,2,90.90934721348812,47,0.0
1,2,119.02255570309882,96,0.0
1,2,119.02255570309882,205,0.0
1,2,84.81626639173344,40,0.0
1,2,119.02255570309882,67,0.0
1,2,4.051565855610366,179,0.0
1,2,70.96127473787976,17,0.0
1,2,113.72055732061192,214,0.0
1,0,71.19931021553906,53,0.0
1,2,119.02255570309882,83,0.0
1,2,112.83243387690128,25,0.0
1,0,2.9360766425174054,49,0.0
1,2,119.03301509022721,266,0.0
1,2,119.03301509022721,206,0.0
1,3,28.94915817178395,277,0.0
1,1,99.7844175053342,61,0.0
2,1,10.827027436295289,39,0.0
1,2,78.7494601885839,120,0.0
1,2,119.03301509022721,158,0.0
1,2,119.03301509022721,111,0.0
1,0,15.168037686875964,170,0.0
1,3,21.623533426674825,82,0.0
1,2,84.27904036348836,64,0.0
1,2,119.03301509022721,275,0.0
1,0,119.03301509022721,127,0.0
1,2,119.03301509022721,329,0.0
1,2,96.06886514803897,17,0.0
1,1,119.03301509022721,92,0.0
1,2,52.45248571343193,6,0.0
1,3,51.68582755047269,90,0.0
1,2,88.24842859341528,374,0.0
1,1,9.665039388718553,201,0.0
1,3,47.22589560541349,15,0.0
1,1,106.53032933144286,389,0.0
1,0,48.605217737762935,106,0.0
1,3,8.869741490460694,24,0.0
1,0,66.58382832229267,9,0.0
1,2,119.03390807174273,177,0.0
1,2,111.44347641946483,56,0.0
1,2,119.03390807174273,378,0.0
1,2,118.35009398364248,79,0.0
1,2,119.03390807174273,284,0.0
1,2,119.03390807174273,300,0.0
1,2,71.42095555472906,30,0.0
1,1,52.62056732970605,259,0.0
1,2,56.56656215004503,38,0.0
1,2,91.90415204122824,375,0.0
1,2,82.2056436983629,78,0.0
1,2,119.03390807174273,132,0.0
1,2,109.1096588427718,265,0.0
1,1,117.06692316196994,93,0.0
1,2,26.98306624352668,278,0.0
1,2,119.03390807174273,112,0.0
1,1,38.97256147788082,150,0.0
1,1,78.20050663835421,103,0.0
1,1,83.79926787127675,133,0.0
1,0,61.84889703107598,263,0.0
1,2,119.03390807174273,10,0.0
1,2,119.03390807174273,129,0.0
1,0,65.9896443434585,78,0.0
1,2,73.88804875357923,55,0.0
1,2,69.54978833148881,252,0.0
1,0,73.20569493969644,115,0.0
1,0,117.05858679834543,28,0.0
1,2,119.0246787266027,300,0.0
1,0,57.230482871926704,176,0.0
1,2,119.0246787266027,279,0.0
1,1,97.05858679834543,2,0.0
1,2,105.89834263816032,90,0.0
1,2,29.656995431005704,239,0.0
1,0,117.68828983807886,183,0.0
2,0,16.37578639945592,17,0.0
1,2,119.0246787266027,377,0.0
1,2,119.0246787266027,330,0.0
1,2,94.1357946271248,74,0.0
1,3,57.36834921440043,22,0.0
1,2,119.0246787266027,301,0.0
1,2,54.40671845068001,142,0.0
1,3,80.32134125640374,22,0.0
1,1,64.26198848690342,292,0.0
1,2,62.259849095562664,129,0.0
1,2,97.08289153916954,177,0.0
1,2,119.0246787266027,279,0.0
1,3,4.19383756605756,38,0.0
1,1,116.74571033102026,308,0.0
1,1,6.52468984091804,31,0.0
1,2,79.58226805760228,15,0.0
1,1,95.84300430367963,63,0.0
1,2,61.224695116192294,278,0.0
1,2,104.2256568664075,188,0.0
1,3,17.68212022502026,84,0.0
1,2,119.0246787266027,379,0.0
1,2,5.658434511076493,182,0.0
1,2,118.11440813988563,273,0.0
1,3,5.593604489294252,27,0.0
1,1,62.27300687571046,293,0.0
1,2,119.01101838880705,69,0.0
1,0,98.03569711540975,2,0.0
1,2,119.01101838880705,332,0.0
1,2,73.29037289051666,307,0.0
1,2,119.01101838880705,156,0.0
1,2,60.47777654206232,253,0.0
1,2,49.26288706886649,27,0.0
1,2,119.01101838880705,280,0.0
1,1,68.8935637006236,256,0.0
1,2,65.679269448083,47,0.0
1,2,99.199079996303,52,0.0
1,2,99.199079996303,377,0.0
1,0,12.237642874028436,173,0.0
1,2,48.62030905130467,44,0.0
1,2,119.01101838880705,218,0.0
1,1,34.68850802968101,11,0.0
1,2,119.01101838880705,81,0.0
1,2,94.13845250779482,148,0.0
1,0,19.66939368825002,219,0.0
1,2,119.01101838880705,134,0.0
1,2,52.554731632230975,18,0.0
1,2,64.81018959256072,279,0.0
1,2,119.01112399598489,82,0.0
1,2,119.01112399598489,27,0.0
1,2,119.01112399598489,381,0.0
1,2,56.866287303831356,185,0.0
1,2,119.01112399598489,278,0.0
1,2,119.01112399598489,270,0.0
1,2,119.01112399598489,268,0.0
1,2,77.81696433498122,11,0.0
1,2,112.84141555695507,92,0.0
1,2,119.01112399598489,68,0.0
1,2,61.88093619453472,57,0.0
1,0,71.22783732448838,117,0.0
1,2,119.01112399598489,62,0.0
1,2,119.01112399598489,135,0.0
1,2,119.01112399598489,279,0.0
1,2,119.01112399598489,282,0.0
1,2,119.01112399598489,267,0.0
1,2,67.21906854754613,41,0.0
1,2,88.81778644031449,22,0.0
1,2,51.36805782871467,202,0.0
1,2,84.14438145389948,138,0.0
1,0,83.71098876203466,35,0.0
1,2,85.67384019614039,362,0.0
1,2,110.37709499335301,21,0.0
1,3,5.904195601000824,25,0.0
1,2,102.55665843872933,53,0.0
1,1,84.30390877928004,302,0.0
1,2,114.43040102595661,237,0.0
1,3,4.930011628063303,28,0.0
1,1,35.353318786346414,155,0.0
1,3,79.56143796380618,25,0.0
1,1,63.50208519430586,295,0.0
1,1,48.51916910069327,269,0.0
1,2,56.63320340393551,35,0.0
2,0,7.856656623255899,37,0.0
1,2,100.71398527283166,150,0.0
1,2,119.01344902620798,60,0.0
1,2,87.36233577651,139,0.0
1,2,58.70266000387934,5,0.0
1,1,39.56501443598341,31,0.0
1,2,62.95027805760438,33,0.0
1,2,112.58777143610916,382,0.0
1,1,104.29682186853006,77,0.0
1,2,30.400104223607165,215,0.0
1,2,65.09889051714524,58,0.0
1,1,26.293535054568345,70,0.0
1,2,119.01344902620798,83,0.0
1,2,111.98381323853336,53,0.0
1,0,59.59765348138217,195,0.0
1,2,55.19584181634151,46,0.0
1,3,11.717711636020164,87,0.0
1,2,119.01344902620798,88,0.0
1,2,74.72282906494463,173,0.0
1,2,53.238589194763854,264,0.0
1,2,90.47295906021957,140,0.0
1,2,119.00679198461121,29,0.0
1,2,82.52135622344584,51,0.0
1,1,53.68074121532963,168,0.0
1,0,76.85539574090903,279,0.0
1,2,119.00679198461121,103,0.0
1,2,88.40203955855023,35,0.0
1,2,111.12759074229253,226,0.0
1,2,119.00679198461121,82,0.0
1,2,119.00679198461121,70,0.0
1,2,80.65000150947782,35,0.0
1,2,119.00679198461121,64,0.0
1,3,49.41073261001156,26,0.0
2,0,9.5616543615707,45,0.0
1,2,58.228234940228845,181,0.0
1,0,51.627118465722326,112,0.0
1,3,118.14621469470949,271,0.0
1,2,70.3258297633272,164,0.0
1,2,119.00679198461121,112,0.0
1,2,119.00679198461121,274,0.0
1,2,119.00679198461121,270,0.0
1,2,82.82143885660365,256,0.0
1,2,119.00679198461121,305,0.0
1,2,78.71785450610784,108,0.0
1,0,56.34768327861499,178,0.0
1,2,99.00734448949719,1,0.0
1,2,116.4615984384153,194,0.0
1,3,37.79414223392644,97,0.0
1,2,67.27044426725219,19,0.0
1,0,38.26342226498642,284,0.0
1,2,119.00734448949719,188,0.0
1,2,119.00734448949719,16,0.0
1,2,119.00734448949719,91,0.0
1,2,98.22461744823704,25,0.0
1,3,47.41807709950875,27,0.0
1,2,119.00734448949719,224,0.0
1,2,71.28776720245727,60,0.0
1,2,119.00734448949719,284,0.0
1,1,119.00734448949719,279,0.0
1,3,2.944148102171711,30,0.0
1,2,90.29601036340355,112,0.0
1,2,57.9298019814388,182,0.0
1,2,119.00734448949719,284,0.0
1,0,81.29587167737613,72,0.0
1,2,119.00734448949719,223,0.0
1,2,119.00734448949719,284,0.0
1,2,81.28262584013028,181,0.0
1,0,37.83215914651938,244,0.0
1,2,70.30472123832864,33,0.0
1,2,119.01050584316897,139,0.0
1,2,119.01050584316897,339,0.0
1,2,119.01050584316897,132,0.0
1,2,79.13054441919994,282,0.0
1,2,85.26489325231263,61,0.0
1,2,119.01050584316897,282,0.0
1,2,65.86551090453602,271,0.0
1,2,53.64000241251893,114,0.0
1,2,31.092888149456876,224,0.0
1,2,119.01050584316897,31,0.0
1,2,93.14434030579999,69,0.0
1,2,79.17308602396795,14,0.0
1,2,119.01050584316897,271,0.0
1,2,52.60838054901306,6,0.0
1,1,49.69859154799579,170,0.0
1,2,119.01050584316897,286,0.0
1,0,94.48583241745212,37,0.0
1,2,119.01050584316897,290,0.0
1,2,119.01050584316897,368,0.0
1,2,119.01050584316897,92,0.0
1,2,67.71342716681188,195,0.0
1,2,119.01050584316897,385,0.0
1,2,63.561164422842246,182,0.0
1,1,101.57008039206839,397,0.0
1,1,79.95012285239247,140,0.0
1,2,70.64384733445551,186,0.0
1,2,110.27063341571659,60,0.0
1,2,23.39329360372082,74,0.0
1,0,55.62650311842937,199,0.0
1,2,119.00420731976983,294,0.0
1,2,87.2957757810362,183,0.0
2,3,8.561789472652166,41,0.0
1,2,119.00420731976983,73,0.0
1,2,119.00420731976983,245,0.0
1,2,97.95098137193699,197,0.0
1,2,119.00420731976983,123,0.0
1,2,104.23039626638898,280,0.0
1,2,119.00420731976983,84,0.0
1,1,59.769287503917745,39,0.0
1,0,56.64761289612543,115,0.0
1,2,82.6390494963746,46,0.0
1,2,119.00420731976983,286,0.0
1,2,119.00420731976983,241,0.0
1,3,35.84687230945817,246,0.0
1,2,119.00420731976983,190,0.0
1,2,58.50946024135431,139,0.0
1,2,119.00420731976983,170,0.0
1,2,119.00420731976983,80,0.0
1,2,119.00420731976983,283,0.0
1,2,96.15195078940648,70,0.0
1,2,119.00420731976983,253,0.0
1,2,117.17167551098214,274,0.0
1,1,47.702798867765615,171,0.0
1,1,92.50206360495923,308,0.0
1,2,79.984668928789,314,0.0
1,2,118.9964923060891,186,0.0
1,3,65.2429418933902,18,0.0
1,2,118.9964923060891,171,0.0
1,2,118.9964923060891,272,0.0
1,2,84.96240064366376,283,0.0
1,1,101.27888400881656,10,0.0
1,2,118.9964923060891,284,0.0
1,2,118.9964923060891,124,0.0
1,2,118.9964923060891,254,0.0
1,2,118.9964923060891,88,0.0
1,2,94.99935267146367,260,0.0
1,2,75.9252545762132,16,0.0
1,2,52.697705749889685,80,0.0
1,3,113.01854995852509,282,0.0
1,2,70.69143031257522,339,0.0
1,2,74.41880149583741,25,0.0
1,2,66.04097316927337,9,0.0
1,2,118.9964923060891,81,0.0
1,1,8.689095054050192,285,0.0
1,2,74.67679807320502,30,0.0
1,2,70.40614875508885,185,0.0
1,2,47.5038488875585,3,0.0
1,2,86.67425945616714,286,0.0
1,3,33.843364615547266,247,0.0
1,2,88.78519027454733,48,0.0
1,2,47.15327330231467,18,0.0
1,2,118.99154542423402,342,0.0
1,2,118.99154542423402,135,0.0
1,2,118.99154542423402,34,0.0
1,1,68.59506880459972,84,0.0
1,2,118.99154542423402,320,0.0
1,2,69.10060347509447,10,0.0
1,2,118.99154542423402,197,0.0
1,2,90.60296961751054,55,0.0
1,2,44.51751802449658,163,0.0
1,2,118.99154542423402,198,0.0
1,2,60.58751613793996,141,0.0
1,1,40.5134913750647,6,0.0
1,2,118.99154542423402,126,0.0
1,1,43.69083659808873,173,0.0
1,2,57.72487701243707,122,0.0
1,2,51.6025781276178,275,0.0
1,2,98.05898297728477,261,0.0
1,2,54.635650626448545,117,0.0
1,2,118.99154542423402,231,0.0
1,2,118.99154542423402,134,0.0
1,0,34.26617315824832,288,0.0
1,2,118.99154542423402,187,0.0
1,2,118.99154542423402,275,0.0
1,2,118.99154542423402,66,0.0
1,2,118.99154542423402,75,0.0
1,1,102.2489140700329,140,0.0
1,2,116.34384516304702,79,0.0
1,1,62.23047431290887,46,0.0
1,2,118.99690883346275,140,0.0
1,2,86.17458742588916,316,0.0
1,2,118.99690883346275,123,0.0
1,2,82.9278867875138,190,0.0
1,2,118.99690883346275,276,0.0
1,2,118.99690883346275,276,0.0
1,2,118.99690883346275,76,0.0
1,2,118.99690883346275,310,0.0
1,1,60.22738314637162,47,0.0
1,2,118.99690883346275,78,0.0
1,2,118.99690883346275,113,0.0
1,2,83.32725960636638,262,0.0
1,0,60.85516520371612,123,0.0
1,0,106.92465833447794,44,0.0
1,0,98.99690883346275,1,0.0
1,3,114.98494656378587,277,0.0
1,2,118.99690883346275,143,0.0
1,2,57.765938817727594,118,0.0
1,3,61.02913744426418,39,0.0
1,2,118.99690883346275,389,0.0
1,2,118.99690883346275,69,0.0
1,2,118.99690883346275,340,0.0
1,2,74.46660184751069,24,0.0
1,2,118.99690883346275,284,0.0
1,0,83.91297420027935,43,0.0
1,1,118.122533241372,186,0.0
1,1,70.89661333337926,132,0.0
1,2,118.99704202328807,128,0.0
1,2,61.7664473117204,91,0.0
1,2,118.99704202328807,127,0.0
1,3,116.99395085675083,245,0.0
1,2,118.99704202328807,114,0.0
1,2,118.99704202328807,318,0.0
1,2,53.8616087529125,211,0.0
2,0,6.204440922084098,45,0.0
1,0,46.64484823906371,165,0.0
1,2,69.8657434042031,86,0.0
1,2,118.99704202328807,228,0.0
1,1,53.29443496851247,24,0.0
1,0,51.60849170550332,203,0.0
1,3,113.42737157400825,282,0.0
1,2,118.99704202328807,90,0.0
1,0,70.89557211796235,187,0.0
1,2,108.46017656932987,4,0.0
1,2,66.86083553962877,185,0.0
1,2,112.28076998236249,285,0.0
1,0,75.38403980190071,21,0.0
1,2,118.99704202328807,89,0.0
1,2,118.99704202328807,8,0.0
1,2,118.99704202328807,219,0.0
1,2,62.16139001313048,83,0.0
1,0,72.18053809504485,37,0.0
1,2,118.99704202328807,86,0.0
1,1,89.58766237751381,79,0.0
1,2,53.250495963179695,147,0.0
1,1,5.674591335035044,288,0.0
1,3,109.50024571686295,285,0.0
1,2,78.76331425634773,203,0.0
1,2,98.99637845773411,1,0.0
2,1,4.866278865729582,46,0.0
1,2,118.99637845773411,292,0.0
1,2,118.99637845773411,80,0.0
1,2,78.75632111208814,13,0.0
1,2,118.99637845773411,165,0.0
1,2,68.836934822313,171,0.0
1,2,118.99637845773411,293,0.0
1,2,118.99637845773411,31,0.0
1,3,31.101963097118787,251,0.0
1,2,118.99637845773411,342,0.0
1,2,118.99637845773411,62,0.0
1,1,78.3211970801496,116,0.0
1,2,85.46006305338555,111,0.0
1,2,118.99637845773411,187,0.0
1,3,6.326913324218717,166,0.0
1,3,1.724928317875425,96,0.0
1,2,118.98468735724325,24,0.0
1,2,118.98468735724325,144,0.0
1,3,96.98106581497736,2,0.0
1,1,104.85130423805859,87,0.0
1,2,102.13013788090187,2,0.0
1,3,21.77190979891654,105,0.0
1,2,116.11563416188672,282,0.0
1,0,80.89108203854478,46,0.0
1,2,118.98468735724325,297,0.0
1,2,40.538014022023106,279,0.0
1,3,55.209503989352406,23,0.0
1,0,76.8525702546002,92,0.0
1,2,118.98468735724325,84,0.0
1,2,98.75481663165674,182,0.0
1,2,96.23653498169735,68,0.0
1,0,60.671351327406796,72,0.0
1,3,55.00724528252962,42,0.0
1,2,118.98468735724325,314,0.0
1,2,22.440906912741873,291,0.0
1,2,118.98468735724325,277,0.0
1,2,117.64323067877434,52,0.0
1,1,118.66619308510424,287,0.0
1,2,64.35471139254855,83,0.0
1,2,118.98468735724325,71,0.0
1,2,118.98468735724325,79,0.0
1,2,89.65665548875255,202,0.0
1,1,93.91681414640938,82,0.0
1,2,118.98181481479972,140,0.0
1,2,118.98181481479972,189,0.0
1,2,118.98181481479972,55,0.0
1,2,118.98181481479972,143,0.0
1,2,92.09975672098624,129,0.0
1,0,90.66719338771645,156,0.0
1,2,118.98181481479972,94,0.0
1,2,77.0543121866314,57,0.0
1,2,118.98181481479972,276,0.0
1,2,74.4782825254337,390,0.0
1,2,118.98181481479972,192,0.0
1,2,103.56118540886474,171,0.0
1,2,46.554558237347074,266,0.0
1,3,21.893991184527227,81,0.0
1,2,118.04461356006533,7,0.0
1,2,57.951727393851726,8,0.0
1,2,58.61773388072118,150,0.0
1,2,49.76914848215411,53,0.0
1,0,37.06390662380942,294,0.0
1,1,87.03604092140841,289,0.0
1,2,118.98181481479972,293,0.0
1,3,5.699733169365093,25,0.0
1,0,49.68275054755411,267,0.0
1,2,118.98014654195767,178,0.0
1,1,86.08777468999686,10,0.0
1,2,118.98014654195767,295,0.0
1,2,61.745926190928216,151,0.0
1,2,38.09515188898244,16,0.0
1,0,74.62543604320138,279,0.0
1,2,59.20235286981035,7,0.0
1,1,85.01618746336608,290,0.0
1,0,74.81453161135758,94,0.0
1,1,91.89696068836705,83,0.0
1,0,88.21728673345665,16,0.0
1,3,4.679879711322754,26,0.0
1,2,118.98014654195767,85,0.0
1,1,84.5557838333107,114,0.0
1,2,61.60235080362838,203,0.0
1,2,118.98014654195767,299,0.0
1,2,92.31839131716814,32,0.0
1,2,118.98014654195767,223,0.0
1,2,118.98014654195767,145,0.0
1,3,27.35780602125623,37,0.0
1,2,49.65944732406613,82,0.0
1,1,100.55924667768438,109,0.0
1,2,98.98014654195767,1,0.0
1,1,78.43058705767882,315,0.0
1,2,112.61332595729066,290,0.0
1,2,118.98517151542903,300,0.0
1,2,118.98517151542903,176,0.0
1,3,106.9221495439146,250,0.0
1,2,118.98517151542903,296,0.0
1,2,57.58395939180273,79,0.0
1,2,80.71054272951152,392,0.0
1,2,43.29891475124491,158,0.0
1,2,118.98517151542903,290,0.0
1,1,82.54095534873973,115,0.0
1,2,118.98517151542903,346,0.0
1,2,80.71054272951152,133,0.0
1,2,105.66780907376885,71,0.0
1,2,118.98517151542903,295,0.0
1,2,118.98517151542903,66,0.0
1,2,54.84000717754431,6,0.0
1,2,118.98517151542903,86,0.0
1,1,50.515084327627385,300,0.0
1,2,76.41575857310785,316,0.0
1,3,17.859309241913916,83,0.0
1,2,118.98517151542903,281,0.0
1,2,107.1203616340526,96,0.0
1,2,29.02627871579932,44,0.0
1,2,118.98517151542903,48,0.0
1,2,118.98517151542903,89,0.0
1,2,118.98517151542903,348,0.0
1,2,118.98517151542903,291,0.0
1,2,102.30350606962254,32,0.0
1,3,2.258733553648373,170,0.0
1,2,118.98517151542903,125,0.0
1,3,50.40770297196417,40,0.0
1,1,87.63001238658703,17,0.0
1,2,118.98740652553491,296,0.0
1,1,101.83852487242422,148,0.0
1,2,71.19105872439712,263,0.0
1,2,118.98740652553491,279,0.0
1,2,118.98740652553491,77,0.0
1,0,72.78710965232152,96,0.0
1,2,118.98740652553491,88,0.0
1,2,57.46265131194276,42,0.0
1,2,118.98740652553491,297,0.0
1,2,118.98740652553491,296,0.0
1,2,118.98740652553491,130,0.0
1,2,83.86602080743029,121,0.0
1,0,34.016631206731006,297,0.0
1,2,118.98740652553491,302,0.0
1,2,106.1528790216125,231,0.0
1,1,33.581023798389424,168,0.0
1,2,118.98740652553491,141,0.0
1,0,47.613077287676944,40,0.0
1,2,118.98740652553491,309,0.0
1,2,80.34121762461297,17,0.0
1,0,85.70967425126396,73,0.0
1,2,118.98740652553491,87,0.0
1,0,32.364834341951074,235,0.0
1,2,118.98740652553491,120,0.0
1,2,118.98740652553491,90,0.0
1,2,118.98740652553491,86,0.0
1,3,2.652457752286681,28,0.0
1,2,118.98740652553491,282,0.0
1,1,38.41110165271812,8,0.0
1,0,39.68592785623524,284,0.0
1,2,118.99617536329684,127,0.0
1,2,118.99617536329684,397,0.0
1,2,118.99617536329684,196,0.0
1,2,118.99617536329684,69,0.0
1,2,68.03947420875878,16,0.0
1,2,118.99617536329684,173,0.0
1,2,118.99617536329684,88,0.0
1,0,96.63387389017804,139,0.0
1,2,85.35527960364958,13,0.0
1,2,116.81461702062187,293,0.0
1,2,94.78201899907675,92,0.0
1,2,83.68953583410162,34,0.0
1,2,118.99617536329684,97,0.0
2,0,1.920066680944674,35,0.0
1,2,118.99617536329684,282,0.0
1,0,43.47230319236534,19,0.0
1,2,118.99617536329684,142,0.0
1,2,112.94889994621845,287,0.0
1,2,118.99617536329684,350,0.0
1,2,57.11309058705644,8,0.0
1,2,118.99617536329684,131,0.0
1,2,118.99617536329684,292,0.0
1,2,58.489878626064296,86,0.0
1,1,55.27571588779766,273,0.0
1,2,118.99617536329684,297,0.0
1,2,77.68884198261999,318,0.0
1,3,11.702624559934693,110,0.0
1,2,54.33632712792182,310,0.0
1,2,118.99617536329684,305,0.0
1,2,45.621299300187076,25,0.0
1,2,118.99617536329684,84,0.0
1,1,83.61359427541878,19,0.0
1,2,41.4180785162079,182,0.0
1,2,118.99617536329684,76,0.0
1,0,68.10300159215922,191,0.0
1,2,45.57199816075704,160,0.0
1,2,118.99617536329684,91,0.0
1,0,75.89294095685409,282,0.0
1,2,118.99617536329684,351,0.0
1,2,68.88987816513811,10,0.0
1,2,56.47061288246565,208,0.0
1,0,111.03860578641253,27,0.0
1,0,118.99444523591939,209,0.0
1,0,71.81624203548233,52,0.0
1,2,55.09446750969747,171,0.0
1,2,118.99444523591939,294,0.0
1,2,118.99444523591939,311,0.0
1,1,112.7089407275425,233,0.0
1,2,118.99444523591939,174,0.0
1,1,90.42208251336028,123,0.0
1,2,118.99444523591939,179,0.0
1,2,118.99444523591939,149,0.0
1,2,83.70029485048019,75,0.0
1,0,118.99444523591939,27,0.0
1,2,47.31138218100841,140,0.0
1,0,67.0974468280786,192,0.0
1,2,118.99444523591939,90,0.0
1,2,79.03970872272335,133,0.0
1,1,34.40172225193436,10,0.0
1,2,118.99444523591939,241,0.0
1,2,118.99444523591939,121,0.0
1,2,113.46870894191674,72,0.0
1,2,70.89290273676271,9,0.0
1,2,116.99062059921623,184,0.0
1,2,118.99444523591939,126,0.0
1,2,118.99444523591939,286,0.0
1,0,80.89058233500802,45,0.0
1,2,65.93181104083253,196,0.0
1,1,115.21726246723237,294,0.0
1,2,72.2262860296483,11,0.0
1,2,118.9819673427059,17,0.0
1,2,118.9819673427059,70,0.0
1,1,76.59183156849048,326,0.0
1,2,118.9819673427059,285,0.0
1,2,93.20203299442338,36,0.0
1,2,84.24554924287365,49,0.0
1,2,75.47579838033658,12,0.0
1,2,26.112674172447218,259,0.0
1,0,65.01012737444745,287,0.0
1,3,27.76159418343511,67,0.0
1,2,118.9819673427059,294,0.0
1,2,118.9819673427059,100,0.0
1,2,58.47918996066559,28,0.0
1,2,58.28757906793926,44,0.0
1,1,94.54088868939944,115,0.0
1,2,52.169540858508455,162,0.0
1,2,118.9819673427059,133,0.0
1,2,78.96087787429381,13,0.0
1,0,67.35512088238295,45,0.0
1,2,118.9819673427059,52,0.0
1,2,105.59371806104825,3,0.0
1,0,56.19458733581086,128,0.0
1,2,102.47115720328019,34,0.0
1,2,118.9819673427059,31,0.0
1,2,118.9819673427059,382,0.0
1,2,118.9819673427059,296,0.0
1,2,91.01762147796796,52,0.0
1,2,37.15463398166884,300,0.0
1,2,76.33135814466428,76,0.0
1,1,112.17870450157972,198,0.0
1,1,5.608470661620776,31,0.0
1,2,63.04124914938676,210,0.0
1,2,87.46353900368382,111,0.0
1,2,87.47977764528457,50,0.0
1,2,118.99635823100495,176,0.0
1,2,118.99635823100495,155,0.0
1,0,68.7560558252486,100,0.0
1,2,53.88201844792952,142,0.0
1,2,82.28274291137635,321,0.0
1,2,118.99635823100495,351,0.0
1,2,118.99635823100495,300,0.0
1,2,85.77763047361404,30,0.0
1,2,118.99635823100495,379,0.0
1,2,118.99635823100495,306,0.0
1,2,118.99635823100495,323,0.0
1,2,118.99635823100495,96,0.0
1,2,63.95227291664153,209,0.0
1,2,118.99635823100495,287,0.0
1,2,67.30793874670859,168,0.0
1,2,118.99635823100495,40,0.0
1,0,72.86571176648432,285,0.0
1,1,81.17593403918754,155,0.0
1,0,72.66128941065512,157,0.0
1,2,61.52180747035018,45,0.0
1,2,118.99635823100495,151,0.0
1,2,118.99635823100495,90,0.0
1,2,119.01059421895746,131,0.0
1,2,57.2779559633737,196,0.0
1,3,117.00695244996243,88,0.0
1,1,103.0498940510424,179,0.0
1,2,119.01059421895746,139,0.0
1,1,96.55955557646584,382,0.0
1,2,119.01059421895746,284,0.0
1,2,91.02490946665878,135,0.0
1,2,81.91771103036228,14,0.0
1,3,61.00945544211073,8,0.0
1,2,107.82147434685388,96,0.0
1,2,118.69921984750525,211,0.0
1,1,90.54784113936185,117,0.0
1,2,39.77981786657029,89,0.0
1,2,119.01059421895746,354,0.0
1,1,72.5381271187822,59,0.0
1,2,119.01059421895746,298,0.0
1,2,108.9130698533059,36,0.0
1,0,73.69865410027654,176,0.0
1,2,106.60660297910192,89,0.0
1,2,119.01558079089915,102,0.0
1,2,119.01558079089915,16,0.0
1,2,65.85430247854617,192,0.0
1,2,87.53404425257301,37,0.0
1,2,119.01558079089915,76,0.0
1,2,92.20165000962149,32,0.0
1,3,109.93169843535051,295,0.0
1,1,115.40265942381092,331,0.0
1,2,93.88755853969127,206,0.0
1,2,119.01558079089915,183,0.0
1,2,88.61912581271218,16,0.0
1,2,119.01558079089915,80,0.0
1,2,47.61279817750658,103,0.0
1,2,119.01558079089915,302,0.0
1,1,117.0748413757843,51,0.0
1,2,94.57513636736499,383,0.0
1,2,119.01558079089915,299,0.0
1,2,107.68323925722501,228,0.0
1,2,119.01558079089915,103,0.0
1,3,109.47053905575049,291,0.0
1,2,119.01558079089915,353,0.0
1,2,119.01558079089915,149,0.0
1,2,119.01558079089915,74,0.0
1,2,119.01558079089915,300,0.0
1,1,37.47124901185221,24,0.0
1,2,119.01558079089915,330,0.0
1,2,119.01558079089915,385,0.0
1,2,119.01558079089915,356,0.0
1,2,119.01558079089915,81,0.0
1,2,119.00680966353377,262,0.0
1,0,61.03947027884279,291,0.0
1,2,119.00680966353377,303,0.0
1,2,87.00960488840136,14,0.0
1,2,119.00680966353377,382,0.0
1,2,119.00680966353377,137,0.0
1,1,53.81819049957471,224,0.0
1,2,119.00680966353377,94,0.0
1,1,66.53029272059212,123,0.0
1,0,66.31947832411726,200,0.0
1,2,67.28156452304063,32,0.0
1,2,119.00680966353377,154,0.0
1,2,119.00680966353377,324,0.0
1,2,119.00680966353377,399,0.0
1,2,119.00680966353377,232,0.0
1,2,119.00680966353377,201,0.0
1,3,119.00680966353377,291,0.0
1,1,35.478058675385974,25,0.0
1,2,48.15871362564612,24,0.0
1,2,103.06737281898148,40,0.0
1,2,119.00680966353377,187,0.0
1,2,119.00680966353377,58,0.0
1,2,119.00680966353377,54,0.0
1,2,119.00680966353377,35,0.0
1,1,2.6414553350111736,34,0.0
1,2,119.00680966353377,331,0.0
1,2,119.00680966353377,43,0.0
1,2,110.8052856059351,229,0.0
1,2,98.74729188485978,24,0.0
1,2,119.00680966353377,133,0.0
1,2,73.46633280420885,290,0.0
1,2,119.014051962683,200,0.0
1,1,53.675024738779506,177,0.0
1,2,119.014051962683,155,0.0
1,2,48.42150566636636,81,0.0
1,2,119.014051962683,141,0.0
1,2,119.014051962683,327,0.0
1,1,84.58428355647777,120,0.0
1,1,117.38900127350915,64,0.0
1,3,45.48333291506588,9,0.0
1,2,119.014051962683,299,0.0
1,1,100.88333847790629,385,0.0
1,2,52.59582180687377,97,0.0
1,2,119.014051962683,208,0.0
1,2,119.014051962683,128,0.0
1,1,25.226022990211607,38,0.0
1,2,119.014051962683,8,0.0
1,1,21.61792108040702,53,0.0
1,2,119.014051962683,178,0.0
1,2,119.014051962683,75,0.0
1,2,119.014051962683,138,0.0
1,0,34.68286411269083,57,0.0
1,2,112.04878439382044,26,0.0
1,2,74.88661073127933,50,0.0
1,2,111.1246638607155,297,0.0
1,2,119.014051962683,303,0.0
1,2,53.92100028804788,105,0.0
1,2,49.144864016010985,54,0.0
1,0,60.05352224152578,292,0.0
1,2,119.014051962683,94,0.0
1,1,104.2257411376531,202,0.0
1,2,119.014051962683,96,0.0
1,2,86.71978705741786,88,0.0
1,2,42.41322431796896,208,0.0
1,2,119.01020126820727,67,0.0
1,1,105.38387822069012,183,0.0
1,0,51.86652961671601,3,0.0
1,1,20.43728572992586,17,0.0
1,1,104.81064450290233,157,0.0
1,2,53.34796619797431,21,0.0
1,2,72.68196724232426,278,0.0
1,2,102.73501102784121,37,0.0
1,2,77.79471283189139,216,0.0
1,2,119.01020126820727,245,0.0
1,3,85.39371946017857,302,0.0
1,2,119.01020126820727,96,0.0
1,2,119.01020126820727,76,0.0
1,2,119.01020126820727,303,0.0
1,1,7.4492315217219405,23,0.0
1,2,53.534652774812066,13,0.0
1,0,76.77873849883758,93,0.0
1,0,73.07499622763852,217,0.0
1,2,119.01020126820727,105,0.0
1,2,119.01020126820727,305,0.0
1,2,119.01020126820727,268,0.0
1,2,50.2118899818739,101,0.0
1,2,88.48630917411319,65,0.0
1,1,111.05723790428065,106,0.0
1,2,119.01020126820727,215,0.0
1,2,119.01020126820727,204,0.0
1,1,43.4746061370694,292,0.0
1,2,53.235928450483726,305,0.0
1,2,119.01020126820727,15,0.0
1,2,119.01020126820727,157,0.0
1,2,86.72512807073333,174,0.0
1,2,55.10647334384237,83,0.0
1,2,119.0240047209117,143,0.0
1,2,119.0240047209117,130,0.0
1,2,119.0240047209117,216,0.0
1,1,57.58821240733537,319,0.0
1,0,72.09900094855023,218,0.0
1,0,104.57759854626163,49,0.0
1,2,96.88072832770858,17,0.0
1,2,49.48973293108545,191,0.0
1,2,119.0240047209117,20,0.0
1,2,107.28115355823738,241,0.0
1,1,41.498610857981106,293,0.0
1,0,88.58322876726821,203,0.0
1,2,119.0240047209117,159,0.0
1,3,41.517538904184846,11,0.0
1,0,63.875810234385554,60,0.0
1,2,91.40967591463017,82,0.0
1,2,102.39877507362671,28,0.0
1,0,100.36756850387998,186,0.0
1,2,64.11203025849802,51,0.0
1,2,119.0240047209117,303,0.0
1,2,119.0240047209117,158,0.0
1,1,29.52631662718793,28,0.0
1,0,35.94122641137764,266,0.0
1,2,110.002618029667,27,0.0
1,2,102.22943460132343,387,0.0
1,2,119.0240047209117,144,0.0
1,2,119.0240047209117,308,0.0
1,2,105.07434212764012,29,0.0
1,2,119.0240047209117,43,0.0
1,2,119.0240047209117,157,0.0
1,2,70.53138817031531,34,0.0
1,2,63.324745385363315,41,0.0
1,1,52.84281053394741,282,0.0
1,2,119.0240047209117,180,0.0
1,2,119.0240047209117,314,0.0
1,1,38.84002013560626,311,0.0
1,2,117.03420598911897,192,0.0
1,2,119.0206980758954,302,0.0
1,2,119.0206980758954,329,0.0
1,1,47.729928803793875,180,0.0
1,3,18.87473052591763,30,0.0
1,2,119.0206980758954,217,0.0
1,2,119.0206980758954,308,0.0
1,2,119.0206980758954,94,0.0
1,2,61.80595338728348,228,0.0
1,2,119.0206980758954,295,0.0
1,3,119.0206980758954,193,0.0
1,2,84.7281027550884,182,0.0
1,2,119.0206980758954,297,0.0
1,2,119.0206980758954,203,0.0
1,0,34.80967149163539,308,0.0
1,2,119.0206980758954,302,0.0
1,2,119.0206980758954,294,0.0
1,2,58.395216591392135,84,0.0
1,2,108.48356304518856,37,0.0
1,2,110.16947157525834,118,0.0
1,3,51.309497349026216,50,0.0
1,2,119.0206980758954,250,0.0
1,2,116.22723950583847,44,0.0
1,0,33.46485584416653,240,0.0
1,0,47.54980343091074,3,0.0
1,2,60.15929087757171,15,0.0
1,2,72.69480153274431,137,0.0
1,2,119.02752437913036,35,0.0
1,2,119.02752437913036,305,0.0
1,2,119.02752437913036,100,0.0
1,1,100.0550917795054,24,0.0
1,2,116.205379136185,299,0.0
1,2,119.02752437913036,296,0.0
1,2,62.39198076755384,96,0.0
1,2,119.02752437913036,359,0.0
1,2,102.66021932400544,297,0.0
1,2,71.22869377456067,161,0.0
1,2,49.59466108031689,103,0.0
1,2,119.02752437913036,303,0.0
1,2,119.02752437913036,237,0.0
1,2,106.24423633116517,63,0.0
1,1,115.46018003095713,92,0.0
1,2,119.02752437913036,336,0.0
1,0,78.1190108464294,96,0.0
1,1,119.02752437913036,303,0.0
1,2,119.02752437913036,309,0.0
1,2,61.71316332531329,128,0.0
1,2,119.02752437913036,309,0.0
1,2,92.62269653248241,206,0.0
1,2,119.02752437913036,131,0.0
1,2,113.28338615228215,119,0.0
1,2,119.02752437913036,212,0.0
1,3,96.5883392080827,263,0.0
1,2,119.02752437913036,49,0.0
1,2,119.02752437913036,303,0.0
1,2,119.025800360153,132,0.0
1,0,24.600339442366682,31,0.0
1,0,72.86720697050471,19,0.0
1,3,18.311062380962003,77,0.0
1,2,119.025800360153,108,0.0
1,2,55.16175104582349,297,0.0
1,2,68.48661141179304,147,0.0
1,2,119.025800360153,308,0.0
1,2,33.015249226556385,269,0.0
1,1,55.57292869382208,40,0.0
1,2,96.06032500392608,276,0.0
1,3,14.928055265200976,32,0.0
1,2,119.025800360153,306,0.0
1,2,119.025800360153,155,0.0
1,3,66.03981682599688,19,0.0
1,2,75.73603603649298,218,0.0
1,0,13.53531326601631,21,0.0
1,0,75.74962816315704,138,0.0
1,2,117.05332473928335,304,0.0
1,2,52.649487710729616,104,0.0
1,1,116.13725507455746,58,0.0
1,2,119.025800360153,331,0.0
1,2,90.58809214208756,38,0.0
1,2,119.025800360153,305,0.0
1,2,119.025800360153,99,0.0
1,2,119.025800360153,50,0.0
1,2,119.025800360153,268,0.0
1,0,72.27066309026141,166,0.0
1,0,51.34419726501219,189,0.0
1,2,119.025800360153,147,0.0
1,2,69.48312451559087,54,0.0
1,2,119.025800360153,27,0.0
1,2,71.31060655974494,85,0.0
1,2,119.025800360153,185,0.0
1,2,82.7566922269406,151,0.0
1,2,119.01503663382161,239,0.0
1,2,117.04083699397461,303,0.0
1,2,119.01503663382161,206,0.0
1,3,33.6065983531852,15,0.0
1,2,103.14624092320929,4,0.0
1,2,119.01503663382161,305,0.0
1,1,12.550349899837919,22,0.0
1,2,119.01503663382161,100,0.0
1,2,41.798290176898824,183,0.0
1,2,119.01503663382161,108,0.0
1,2,117.6954960903959,40,0.0
1,1,113.62968775048276,100,0.0
1,2,119.01503663382161,42,0.0
1,2,119.01503663382161,308,0.0
1,2,119.01503663382161,298,0.0
1,2,119.01503663382161,106,0.0
1,1,67.81118179349683,130,0.0
1,2,119.01503663382161,63,0.0
1,2,119.01503663382161,389,0.0
1,2,119.01503663382161,155,0.0
1,2,119.01503663382161,293,0.0
1,0,79.90309384201655,295,0.0
1,3,119.01503663382161,196,0.0
1,2,92.65197677444196,296,0.0
1,2,61.77122348592226,31,0.0
1,2,88.51853839029124,283,0.0
1,3,114.20965563601278,302,0.0
1,0,81.57635926529709,160,0.0
1,3,16.326099014783612,78,0.0
1,2,119.01503663382161,104,0.0
1,2,49.960896253207494,286,0.0
1,1,97.77957183957366,33,0.0
1,2,119.02369214529223,332,0.0
1,2,101.84413310499319,2,0.0
1,2,119.02369214529223,12,0.0
1,1,10.574042045130152,23,0.0
1,2,70.57372995273019,342,0.0
1,2,65.83487393878906,131,0.0
1,2,119.02369214529223,21,0.0
1,3,14.349791160075846,79,0.0
1,2,95.63979871650226,47,0.0
1,2,119.02369214529223,111,0.0
1,2,119.02369214529223,117,0.0
1,3,41.64185694930792,7,0.0
1,2,92.08062007893936,18,0.0
1,2,49.38292604412603,191,0.0
1,0,80.53219723585457,307,0.0
1,0,78.92678598730878,296,0.0
1,2,119.02369214529223,298,0.0
1,2,113.45698887070094,24,0.0
1,2,119.02369214529223,251,0.0
1,2,119.02369214529223,311,0.0
1,0,42.1504117570842,192,0.0
1,2,58.521776019672,106,0.0
1,2,73.77028098695266,208,0.0
1,2,77.59376126815023,140,0.0
1,1,60.014101369134785,196,0.0
1,0,23.82982169610239,64,0.0
1,1,94.11962091877224,27,0.0
1,2,70.90593574961855,21,0.0
1,2,119.02369214529223,310,0.0
1,2,80.53219723585457,78,0.0
1,2,119.02369214529223,139,0.0
1,2,119.02369214529223,274,0.0
1,2,119.02369214529223,306,0.0
1,0,85.861160934244,39,0.0
1,2,105.1080066697177,72,0.0
1,1,108.25604702168414,49,0.0
1,2,119.01882826664075,312,0.0
1,2,54.66875998040132,312,0.0
1,2,107.59156381357822,141,0.0
1,2,64.34121836548482,132,0.0
1,0,119.01882826664075,146,0.0
1,0,63.961590965870904,202,0.0
1,3,60.449173436848284,6,0.0
1,1,8.592870311770898,24,0.0
1,2,119.01882826664075,30,0.0
1,3,6.592870311770898,24,0.0
1,0,56.247463295527275,300,0.0
1,2,119.01882826664075,193,0.0
1,2,119.01882826664075,300,0.0
1,2,119.01882826664075,298,0.0
1,2,100.77239631775534,222,0.0
1,2,119.01882826664075,103,0.0
1,2,119.01882826664075,141,0.0
1,2,119.01882826664075,309,0.0
1,2,99.01882826664075,1,0.0
1,2,52.79287533821477,10,0.0
1,2,61.50596110008713,107,0.0
1,2,113.19166160042782,24,0.0
1,2,83.54898575013303,128,0.0
1,0,99.01882826664075,1,0.0
1,2,58.53067433928686,222,0.0
1,3,8.985612310955567,35,0.0
1,2,119.01882826664075,53,0.0
1,2,69.95575905629549,77,0.0
1,2,60.542824494625364,217,0.0
1,2,119.01224020802384,159,0.0
1,2,119.01224020802384,53,0.0
1,2,119.01224020802384,199,0.0
1,2,61.53530617771456,223,0.0
1,1,21.86089017076698,66,0.0
1,1,70.2143020874205,208,0.0
1,2,107.83295002383602,4,0.0
1,1,96.48620736825167,36,0.0
1,2,48.264690468206716,42,0.0
1,2,119.01224020802384,306,0.0
1,0,58.521654341344224,147,0.0
1,2,47.43373890094506,300,0.0
1,1,73.63875691845251,326,0.0
1,2,96.39382060918311,138,0.0
1,2,119.01224020802384,252,0.0
1,0,57.67339181882902,313,0.0
1,2,103.733224064801,211,0.0
1,3,52.83497129439181,51,0.0
1,2,119.01224020802384,308,0.0
1,2,99.01224020802384,1,0.0
1,2,119.01224020802384,341,0.0
1,0,48.521654341344224,2,0.0
1,2,119.01224020802384,251,0.0
1,2,72.18214260063853,11,0.0
1,2,65.56764750567662,9,0.0
1,2,119.01224020802384,301,0.0
1,2,94.08541093130775,128,0.0
1,2,87.59714126427819,222,0.0
1,2,59.41101681545108,7,0.0
1,2,109.05742873302289,102,0.0
1,2,97.33645178030565,286,0.0
1,2,86.7190991427423,18,0.0
1,0,47.00375692323262,149,0.0
1,2,70.22857792055163,66,0.0
1,2,115.6109933140408,90,0.0
1,2,79.44527458821213,345,0.0
1,2,83.53674903281433,169,0.0
1,0,39.89262927519006,274,0.0
1,2,82.73042275442597,86,0.0
1,3,99.00866645125231,1,0.0
1,2,57.893856518898005,8,0.0
1,2,119.00866645125231,393,0.0
1,2,119.00866645125231,397,0.0
1,2,119.00866645125231,164,0.0
1,2,119.00866645125231,112,0.0
1,2,119.00866645125231,319,0.0
1,2,85.43838505756213,310,0.0
1,0,54.02829675459505,68,0.0
1,2,119.00866645125231,137,0.0
1,2,64.35062934378766,65,0.0
1,2,119.00866645125231,316,0.0
1,2,119.00866645125231,28,0.0
1,0,72.22327491161315,102,0.0
1,0,26.144431895314128,313,0.0
1,2,119.00866645125231,336,0.0
1,2,119.00866645125231,115,0.0
1,2,119.00866645125231,120,0.0
1,2,72.63163633786878,341,0.0
1,2,118.99669711816463,102,0.0
1,2,61.85478915692576,34,0.0
1,2,113.47411046295906,6,0.0
1,2,65.05217725457412,9,0.0
1,2,118.99669711816463,258,0.0
1,2,118.99669711816463,316,0.0
1,2,86.98539018249912,60,0.0
1,2,118.99669711816463,143,0.0
1,3,97.00536356941694,2,0.0
1,1,106.55353284470935,99,0.0
1,2,118.99669711816463,312,0.0
1,2,61.4386676157655,13,0.0
1,2,118.99669711816463,167,0.0
1,2,90.28449550725787,50,0.0
1,2,69.02165382926115,107,0.0
1,2,58.50103034379079,27,0.0
1,2,118.99669711816463,366,0.0
1,2,118.99669711816463,42,0.0
1,2,70.54571752203252,236,0.0
1,3,23.666722542558972,20,0.0
1,2,109.96740402376746,309,0.0
1,1,104.44419238376514,37,0.0
1,2,85.77165424371233,43,0.0
1,0,60.9791947433117,205,0.0
1,2,118.99669711816463,121,0.0
1,1,87.4372859690954,213,0.0
1,2,118.99669711816463,315,0.0
1,2,118.99669711816463,338,0.0
1,1,97.27324544398687,140,0.0
1,0,16.675500265562064,37,0.0
1,2,118.99669711816463,55,0.0
1,2,69.64412048786946,328,0.0
1,2,69.23293692070064,12,0.0
1,2,66.1839849337484,219,0.0
1,1,116.99755364721945,90,0.0
1,2,119.00085652905481,96,0.0
1,2,119.00085652905481,304,0.0
1,2,119.00085652905481,220,0.0
1,2,119.00085652905481,245,0.0
1,2,119.00085652905481,161,0.0
1,2,119.00085652905481,17,0.0
1,2,54.25822053509108,189,0.0
1,2,119.00085652905481,31,0.0
1,2,119.00085652905481,321,0.0
1,2,72.83203673393879,111,0.0
1,2,119.00085652905481,337,0.0
1,2,69.85674997313853,212,0.0
1,2,88.45193760001328,44,0.0
1,2,67.73246061087507,10,0.0
1,2,84.883990666997,347,0.0
1,2,96.54178732253786,19,0.0
1,2,119.00085652905481,313,0.0
1,0,37.89018292240951,276,0.0
1,2,56.09149135666713,184,0.0
1,2,95.25416307104271,39,0.0
1,2,119.00085652905481,115,0.0
1,2,119.00085652905481,150,0.0
1,1,119.00085652905481,345,0.0
1,2,119.00085652905481,311,0.0
1,2,119.00085652905481,322,0.0
1,3,119.00085652905481,305,0.0
1,0,66.09501436881925,226,0.0
1,2,73.01849890016157,173,0.0
1,2,53.68804878101683,214,0.0
1,2,119.00085652905481,344,0.0
1,2,119.00085652905481,197,0.0
1,2,119.00085652905481,169,0.0
1,2,119.00085652905481,399,0.0
1,2,119.00085652905481,339,0.0
1,2,119.00085652905481,318,0.0
1,2,58.208368495850564,66,0.0
1,2,104.80317657372132,271,0.0
1,1,93.32868424868451,194,0.0
1,0,87.8744618969509,27,0.0
1,2,59.303941334972066,53,0.0
1,2,113.4289065983623,46,0.0
1,2,119.0048465644902,317,0.0
1,3,3.4036664009486493,130,0.0
1,2,119.0048465644902,54,0.0
1,2,119.0048465644902,317,0.0
1,2,114.75673738467255,227,0.0
1,1,90.64768970942379,304,0.0
1,0,119.0048465644902,146,0.0
1,2,119.0048465644902,198,0.0
1,2,59.244399696696235,46,0.0
1,2,66.20530696834277,28,0.0
1,2,54.53272100430618,151,0.0
1,2,101.65912196212037,2,0.0
1,1,117.00570309354501,312,0.0
1,2,119.0048465644902,312,0.0
1,0,56.12068074273727,27,0.0
1,2,70.3292504086606,330,0.0
1,2,119.0048465644902,117,0.0
1,2,80.93546828478502,81,0.0
1,0,45.503861703848415,97,0.0
1,2,119.0048465644902,201,0.0
1,2,119.0048465644902,170,0.0
1,0,87.89527404752654,214,0.0
1,2,113.86987732001639,63,0.0
1,0,72.92343555276888,49,0.0
1,2,119.0048465644902,340,0.0
1,1,115.00240021170964,91,0.0
1,2,119.0048465644902,312,0.0
1,2,87.44775763273033,338,0.0
1,2,70.39072604394062,11,0.0
1,2,119.0048465644902,191,0.0
1,2,119.0048465644902,193,0.0
1,0,91.3335308131747,195,0.0
1,2,119.01142569990876,350,0.0
1,2,119.01142569990876,346,0.0
1,2,119.01142569990876,339,0.0
1,2,65.87271508377165,16,0.0
1,2,119.01142569990876,146,0.0
1,3,46.51547735253609,4,0.0
1,2,119.01142569990876,59,0.0
1,3,6.360544617021051,49,0.0
1,2,119.01142569990876,33,0.0
1,2,119.01142569990876,318,0.0
1,2,119.01142569990876,173,0.0
1,2,119.01142569990876,48,0.0
1,2,119.01142569990876,71,0.0
1,1,113.7722244182008,111,0.0
1,2,119.01142569990876,168,0.0
1,0,44.51528740375718,98,0.0
1,0,95.92385420401702,41,0.0
1,2,119.01142569990876,98,0.0
1,2,119.01142569990876,164,0.0
1,0,84.34016679577864,34,0.0
1,3,17.683851336012733,23,0.0
1,2,66.58849668037229,30,0.0
1,1,69.40719785380647,345,0.0
1,2,119.01142569990876,124,0.0
1,1,89.19961084630003,107,0.0
1,2,119.01142569990876,204,0.0
1,2,72.25028111704877,317,0.0
1,1,64.89021331886657,213,0.0
1,2,119.01142569990876,256,0.0
1,2,119.01142569990876,112,0.0
1,2,119.01142569990876,110,0.0
1,2,119.01142569990876,320,0.0
1,1,107.93676434593614,399,0.0
1,2,61.4986743369477,186,0.0
1,2,60.252969199842354,109,0.0
1,0,45.79951866366768,168,0.0
1,0,70.98063425508347,304,0.0
1,2,119.0002874302394,149,0.0
1,2,119.0002874302394,164,0.0
1,0,37.64423446435413,279,0.0
1,3,45.515764782775484,5,0.0
1,0,70.93514868291703,51,0.0
1,1,46.73841533325869,324,0.0
1,1,85.4633969235724,162,0.0
1,2,119.0002874302394,321,0.0
1,0,67.23738825347094,107,0.0
1,0,21.740885578388703,232,0.0
1,2,119.0002874302394,20,0.0
1,2,119.0002874302394,314,0.0
1,2,119.0002874302394,342,0.0
1,2,115.01655969463835,79,0.0
1,2,119.0002874302394,305,0.0
1,1,10.88366996387709,72,0.0
1,1,62.89050074910597,214,0.0
1,2,47.40801434610806,197,0.0
1,2,119.0002874302394,130,0.0
1,1,115.52064525089918,171,0.0
1,2,47.304429888774976,119,0.0
1,2,119.0002874302394,262,0.0
1,2,72.0905088539416,54,0.0
1,1,105.93705177617554,400,0.0
1,2,119.0002874302394,332,0.0
1,1,67.24256057297181,240,0.0
1,2,119.0002874302394,305,0.0
1,2,91.21636412479643,18,0.0
1,2,57.115773789969786,162,0.0
1,2,52.69093942283151,183,0.0
1,2,77.55587586550213,319,0.0
1,2,118.99195340296386,315,0.0
1,2,118.99195340296386,21,0.0
1,2,95.4592845507718,97,0.0
1,0,27.78717616460191,64,0.0
1,2,107.25456505127178,23,0.0
1,2,105.5552356788553,87,0.0
1,2,118.99195340296386,371,0.0
1,2,118.99195340296386,47,0.0
1,3,26.68765862004649,16,0.0
1,2,118.99195340296386,57,0.0
1,2,118.99195340296386,82,0.0
1,2,83.45535032653626,163,0.0
1,2,118.99195340296386,91,0.0
1,2,118.99195340296386,165,0.0
1,2,92.19148234531302,30,0.0
1,2,118.99195340296386,34,0.0
1,2,118.99195340296386,114,0.0
1,2,118.99195340296386,263,0.0
1,0,33.19621342782277,201,0.0
1,2,103.67755659229275,55,0.0
1,2,118.99195340296386,218,0.0
1,2,112.93995307109499,80,0.0
1,2,80.56952770187246,111,0.0
1,2,118.99195340296386,206,0.0
1,2,118.99195340296386,61,0.0
1,2,96.42047497107872,25,0.0
1,2,118.99195340296386,320,0.0
1,2,112.3897582031995,6,0.0
1,3,48.47460858076947,2,0.0
1,3,37.495151953747275,9,0.0
1,2,118.97863187928755,320,0.0
1,1,7.854255246128494,74,0.0
1,3,42.484721694644655,5,0.0
1,2,94.54153435065392,105,0.0
1,2,60.93579985869553,31,0.0
1,1,33.63609102296203,52,0.0
1,2,79.99957860611411,320,0.0
1,2,118.97863187928755,309,0.0
1,2,97.90298729138378,98,0.0
1,2,101.60841806935919,49,0.0
1,0,82.61066236703803,68,0.0
1,1,97.94597266901069,342,0.0
1,2,59.85986828711541,294,0.0
1,1,62.83088289855943,194,0.0
1,2,73.5302948711676,18,0.0
1,2,118.97863187928755,195,0.0
1,2,118.97863187928755,43,0.0
1,2,118.97863187928755,28,0.0
1,2,100.82635101249475,42,0.0
1,0,67.89977810387205,71,0.0
1,2,118.97863187928755,321,0.0
1,2,85.99795164581575,247,0.0
1,2,92.06706114070657,42,0.0
1,2,118.97863187928755,321,0.0
1,2,80.4276267602056,16,0.0
1,2,118.97863187928755,316,0.0
1,2,118.98923995091361,160,0.0
1,2,40.6982405664237,327,0.0
1,2,82.84862850229526,17,0.0
1,2,111.06730486990678,277,0.0
1,2,118.98923995091361,322,0.0
1,0,18.700710811553716,235,0.0
1,1,90.42143384062332,44,0.0
1,2,118.98923995091361,121,0.0
1,3,112.10109475617492,315,0.0
1,2,72.2231581133421,58,0.0
1,1,99.51096730779483,71,0.0
1,0,58.47855589055738,285,0.0
1,2,118.98923995091361,159,0.0
1,2,118.98923995091361,150,0.0
1,2,118.98923995091361,305,0.0
1,0,54.225426043782534,234,0.0
1,2,22.131368709721094,309,0.0
1,1,102.09780852005379,59,0.0
1,2,100.46147287843256,353,0.0
1,3,118.98923995091361,310,0.0
1,1,95.9352126199243,343,0.0
1,2,71.3267357072581,54,0.0
1,0,59.726334388231884,322,0.0
1,2,118.98923995091361,116,0.0
1,1,65.44064885705961,80,0.0
1,2,118.98923995091361,313,0.0
1,1,105.69306427212052,88,0.0
1,3,39.47559001594049,8,0.0
1,2,118.98923995091361,265,0.0
1,2,106.45458334778256,318,0.0
1,2,118.98923995091361,103,0.0
1,3,35.48439190466088,10,0.0
1,2,118.98923995091361,145,0.0
1,0,91.95537016579546,39,0.0
1,1,101.28517945378036,27,0.0
1,0,104.02941981144885,50,0.0
1,2,67.4519377826762,156,0.0
1,2,93.85468506315503,86,0.0
1,2,82.61738733311243,42,0.0
1,2,118.9925740869329,312,0.0
1,0,63.694125993528935,213,0.0
1,2,70.70677925668278,11,0.0
1,0,33.596633784452045,283,0.0
1,1,93.9277867068572,344,0.0
1,3,52.86810519493175,66,0.0
1,2,118.9925740869329,60,0.0
1,1,95.38444854151336,5,0.0
1,2,118.9925740869329,112,0.0
1,2,60.98338849900754,69,0.0
1,1,102.74253722682062,6,0.0
1,2,118.9925740869329,94,0.0
1,1,111.93811543232154,175,0.0
1,2,118.9925740869329,309,0.0
1,2,72.76897577816152,350,0.0
1,2,118.9925740869329,157,0.0
1,2,65.86163420923533,33,0.0
1,3,33.476965991593794,11,0.0
1,2,68.45130888018696,318,0.0
1,2,87.92515607491997,310,0.0
1,2,118.9925740869329,323,0.0
1,2,53.460883433989764,103,0.0
1,2,118.9925740869329,173,0.0
1,2,54.842900069203885,218,0.0
1,3,22.371206829659045,30,0.0
1,3,1.3132313673583729,54,0.0
1,2,84.29201467054932,37,0.0
1,2,79.26362851997744,36,0.0
1,2,60.518800305282554,10,0.0
1,2,67.03450810302125,234,0.0
1,2,96.35951767160519,87,0.0
1,2,118.9925740869329,308,0.0
1,2,118.9925740869329,315,0.0
1,2,72.92810103944751,114,0.0
1,2,67.86128698697152,310,0.0
1,1,56.81531034555753,197,0.0
1,2,119.00261340915158,234,0.0
1,3,46.48283636771861,4,0.0
1,3,112.21422328383247,319,0.0
1,2,119.00261340915158,174,0.0
1,2,108.28781176600403,45,0.0
1,2,119.00261340915158,310,0.0
1,3,51.220613539867024,236,0.0
1,2,119.00261340915158,135,0.0
1,1,97.28036694986484,29,0.0
1,2,109.2871016578574,162,0.0
1,2,47.360822074981755,221,0.0
1,2,119.00261340915158,319,0.0
1,2,84.1649827581324,35,0.0
1,2,63.05442670825201,11,0.0
1,2,81.7992549229469,36,0.0
1,2,43.11903899355379,209,0.0
1,2,101.52820048990236,2,0.0
1,2,119.00261340915158,84,0.0
1,2,119.00261340915158,309,0.0
1,3,34.47034924749757,10,0.0
1,0,52.7400933764025,124,0.0
1,1,119.00261340915158,117,0.0
1,1,86.20018252112406,113,0.0
1,2,93.38706195066494,6,0.0
1,3,34.47200068841526,9,0.0
1,2,93.45941239932502,250,0.0
1,2,85.15301373608189,43,0.0
1,0,40.710374841646185,159,0.0
1,0,62.696739402680514,214,0.0
1,0,86.82764107351878,38,0.0
1,2,119.00261340915158,53,0.0
1,2,119.00261340915158,311,0.0
1,2,119.00261340915158,356,0.0
1,2,62.47797357139304,203,0.0
1,2,118.99954784879638,347,0.0
1,3,44.482384216514994,5,0.0
1,1,117.00216125794796,85,0.0
1,2,118.99954784879638,55,0.0
1,0,95.97608617298728,7,0.0
1,1,118.99954784879638,85,0.0
1,2,118.99954784879638,265,0.0
1,2,93.06371541831605,116,0.0
1,2,87.1604680792266,60,0.0
1,2,92.07123373522687,229,0.0
1,2,118.99954784879638,155,0.0
1,0,69.1392885275623,292,0.0
1,2,47.89548305565369,306,0.0
1,2,56.285947213314515,175,0.0
1,0,98.99954784879638,1,0.0
1,2,103.33417485829453,8,0.0
1,2,90.05006358194572,62,0.0
1,2,83.6724975486686,23,0.0
1,2,118.99954784879638,223,0.0
1,2,69.2647424798488,154,0.0
1,2,49.56031877160716,6,0.0
1,0,40.27817546709498,219,0.0
1,2,79.85264134708405,61,0.0
1,2,58.50085455337217,377,0.0
1,2,48.447119886083705,89,0.0
1,2,118.99954784879638,348,0.0
1,1,84.96627370819404,8,0.0
1,1,30.765545850504452,258,0.0
1,3,27.471594566314085,14,0.0
1,3,33.45587972178448,11,0.0
1,0,77.56956563558462,160,0.0
1,2,118.99246731677232,55,0.0
1,2,108.20623844940117,321,0.0
1,2,71.77303204077158,201,0.0
1,2,118.99246731677232,63,0.0
1,2,118.99246731677232,176,0.0
1,2,106.1986964604065,24,0.0
1,1,84.60675890013731,322,0.0
1,2,89.24215159962121,37,0.0
1,1,87.92241528157749,347,0.0
1,1,25.82033798808141,75,0.0
1,2,79.70434120105499,110,0.0
1,2,118.99246731677232,156,0.0
1,0,62.84782713435319,64,0.0
1,2,66.19584215817508,122,0.0
1,2,118.99246731677232,113,0.0
1,0,84.8998631516587,155,0.0
1,3,116.68925542042105,281,0.0
1,2,118.99246731677232,312,0.0
1,2,78.31957450114105,14,0.0
1,2,118.99246731677232,58,0.0
1,2,72.93845582846033,312,0.0
1,2,43.70053053264845,211,0.0
1,3,114.99462857472028,317,0.0
1,2,38.297646082513445,198,0.0
1,2,118.99246731677232,326,0.0
1,2,118.99246731677232,53,0.0
1,2,45.08095934733167,12,0.0
1,2,118.99246731677232,210,0.0
1,2,118.99246731677232,321,0.0
1,2,74.5657802712245,162,0.0
1,2,115.54445418471741,320,0.0
1,2,78.27434289949387,194,0.0
1,1,118.99246731677232,309,0.0
1,2,118.99246731677232,116,0.0
1,2,118.99246731677232,118,0.0
1,1,71.29661734669968,353,0.0
1,2,60.93650027082182,49,0.0
1,2,101.49394705542088,357,0.0
1,2,116.98724233342506,213,0.0
1,2,80.91216345923763,15,0.0
1,2,84.0369525182631,59,0.0
1,2,118.99477501665274,133,0.0
1,2,118.99477501665274,49,0.0
1,0,57.26284770751099,300,0.0
1,1,112.98940359137302,120,0.0
1,2,118.99477501665274,237,0.0
1,2,103.95499302177707,79,0.0
1,2,118.99477501665274,322,0.0
1,2,118.99477501665274,231,0.0
1,2,118.99477501665274,270,0.0
1,2,101.12917019891042,253,0.0
1,2,118.99477501665274,333,0.0
1,2,118.99477501665274,106,0.0
1,2,118.99477501665274,328,0.0
1,0,55.329216941102594,230,0.0
1,1,95.38945503465148,225,0.0
1,2,118.99477501665274,89,0.0
1,2,118.99477501665274,165,0.0
1,2,118.99477501665274,107,0.0
1,0,83.6271515115927,74,0.0
1,3,44.85750878630477,70,0.0
1,0,42.03976056803448,9,0.0
1,2,114.98679018222144,87,0.0
1,2,91.36469905585685,120,0.0
1,2,118.99477501665274,335,0.0
1,2,118.99477501665274,94,0.0
1,2,102.17679032354117,23,0.0
1,1,90.98197767830592,5,0.0
1,2,118.99477501665274,324,0.0
1,3,110.98197767830592,317,0.0
1,3,112.98940359137302,318,0.0
1,1,55.6494343457672,248,0.0
1,2,99.98963620800268,119,0.0
1,1,91.26715713208628,32,0.0
1,2,118.99014723427645,315,0.0
1,0,57.04125084553086,39,0.0
1,0,65.05386119352987,316,0.0
1,2,66.35557832520885,108,0.0
1,2,118.99014723427645,379,0.0
1,1,75.59279118528364,341,0.0
1,2,118.99014723427645,328,0.0
1,2,118.99014723427645,109,0.0
1,2,118.99014723427645,90,0.0
1,2,118.99014723427645,83,0.0
1,1,78.94366327589555,11,0.0
1,2,89.95353435002427,238,0.0
1,0,58.6736768191784,218,0.0
1,1,38.88038227488647,200,0.0
1,2,118.99014723427645,204,0.0
1,2,118.99014723427645,69,0.0
1,2,87.56314397473551,57,0.0
1,2,118.99014723427645,173,0.0
1,2,67.06204590697813,181,0.0
1,2,118.99014723427645,104,0.0
1,2,106.37590913392354,263,0.0
1,0,64.05599147924181,178,0.0
1,2,97.82010784787302,327,0.0
1,3,10.627655362830025,24,0.0
1,2,118.99014723427645,329,0.0
1,2,118.99014723427645,314,0.0
1,2,118.99014723427645,13,0.0
1,2,118.99014723427645,334,0.0
1,2,8.81333383694421,62,0.0
1,2,118.97821355180925,37,0.0
1,2,86.23586020701663,197,0.0
1,2,118.97821355180925,130,0.0
1,1,110.49702015199033,130,0.0
1,2,118.97821355180925,174,0.0
1,2,118.97821355180925,136,0.0
1,2,118.97821355180925,123,0.0
1,3,8.605868914639276,25,0.0
1,2,118.97821355180925,153,0.0
1,2,118.97821355180925,213,0.0
1,2,114.56688663891393,7,0.0
1,0,6.67907701466426,268,0.0
1,2,58.45468647023062,13,0.0
1,2,84.02562143216798,324,0.0
1,2,118.97821355180925,210,0.0
1,2,118.97821355180925,110,0.0
1,2,31.32808635288549,210,0.0
1,2,118.97821355180925,152,0.0
1,1,115.65431442269492,89,0.0
1,2,118.97821355180925,258,0.0
1,2,118.97821355180925,158,0.0
1,2,87.66585850857774,113,0.0
1,2,118.97821355180925,325,0.0
1,2,118.97821355180925,361,0.0
1,2,118.97821355180925,84,0.0
1,2,118.97821355180925,33,0.0
1,2,117.0683851113448,8,0.0
1,3,24.425928480332118,15,0.0
1,2,107.54571867296734,25,0.0
1,2,118.97821355180925,43,0.0
1,1,93.91967353111701,144,0.0
1,2,118.97821355180925,21,0.0
1,2,118.97821355180925,351,0.0
1,2,118.96551914942727,183,0.0
1,2,97.41188006059234,43,0.0
1,2,118.96551914942727,214,0.0
1,3,34.403506485453,10,0.0
1,2,111.62468763583867,123,0.0
1,2,99.77760789577783,41,0.0
1,1,84.31496088219758,103,0.0
1,2,118.96551914942727,167,0.0
1,2,118.96551914942727,211,0.0
1,2,118.96551914942727,131,0.0
1,2,118.96551914942727,313,0.0
1,2,118.96551914942727,108,0.0
1,2,118.96551914942727,97,0.0
1,2,118.96551914942727,111,0.0
1,0,42.14128365760141,242,0.0
1,2,100.1840689945497,65,0.0
1,3,22.392670806149656,15,0.0
1,2,103.96302697137568,24,0.0
1,2,14.066890486340016,64,0.0
1,2,118.96551914942727,318,0.0
1,2,39.43253481532959,202,0.0
1,1,99.84365652352218,67,0.0
1,2,104.73270734301072,325,0.0
1,2,71.26664457715077,297,0.0
1,2,118.96551914942727,315,0.0
1,2,105.73984940699302,120,0.0
1,1,114.93387993551296,359,0.0
1,2,118.96551914942727,83,0.0
1,2,118.96551914942727,85,0.0
1,2,118.96551914942727,303,0.0
1,3,47.26588962115686,24,0.0
1,1,84.55247434269587,351,0.0
1,2,118.96551914942727,327,0.0
1,2,42.58206034275404,12,0.0
1,1,111.54436657657148,182,0.0
1,1,32.91809294343673,84,0.0
1,2,118.96551914942727,21,0.0
1,2,118.96551914942727,316,0.0
1,2,118.96551914942727,109,0.0
1,2,118.96551914942727,62,0.0
1,1,3.959510052120749,52,0.0
1,2,118.96551914942727,16,0.0
1,2,118.96802914548283,260,0.0
1,2,87.33942916259937,63,0.0
1,2,102.53840469927212,66,0.0
1,2,105.42800020199124,68,0.0
1,1,87.58689899843937,147,0.0
1,2,118.96802914548283,317,0.0
1,2,118.96802914548283,122,0.0
1,1,42.89419202612861,216,0.0
1,1,92.16379261152827,36,0.0
1,1,111.58786271760502,91,0.0
1,2,118.96802914548283,271,0.0
1,3,0.5278507587188699,36,0.0
1,2,57.97075134821072,17,0.0
1,2,109.51239572205431,183,0.0
1,2,16.421226191062438,65,0.0
1,2,118.96802914548283,132,0.0
1,2,63.401561862303765,241,0.0
1,2,118.96802914548283,38,0.0
1,1,89.85322182602711,146,0.0
1,2,118.96802914548283,112,0.0
1,2,63.38296116358691,15,0.0
1,2,61.44367468638951,69,0.0
1,2,116.5800172667006,321,0.0
1,0,118.96802914548283,16,0.0
1,2,118.96802914548283,53,0.0
1,2,118.96802914548283,102,0.0
1,2,118.96802914548283,98,0.0
1,1,96.87137318077306,156,0.0
1,2,99.76621576531475,44,0.0
1,1,63.75497786888087,253,0.0
1,2,76.38629510813668,384,0.0
1,2,118.96771295920495,23,0.0
1,2,118.96771295920495,119,0.0
1,1,115.40941301571479,361,0.0
1,2,101.47553308020183,2,0.0
1,1,79.14430541173851,121,0.0
1,2,118.96771295920495,73,0.0
1,2,118.96771295920495,385,0.0
1,2,92.27371970003375,19,0.0
1,2,118.96771295920495,169,0.0
1,0,79.02271766796801,168,0.0
1,2,58.45172753194636,30,0.0
1,1,54.979776512547964,319,0.0
1,2,66.38153101410049,227,0.0
1,2,118.96771295920495,104,0.0
1,2,118.96771295920495,123,0.0
1,1,116.679824437545,15,0.0
1,2,118.96771295920495,321,0.0
1,2,118.96771295920495,53,0.0
1,2,89.06171204954283,48,0.0
1,2,99.59161108807916,87,0.0
1,3,5.552310530060389,245,0.0
1,2,100.52538877443588,21,0.0
1,2,94.66715335797102,98,0.0
1,2,110.94915597308056,228,0.0
1,2,70.59242398451978,187,0.0
1,0,63.95117862110851,70,0.0
1,2,66.33256044084823,96,0.0
1,2,76.33379620641985,55,0.0
1,1,48.19883898130332,235,0.0
1,2,61.17989417026339,129,0.0
1,2,82.9387264595455,175,0.0
1,2,118.98205003827694,330,0.0
1,2,78.2936583990295,271,0.0
1,2,52.16274295105581,30,0.0
1,3,113.40643768240638,325,0.0
1,1,78.2327530251623,106,0.0
1,2,89.68699867681896,162,0.0
1,2,118.98205003827694,129,0.0
1,1,61.862156492153495,91,0.0
1,2,118.98205003827694,328,0.0
1,1,109.87991025024574,268,0.0
1,2,118.98205003827694,134,0.0
1,2,71.13974667364567,185,0.0
1,2,118.98205003827694,237,0.0
1,2,118.98205003827694,109,0.0
1,2,48.95531732160705,4,0.0
1,0,60.363585618558034,318,0.0
1,2,118.98205003827694,60,0.0
1,3,38.05907580056612,245,0.0
1,2,20.829970526347132,82,0.0
1,2,58.39870363708486,49,0.0
1,2,78.92311075034232,385,0.0
1,3,5.212282499509741,40,0.0
1,2,60.98854317415199,188,0.0
1,2,118.98205003827694,306,0.0
1,2,118.98205003827694,341,0.0
1,3,4.489180207031249,29,0.0
1,1,61.72194277484545,176,0.0
1,2,96.25368607894472,21,0.0
1,2,100.2748975440542,69,0.0
1,1,83.53666199592125,149,0.0
1,2,73.65903468389645,211,0.0
1,2,118.98205003827694,24,0.0
1,2,55.65715015054915,125,0.0
1,2,88.3660722964304,167,0.0
1,2,112.49348993219702,237,0.0
1,1,14.458980730659245,64,0.0
1,2,118.99599525233394,332,0.0
1,2,55.59321727120476,365,0.0
1,0,101.61064454307213,2,0.0
1,2,106.57973433704531,124,0.0
1,2,93.5011619110592,320,0.0
1,2,118.99599525233394,89,0.0
1,2,118.99599525233394,162,0.0
1,2,51.760841975808454,118,0.0
1,2,118.99599525233394,126,0.0
1,2,58.28574465534434,126,0.0
1,2,118.99599525233394,180,0.0
1,2,118.99599525233394,41,0.0
1,3,36.334683588634846,10,0.0
1,3,116.92635390007358,325,0.0
1,2,116.11456612008139,230,0.0
1,2,90.71034767497177,55,0.0
1,0,36.483950878529946,267,0.0
1,2,118.99599525233394,263,0.0
1,2,118.99599525233394,317,0.0
1,3,14.305235025058035,20,0.0
1,2,68.62065317241623,45,0.0
1,1,101.05819966897546,23,0.0
1,2,104.13312310620577,3,0.0
1,2,44.87368840838736,48,0.0
1,2,118.99599525233394,210,0.0
1,1,88.75560917236399,83,0.0
1,2,84.68121223711172,197,0.0
1,1,78.57281494358574,190,0.0
1,2,119.01002392576825,335,0.0
1,2,40.654931088009555,220,0.0
1,2,61.083570941261804,244,0.0
1,0,76.583321990506,187,0.0
1,0,99.01002392576825,1,0.0
1,2,119.01002392576825,332,0.0
1,2,65.05679902210292,261,0.0
1,2,119.01002392576825,126,0.0
1,2,119.01002392576825,172,0.0
1,0,51.03688242152174,123,0.0
1,2,105.65893122263869,64,0.0
1,2,119.01002392576825,331,0.0
1,2,119.01002392576825,122,0.0
1,2,51.87735288708361,5,0.0
1,2,109.45592403926779,5,0.0
1,2,119.01002392576825,186,0.0
1,2,93.63211224265402,160,0.0
1,1,57.86817567025569,93,0.0
1,0,57.921405215833275,323,0.0
1,2,110.25411065909971,48,0.0
1,0,66.7603833564861,17,0.0
1,2,119.01002392576825,106,0.0
1,3,82.26424844406135,332,0.0
1,0,63.7619262575089,74,0.0
1,2,119.0177215337244,336,0.0
1,3,10.334203660940958,21,0.0
1,0,61.11537186109381,129,0.0
1,3,14.323215981968968,19,0.0
1,2,119.0177215337244,174,0.0
1,1,72.49400719748718,357,0.0
1,2,112.2474345042618,6,0.0
1,1,107.41243668283484,126,0.0
1,2,119.0177215337244,66,0.0
1,0,99.0177215337244,1,0.0
1,2,119.0177215337244,123,0.0
1,2,108.4504416876327,65,0.0
1,2,119.0177215337244,63,0.0
1,2,119.0177215337244,114,0.0
1,2,119.0177215337244,88,0.0
1,1,37.18467709513398,323,0.0
1,2,119.0177215337244,77,0.0
1,0,29.140830590824287,230,0.0
1,2,56.70099229973374,5,0.0
1,2,119.0177215337244,68,0.0
1,2,119.0177215337244,337,0.0
1,2,119.0177215337244,136,0.0
1,2,112.95409935956623,327,0.0
1,0,34.51169633802259,269,0.0
1,1,64.25184567258108,349,0.0
1,0,45.70202356731666,165,0.0
1,2,74.80223138983172,233,0.0
1,2,72.90717828981312,246,0.0
1,2,47.53032321095752,68,0.0
1,2,84.68360134368584,82,0.0
1,2,77.1500719744384,296,0.0
1,2,119.03159908997061,238,0.0
1,0,44.73362265728727,166,0.0
1,2,40.48128982226959,19,0.0
1,2,85.54551367287186,200,0.0
1,2,119.03159908997061,190,0.0
1,2,119.03159908997061,337,0.0
1,2,119.03159908997061,117,0.0
1,2,111.24974627300557,66,0.0
1,1,88.7773300536087,235,0.0
1,0,119.03159908997061,338,0.0
1,0,68.4681679374505,22,0.0
1,2,93.8655222341089,83,0.0
1,2,119.03159908997061,72,0.0
1,3,19.485440571482883,21,0.0
1,2,119.03159908997061,69,0.0
1,2,119.03159908997061,138,0.0
1,2,119.03159908997061,171,0.0
1,3,30.394028138098097,13,0.0
1,2,119.03159908997061,78,0.0
1,2,119.03159908997061,337,0.0
1,1,92.03241830443932,152,0.0
1,2,119.03159908997061,322,0.0
1,2,119.03159908997061,78,0.0
1,0,48.54045985683281,2,0.0
1,1,22.921190317647774,71,0.0
1,2,119.03159908997061,241,0.0
1,0,21.891224888198643,91,0.0
1,3,20.37663843021491,17,0.0
1,2,119.03159908997061,175,0.0
1,0,42.4528336592253,194,0.0
1,2,115.8050953354764,325,0.0
1,2,68.57740947558337,19,0.0
1,2,75.05579832236175,110,0.0
1,2,102.6954812049326,84,0.0
1,0,55.97072583952828,325,0.0
1,2,58.53963456349962,31,0.0
1,3,78.31356906775636,334,0.0
1,2,119.03159908997061,135,0.0
1,2,119.03159908997061,320,0.0
1,2,119.03159908997061,89,0.0
1,2,78.21600351071328,234,0.0
1,2,66.67438599162868,246,0.0
1,2,119.03159908997061,143,0.0
1,2,117.04932062369501,323,0.0
1,2,119.03159908997061,280,0.0
1,2,119.03159908997061,324,0.0
1,2,119.03159908997061,236,0.0
1,0,45.7494917564022,138,0.0
1,2,29.04519404303881,339,0.0
1,2,74.78597432644416,36,0.0
1,2,119.0221050736654,333,0.0
1,2,37.22005936106969,298,0.0
1,2,62.949671700822456,323,0.0
1,2,53.47412019509675,248,0.0
1,2,119.0221050736654,192,0.0
1,1,20.91332996186405,92,0.0
1,3,76.33567414142176,335,0.0
1,3,18.39874350388032,18,0.0
1,2,119.0221050736654,237,0.0
1,3,10.376920145604986,21,0.0
1,2,119.0221050736654,115,0.0
1,2,119.0221050736654,89,0.0
1,1,107.319512554838,333,0.0
1,2,119.0221050736654,176,0.0
1,2,82.09242928937299,301,0.0
1,2,73.61410687138385,154,0.0
1,2,77.81883910742673,111,0.0
1,2,119.0221050736654,149,0.0
1,2,101.79463987503559,2,0.0
1,2,101.05166566236542,235,0.0
1,2,119.0221050736654,267,0.0
1,2,119.0221050736654,334,0.0
1,2,112.97754913625616,367,0.0
1,3,15.045066812923668,69,0.0
1,1,119.0221050736654,139,0.0
1,0,52.67113844060744,218,0.0
1,0,69.6558569189694,16,0.0
1,2,119.0221050736654,360,0.0
1,1,117.05370416363601,98,0.0
1,0,65.71364559144175,130,0.0
1,2,119.0221050736654,219,0.0
1,2,115.30195975370276,7,0.0
1,3,7.386684648186699,24,0.0
1,2,119.0221050736654,138,0.0
1,2,119.03288890404154,117,0.0
1,2,68.00690066837717,189,0.0
1,2,119.03288890404154,336,0.0
1,3,16.43163240792186,19,0.0
1,2,119.03288890404154,327,0.0
1,2,119.03288890404154,339,0.0
1,2,119.03288890404154,238,0.0
1,2,40.50782763693225,196,0.0
1,2,40.086665487101364,174,0.0
1,0,50.88213273432326,127,0.0
1,0,47.107157951070306,49,0.0
1,2,119.03288890404154,338,0.0
1,2,119.03288890404154,110,0.0
1,1,88.54641174082016,61,0.0
1,2,111.37797528641309,26,0.0
1,2,119.03288890404154,163,0.0
1,2,66.79643299995011,34,0.0
1,2,51.63587499593627,49,0.0
1,2,119.03288890404154,185,0.0
1,0,81.80421677476632,103,0.0
1,2,119.03288890404154,131,0.0
1,2,85.0133213834021,42,0.0
1,2,83.13458555215108,236,0.0
1,0,57.76283970507521,327,0.0
1,1,105.00714947484899,134,0.0
1,2,76.38411566326538,155,0.0
1,0,87.20248851011742,175,0.0
1,2,119.03288890404154,176,0.0
1,2,119.03288890404154,116,0.0
1,2,119.03288890404154,326,0.0
1,0,85.20693211080119,237,0.0
1,1,93.115708794176,88,0.0
1,2,119.03288890404154,128,0.0
1,2,119.03288890404154,344,0.0
1,2,61.30791341053224,47,0.0
1,3,58.40196370974966,28,0.0
1,2,119.03288890404154,138,0.0
1,2,31.815202834920328,340,0.0
1,2,119.03288890404154,57,0.0
1,2,119.03288890404154,225,0.0
1,2,119.03288890404154,213,0.0
1,2,77.36729353021919,335,0.0
1,2,119.02210939447178,112,0.0
1,2,64.1194646283005,48,0.0
1,2,119.02210939447178,114,0.0
1,2,92.15939304559161,68,0.0
1,1,21.07306855202385,89,0.0
1,2,119.02210939447178,127,0.0
1,1,107.0743189553168,106,0.0
1,2,119.02210939447178,127,0.0
1,2,66.88506065154758,174,0.0
1,2,119.02210939447178,61,0.0
1,3,72.39067243993509,337,0.0
1,1,64.29380032083465,313,0.0
1,2,113.10870246214934,100,0.0
1,2,50.382344740460525,4,0.0
1,2,119.02210939447178,269,0.0
1,2,119.02210939447178,134,0.0
1,2,119.02210939447178,44,0.0
1,2,119.02210939447178,136,0.0
1,2,52.78403228304419,61,0.0
1,2,119.02210939447178,214,0.0
1,2,119.02210939447178,341,0.0
1,1,66.84852164656373,261,0.0
1,3,18.841624038758354,83,0.0
1,2,119.02210939447178,111,0.0
1,2,66.88506065154758,131,0.0
1,2,58.22508750557758,208,0.0
1,2,48.17433452365646,213,0.0
1,3,7.431918444118308,23,0.0
1,1,16.998293689826504,74,0.0
1,0,87.67398929902278,303,0.0
1,2,119.02210939447178,190,0.0
1,0,49.90424212879504,128,0.0
1,2,83.34152325806843,307,0.0
1,2,81.63392994172303,51,0.0
1,2,118.55910914590595,369,0.0
1,2,119.02534948438667,137,0.0
1,1,117.04745887885845,142,0.0
1,1,113.11775016428284,24,0.0
1,2,116.08690845990138,336,0.0
1,3,110.5290276548083,331,0.0
1,2,67.99480650922143,76,0.0
1,2,119.02534948438667,55,0.0
1,2,92.18410416435849,29,0.0
1,1,89.27822273080245,63,0.0
1,3,4.467032431086695,27,0.0
1,2,61.76538180025707,251,0.0
1,2,119.02534948438667,324,0.0
1,1,94.42560638417145,130,0.0
1,2,119.02534948438667,175,0.0
1,3,25.216868458928715,253,0.0
1,2,119.02534948438667,103,0.0
1,2,119.02534948438667,70,0.0
1,1,81.42574860146318,114,0.0
1,2,119.02534948438667,94,0.0
1,2,68.52247032767576,11,0.0
1,2,119.02534948438667,178,0.0
1,2,57.27300703321251,252,0.0
1,2,119.02534948438667,364,0.0
1,1,50.884036119166986,214,0.0
1,0,67.51692123016585,134,0.0
1,2,119.02534948438667,117,0.0
1,2,119.02534948438667,347,0.0
1,2,66.46046363789647,9,0.0
1,0,86.05122485357894,308,0.0
1,2,119.02534948438667,349,0.0
1,2,119.02534948438667,280,0.0
1,3,70.41602192432175,338,0.0
1,2,57.15712780921506,51,0.0
1,2,119.02534948438667,369,0.0
1,0,64.84977876107018,314,0.0
1,2,40.83607551385268,170,0.0
1,1,40.67618974187981,213,0.0
1,2,66.82916622381101,49,0.0
1,0,29.318729041669993,328,0.0
1,2,119.02110181621929,172,0.0
1,1,69.486625951465,197,0.0
1,2,94.10874170912142,297,0.0
1,2,72.94591395612944,134,0.0
1,1,99.07571016992672,137,0.0
1,1,79.44685041768247,115,0.0
1,2,98.41603038127849,87,0.0
1,2,112.76402812756326,6,0.0
1,2,119.02110181621929,241,0.0
1,2,119.02110181621929,28,0.0
1,2,119.02110181621929,271,0.0
1,2,75.05446711957403,109,0.0
1,2,119.02110181621929,216,0.0
1,1,38.697291558099096,214,0.0
1,2,119.02110181621929,374,0.0
1,3,37.43490543937828,30,0.0
1,0,81.64930671442251,39,0.0
1,0,66.53802304638513,135,0.0
1,2,49.872943571730644,52,0.0
1,2,66.53781820090482,355,0.0
1,1,61.91593621883148,318,0.0
1,1,13.01477956098333,96,0.0
1,2,119.02110181621929,113,0.0
1,2,119.02110181621929,243,0.0
1,2,91.33396501279724,239,0.0
1,2,118.76503510726876,337,0.0
1,2,119.02110181621929,240,0.0
1,2,74.98652042609866,20,0.0
1,2,119.02110181621929,228,0.0
1,2,119.02110181621929,94,0.0
1,3,23.36257623870345,36,0.0
1,2,63.87088057728947,315,0.0
1,0,36.46733117197705,223,0.0
1,2,119.01602375354011,244,0.0
1,2,47.797365467097435,206,0.0
1,2,119.01602375354011,343,0.0
1,2,47.49782538690387,233,0.0
1,2,119.01602375354011,119,0.0
1,0,61.18880109596502,331,0.0
1,1,109.15487573404224,26,0.0
1,3,50.48654815836752,32,0.0
1,1,83.37840797036662,80,0.0
1,1,113.08458444861785,144,0.0
1,2,90.94181248286338,281,0.0
1,2,15.850601923130622,77,0.0
1,2,119.01602375354011,64,0.0
1,2,119.01602375354011,149,0.0
1,2,119.01602375354011,177,0.0
1,2,119.01602375354011,163,0.0
1,2,119.01602375354011,173,0.0
1,2,91.06778463463911,35,0.0
1,2,71.94444721796201,11,0.0
1,3,96.91459864181958,298,0.0
1,2,119.01602375354011,364,0.0
1,3,119.01602375354011,331,0.0
1,2,119.01602375354011,54,0.0
1,2,97.66808774442403,31,0.0
1,2,119.01602375354011,31,0.0
1,2,62.76738629238467,90,0.0
1,2,77.88880122338416,107,0.0
1,3,35.450929192918395,31,0.0
1,2,119.01602375354011,282,0.0
1,3,61.035993897972695,20,0.0
1,2,119.01602375354011,80,0.0
1,2,77.46287417122258,116,0.0
1,3,119.01602375354011,337,0.0
1,2,119.01602375354011,326,0.0
1,3,115.06247505414606,336,0.0
1,2,119.01602375354011,366,0.0
1,0,43.19174239968817,53,0.0
1,2,119.01602375354011,105,0.0
1,2,63.97206812261291,79,0.0
1,0,50.42980009859957,207,0.0
1,2,119.02895950491052,116,0.0
1,2,119.02895950491052,283,0.0
1,3,117.04498325845063,230,0.0
1,2,119.02895950491052,367,0.0
1,1,7.191499670493581,75,0.0
1,2,77.71118045862576,135,0.0
1,2,119.02895950491052,144,0.0
1,2,115.42978489039338,7,0.0
1,2,119.02895950491052,85,0.0
1,0,74.38407173548391,194,0.0
1,2,119.02895950491052,345,0.0
1,2,119.02895950491052,81,0.0
1,2,81.22213412025606,22,0.0
1,3,16.562566069333418,20,0.0
1,1,85.04629652172831,29,0.0
1,3,59.06495340288321,21,0.0
1,2,69.30917214148977,317,0.0
1,2,119.02895950491052,58,0.0
1,2,102.9855128526698,72,0.0
1,2,111.11354395352836,145,0.0
1,2,119.02895950491052,124,0.0
1,2,60.217760600875536,332,0.0
1,2,119.02895950491052,57,0.0
1,2,65.80515666224598,27,0.0
1,2,96.32079257623136,303,0.0
1,2,92.67611075801051,93,0.0
1,2,78.67101748689956,13,0.0
1,3,6.575091278194514,25,0.0
1,2,119.02991491674429,328,0.0
1,3,46.54542258002232,34,0.0
1,2,119.02991491674429,121,0.0
1,1,105.21375015569704,28,0.0
1,2,74.74317546569233,183,0.0
1,2,119.02991491674429,85,0.0
1,2,119.02991491674429,330,0.0
1,2,119.02991491674429,165,0.0
1,2,70.11383912960065,221,0.0
1,2,67.96138392385843,92,0.0
1,2,113.67510695349999,146,0.0
1,2,72.06191139809498,77,0.0
1,2,119.02991491674429,168,0.0
1,1,82.98637499027059,23,0.0
1,2,81.23258048687119,14,0.0
1,2,119.02991491674429,23,0.0
1,0,78.72420488961743,42,0.0
1,2,81.72199129059882,16,0.0
1,3,8.962973514559227,88,0.0
1,2,119.02991491674429,179,0.0
1,2,81.09814666867098,23,0.0
1,2,119.02991491674429,33,0.0
1,2,79.32439261799655,30,0.0
1,2,119.02991491674429,169,0.0
1,0,119.02991491674429,97,0.0
1,2,119.02991491674429,199,0.0
1,2,63.612921221580045,138,0.0
1,2,119.02991491674429,274,0.0
1,1,70.00602468184941,358,0.0
1,2,119.02991491674429,198,0.0
1,3,115.65299755902821,338,0.0
1,2,33.43245563961332,346,0.0
1,2,119.02991491674429,191,0.0
1,1,117.06465751537611,139,0.0
1,2,119.03474259863182,147,0.0
1,0,68.56946630595036,84,0.0
1,2,64.19810353215567,189,0.0
1,2,119.03474259863182,142,0.0
1,2,102.46717407274373,243,0.0
1,2,114.99981876727864,199,0.0
1,2,60.39168509616845,56,0.0
1,2,60.934036756901406,319,0.0
1,1,81.13534831150517,51,0.0
1,2,119.03474259863182,144,0.0
1,0,81.84327957826243,31,0.0
1,2,119.03474259863182,123,0.0
1,0,35.951342599879204,347,0.0
1,2,80.69161440132817,119,0.0
1,2,82.79163041886326,137,0.0
1,1,69.0542674472017,104,0.0
1,2,118.11669279613935,92,0.0
1,2,119.03474259863182,24,0.0
1,2,59.188415695501575,142,0.0
1,2,119.03474259863182,57,0.0
1,2,119.03474259863182,331,0.0
1,2,119.03474259863182,68,0.0
1,2,119.03474259863182,157,0.0
1,2,119.03474259863182,341,0.0
1,2,74.03773742694581,96,0.0
1,2,119.03474259863182,346,0.0
1,1,81.02111758890241,24,0.0
1,2,119.03474259863182,53,0.0
1,2,119.03474259863182,135,0.0
1,0,26.404451897888404,345,0.0
1,2,119.03474259863182,193,0.0
1,2,119.03474259863182,99,0.0
1,2,76.66768776471635,97,0.0
1,2,119.04631672063469,38,0.0
1,2,119.04631672063469,344,0.0
1,2,52.07189371329292,323,0.0
1,2,119.04631672063469,197,0.0
1,2,93.73890179311275,273,0.0
1,2,119.04631672063469,341,0.0
1,2,119.04631672063469,139,0.0
1,0,68.76175851961645,140,0.0
1,2,119.04631672063469,244,0.0
1,2,119.04631672063469,79,0.0
1,1,46.62545398846606,4,0.0
1,2,97.36780970392576,183,0.0
1,2,107.2536696732697,113,0.0
1,1,48.57996838726565,334,0.0
1,1,76.07411261046109,242,0.0
1,2,97.16460290930874,245,0.0
1,1,6.170737055444763,101,0.0
1,2,119.04631672063469,339,0.0
1,2,86.24698396670739,25,0.0
1,2,88.9325344182641,25,0.0
1,2,119.04631672063469,9,0.0
1,2,119.04631672063469,148,0.0
1,2,119.04631672063469,334,0.0
1,2,119.04631672063469,335,0.0
1,1,95.45853037538436,29,0.0
1,3,53.17592763889402,24,0.0
1,1,100.86138387315442,83,0.0
1,2,119.04631672063469,352,0.0
1,1,46.76367575501054,135,0.0
1,3,39.71346349230329,8,0.0
1,2,79.18166503213986,52,0.0
1,0,67.61578302658505,85,0.0
1,2,119.04631672063469,99,0.0
1,1,89.11776777328518,84,0.0
1,2,119.04631672063469,102,0.0
1,2,106.3613927062566,50,0.0
1,2,77.0750739515788,59,0.0
1,2,119.04631672063469,370,0.0
1,2,51.33160272488694,244,0.0
1,3,12.435984428845897,260,0.0
1,0,37.755520151539756,9,0.0
1,2,94.36526706937457,137,0.0
1,2,96.43372518886525,274,0.0
1,0,66.97021755812004,336,0.0
1,1,95.12311597850298,3,0.0
1,1,86.01638813485121,121,0.0
1,2,119.04205665923647,89,0.0
1,2,119.04205665923647,198,0.0
1,2,104.1054429599018,40,0.0
1,2,70.00196068958195,17,0.0
1,2,119.04205665923647,400,0.0
1,2,119.04205665923647,10,0.0
1,2,113.85078089021394,339,0.0
1,3,3.344530565740845,79,0.0
1,0,38.726315776309335,183,0.0
1,2,46.62202504650212,335,0.0
1,2,85.35080812913924,56,0.0
1,0,46.283290913653275,238,0.0
1,2,119.04205665923647,232,0.0
1,2,79.93165295813358,33,0.0
1,2,96.46876042945793,69,0.0
1,1,19.29447592921321,97,0.0
1,2,119.04205665923647,361,0.0
1,2,119.04205665923647,336,0.0
1,2,119.04205665923647,52,0.0
1,2,119.04205665923647,12,0.0
1,2,119.04205665923647,119,0.0
1,2,119.04205665923647,335,0.0
1,2,119.04205665923647,27,0.0
1,2,119.04205665923647,370,0.0
1,2,114.25954563923933,93,0.0
1,2,65.71645882969149,58,0.0
1,2,119.04205665923647,245,0.0
1,2,119.04205665923647,94,0.0
1,2,119.04205665923647,331,0.0
1,1,65.14264082707285,106,0.0
1,1,35.40245185032505,353,0.0
1,2,113.73137372293077,123,0.0
1,2,119.03599023937556,202,0.0
1,2,119.03599023937556,63,0.0
1,2,119.03599023937556,250,0.0
1,2,119.03599023937556,334,0.0
1,1,84.05237837422678,122,0.0
1,2,96.0499703573938,31,0.0
1,2,99.01814375223091,70,0.0
1,2,46.90443618034736,45,0.0
1,2,119.03599023937556,371,0.0
1,1,71.33129071964142,362,0.0
1,2,119.03599023937556,400,0.0
1,2,119.03599023937556,335,0.0
1,2,119.03599023937556,136,0.0
1,0,36.42954433925252,309,0.0
1,3,2.8429996373410384,33,0.0
1,2,119.03599023937556,86,0.0
1,2,78.67244195547539,245,0.0
1,2,81.91189448324184,99,0.0
1,2,119.03599023937556,355,0.0
1,2,119.03599023937556,70,0.0
1,2,90.66578747515929,140,0.0
1,2,82.45495541465688,81,0.0
1,1,88.36020542007415,169,0.0
1,2,94.17674113678959,27,0.0
1,2,119.03599023937556,200,0.0
1,0,69.98724752530192,36,0.0
1,2,42.03174600374848,252,0.0
1,2,119.03599023937556,104,0.0
1,2,119.03599023937556,78,0.0
1,2,88.7494880114034,17,0.0
1,2,118.92548800376173,341,0.0
1,0,81.74897386368136,114,0.0
1,2,93.1902859726009,44,0.0
1,2,70.79116594323928,60,0.0
1,0,77.51151990072498,47,0.0
1,2,91.8071698424719,134,0.0
1,2,119.04457517609316,333,0.0
1,2,119.04457517609316,112,0.0
1,2,119.04457517609316,335,0.0
1,2,103.03787521476474,130,0.0
1,2,90.05681265677248,18,0.0
1,2,98.57529414816861,32,0.0
1,2,81.1977657462502,246,0.0
1,2,119.04457517609316,347,0.0
1,1,82.43780245804274,55,0.0
1,0,28.74591074114369,231,0.0
1,1,82.32357173543998,28,0.0
1,2,119.04457517609316,126,0.0
1,2,93.1911112659341,141,0.0
1,2,119.04457517609316,146,0.0
1,2,119.04457517609316,356,0.0
1,2,57.19645192438932,347,0.0
1,1,3.2933591301499647,104,0.0
1,2,119.04457517609316,373,0.0
1,2,31.48301726579379,355,0.0
1,2,119.04457517609316,197,0.0
1,2,119.04457517609316,347,0.0
1,2,119.04457517609316,64,0.0
1,2,119.04457517609316,105,0.0
1,2,119.04457517609316,224,0.0
1,2,119.04457517609316,342,0.0
1,2,119.04457517609316,378,0.0
1,2,119.04457517609316,101,0.0
1,3,6.796162380049419,26,0.0
1,2,119.04457517609316,188,0.0
1,2,74.5975843792265,193,0.0
1,2,119.03329425147582,294,0.0
1,2,95.64872689473601,45,0.0
1,2,119.03329425147582,64,0.0
1,2,119.03329425147582,379,0.0
1,0,35.48759246679051,61,0.0
1,2,101.03373507030372,33,0.0
1,1,71.83430681786969,364,0.0
1,2,119.03329425147582,157,0.0
1,2,119.03329425147582,201,0.0
1,2,119.03329425147582,106,0.0
1,2,83.99720739658687,314,0.0
1,2,119.03329425147582,131,0.0
1,2,67.82398820907407,180,0.0
1,2,103.71577005626008,306,0.0
1,2,119.03329425147582,364,0.0
1,2,87.30304538301421,63,0.0
1,2,87.24754387093321,324,0.0
1,2,119.03329425147582,92,0.0
1,3,7.6744500593459,45,0.0
1,2,119.03329425147582,291,0.0
1,2,119.03329425147582,225,0.0
1,0,49.38387763879461,187,0.0
1,1,90.40439711394727,176,0.0
1,2,118.23889410536961,39,0.0
1,2,119.03329425147582,280,0.0
1,2,116.589364137692,54,0.0
1,2,119.03329425147582,65,0.0
1,2,68.34282151645675,144,0.0
1,2,83.77297360299684,73,0.0
1,0,74.45418674547214,232,0.0
1,2,119.01979067122406,139,0.0
1,2,58.53643779696197,352,0.0
1,2,119.01979067122406,73,0.0
1,0,119.01979067122406,40,0.0
1,2,119.01979067122406,21,0.0
1,2,95.10840594825314,60,0.0
1,2,119.01979067122406,159,0.0
1,2,117.05308492269988,287,0.0
1,2,79.28047508479261,195,0.0
1,2,119.01979067122406,22,0.0
1,2,75.47405664880539,62,0.0
1,2,119.01979067122406,163,0.0
1,2,119.01979067122406,104,0.0
1,1,94.64750097467432,142,0.0
1,2,6.694240730569959,46,0.0
1,2,119.01979067122406,67,0.0
1,2,119.01979067122406,65,0.0
1,2,119.01979067122406,186,0.0
1,2,51.0296681473668,4,0.0
1,2,119.01979067122406,292,0.0
1,1,90.60277448282115,74,0.0
1,3,115.09766009879304,342,0.0
1,2,119.01979067122406,105,0.0
1,2,114.14410708213886,112,0.0
1,2,82.21988712745116,220,0.0
1,2,119.01979067122406,158,0.0
1,2,37.95485462285715,225,0.0
1,2,106.22635824857183,73,0.0
1,2,119.01979067122406,66,0.0
1,2,119.01979067122406,107,0.0
1,2,101.3849556331305,30,0.0
1,1,100.62288242609608,250,0.0
1,0,59.21177453845314,338,0.0
1,2,62.56593705690192,312,0.0
1,0,43.173878784867114,251,0.0
1,2,88.0359103115582,249,0.0
1,2,89.87035150224536,229,0.0
1,1,99.00764511753165,1,0.0
1,2,119.00764511753165,82,0.0
1,3,4.635293962977737,247,0.0
1,2,31.19025096491965,153,0.0
1,0,62.56495802953723,137,0.0
1,0,58.86685540186335,195,0.0
1,2,119.00764511753165,340,0.0
1,1,119.00764511753165,154,0.0
1,2,119.00764511753165,50,0.0
1,2,109.87601978007274,133,0.0
1,2,119.00764511753165,181,0.0
1,2,111.43432794777836,113,0.0
1,2,113.1053052163247,343,0.0
1,2,119.00764511753165,200,0.0
1,1,38.32116183110177,358,0.0
1,2,119.00764511753165,254,0.0
1,1,34.855463015069,225,0.0
1,1,0.3540891703814859,107,0.0
1,2,119.00764511753165,144,0.0
1,0,74.57224994095651,50,0.0
1,2,119.00764511753165,339,0.0
1,2,100.0292558312421,187,0.0
1,2,119.00764511753165,159,0.0
1,2,92.10366310419653,48,0.0
1,2,119.00764511753165,204,0.0
1,2,99.4272704782327,62,0.0
1,3,0.24342751407288965,97,0.0
1,2,119.01604256531043,349,0.0
1,2,46.19356655011891,264,0.0
1,2,88.45375416546692,89,0.0
1,2,72.85815050676482,37,0.0
1,2,119.01604256531043,188,0.0
1,2,113.59793861801603,114,0.0
1,2,119.01604256531043,255,0.0
1,2,119.01604256531043,160,0.0
1,1,84.44787546801341,179,0.0
1,2,96.66329850857471,192,0.0
1,2,119.01604256531043,100,0.0
1,2,119.01604256531043,340,0.0
1,2,119.01604256531043,253,0.0
1,2,119.01604256531043,191,0.0
1,0,82.13303756263217,204,0.0
1,2,119.01604256531043,116,0.0
1,2,119.01604256531043,354,0.0
1,1,20.033239434072403,20,0.0
1,2,119.01604256531043,67,0.0
1,2,76.33555603393471,229,0.0
1,0,33.35386163515732,154,0.0
1,2,94.97444472662836,20,0.0
1,2,84.66392098630888,235,0.0
1,2,119.01604256531043,356,0.0
1,2,117.02368768284208,109,0.0
1,2,72.61451192064557,276,0.0
1,2,119.01091490312282,368,0.0
1,2,119.01091490312282,52,0.0
1,1,80.71207425722513,376,0.0
1,2,119.01091490312282,206,0.0
1,0,60.28442219383106,250,0.0
1,2,35.106067723310154,44,0.0
1,2,119.01091490312282,19,0.0
1,2,119.01091490312282,239,0.0
1,2,119.01091490312282,295,0.0
1,1,85.0469130769055,144,0.0
1,0,57.238732006886394,340,0.0
1,2,119.01091490312282,76,0.0
1,2,119.01091490312282,33,0.0
1,2,119.01091490312282,62,0.0
1,2,45.26972848020676,184,0.0
1,2,119.01091490312282,355,0.0
1,0,119.01091490312282,42,0.0
1,0,53.01781962154931,17,0.0
1,2,96.14073834607395,40,0.0
1,2,119.01091490312282,192,0.0
1,1,30.882420483502248,227,0.0
1,2,92.01413000558772,102,0.0
1,2,94.16658521132993,231,0.0
1,2,72.99396052550655,328,0.0
1,2,119.01091490312282,70,0.0
1,2,16.281921131891327,43,0.0
1,1,63.29209355537247,151,0.0
1,0,38.45154383778679,245,0.0
1,2,119.01091490312282,131,0.0
1,2,119.01091490312282,352,0.0
1,3,1.8838498887141921,31,0.0
1,2,119.01091490312282,347,0.0
1,3,3.6042373529794065,267,0.0
1,2,107.35455057996947,25,0.0
1,2,83.70735099711477,70,0.0
2,3,47.585834966252875,6,0.0
1,2,119.01833584176279,78,0.0
1,2,119.01833584176279,343,0.0
1,1,117.18174993170025,92,0.0
1,2,119.01833584176279,343,0.0
1,2,107.30342168244819,54,0.0
1,2,119.01833584176279,354,0.0
1,2,38.66309314495086,259,0.0
1,2,65.78284764506357,140,0.0
1,2,92.29368518319231,77,0.0
1,2,54.5653004765358,91,0.0
1,2,47.33895249157576,185,0.0
1,0,69.46421329975368,43,0.0
1,2,119.01833584176279,20,0.0
1,3,35.404573064026785,33,0.0
1,2,119.01833584176279,230,0.0
1,2,73.2257656795584,73,0.0
1,2,119.01833584176279,351,0.0
1,2,119.01833584176279,364,0.0
1,1,66.78831720284705,383,0.0
1,0,81.85102381400932,190,0.0
1,2,94.08335401695672,103,0.0
1,2,119.01833584176279,344,0.0
1,1,101.03647925923524,208,0.0
1,2,103.26041494253406,24,0.0
1,3,72.49500159513921,354,0.0
1,2,119.02131276869034,129,0.0
1,0,28.844291740349746,344,0.0
1,2,60.61874067831254,49,0.0
1,1,76.75172286767825,378,0.0
1,0,119.02131276869034,144,0.0
1,2,85.8022983821031,71,0.0
1,2,109.39836906743652,55,0.0
1,2,119.02131276869034,344,0.0
1,1,72.29716014894726,370,0.0
1,2,76.7786833170029,278,0.0
1,2,62.239336011785085,40,0.0
1,2,119.02131276869034,26,0.0
1,2,119.02131276869034,48,0.0
1,2,119.02131276869034,185,0.0
1,2,110.5085564187277,131,0.0
1,2,69.15209676214576,357,0.0
1,2,119.02131276869034,151,0.0
1,2,119.02131276869034,340,0.0
1,2,116.85986370090028,9,0.0
1,0,58.53048068957174,254,0.0
1,2,119.02131276869034,153,0.0
1,1,89.16359671592312,62,0.0
1,1,92.0067887150052,152,0.0
1,2,119.02131276869034,231,0.0
1,2,80.66409695768887,186,0.0
1,2,119.02131276869034,354,0.0
1,1,93.58250614980011,106,0.0
1,2,76.15837605905514,41,0.0
1,2,109.93890876868544,28,0.0
1,2,94.38863256818064,78,0.0
1,2,119.02131276869034,363,0.0
1,2,43.562407354997006,5,0.0
1,0,92.94470241392499,239,0.0
1,2,42.99476173084966,10,0.0
1,0,35.504326428598496,248,0.0
1,2,119.01313398035857,301,0.0
1,2,92.35920446629152,27,0.0
1,2,119.01313398035857,343,0.0
1,1,38.38830481637745,231,0.0
1,0,45.35308253593991,193,0.0
1,2,107.00604253383531,124,0.0
1,1,113.21619668074916,94,0.0
1,2,119.01313398035857,157,0.0
1,2,113.85738999250249,8,0.0
1,0,118.84385069331215,10,0.0
1,2,119.01313398035857,345,0.0
1,2,119.01313398035857,49,0.0
1,2,58.38862555446895,52,0.0
1,2,119.01313398035857,262,0.0
1,2,111.92289576109731,29,0.0
1,2,119.01313398035857,139,0.0
1,2,51.41788686897598,187,0.0
1,2,119.01313398035857,364,0.0
1,1,115.05059307129825,387,0.0
1,2,119.01313398035857,118,0.0
1,0,29.417559129091867,158,0.0
1,2,57.45905213997558,116,0.0
1,2,119.01313398035857,355,0.0
1,0,34.38229590200137,357,0.0
1,2,20.88638084062017,239,0.0
1,2,111.14667299079986,150,0.0
1,2,103.097270219163,3,0.0
1,2,119.01313398035857,111,0.0
1,2,96.73453559308302,93,0.0
1,1,73.35851963858586,14,0.0
1,2,119.01436814513767,38,0.0
1,0,36.02978787420389,292,0.0
1,3,7.5690311993926676,41,0.0
1,2,119.01436814513767,86,0.0
1,3,119.01436814513767,353,0.0
1,2,119.01436814513767,81,0.0
1,0,24.90291430778541,16,0.0
1,2,65.55197571464656,11,0.0
1,2,119.01436814513767,100,0.0
1,2,61.24163610004665,355,0.0
1,2,119.01436814513767,146,0.0
1,2,119.01436814513767,372,0.0
1,0,53.30588274283576,344,0.0
1,2,119.01436814513767,214,0.0
1,2,119.01436814513767,11,0.0
1,2,88.05001943974071,109,0.0
1,1,85.1605649345831,175,0.0
1,2,68.71627857363335,386,0.0
1,2,119.01436814513767,359,0.0
1,2,119.01436814513767,188,0.0
1,2,70.9662177461075,42,0.0
1,2,119.01436814513767,258,0.0
1,2,119.01436814513767,28,0.0
1,2,119.01436814513767,346,0.0
1,1,68.45645090714103,132,0.0
1,2,119.02733263754745,29,0.0
1,2,119.02733263754745,151,0.0
1,2,43.68150973908774,263,0.0
1,2,74.76166288532607,58,0.0
1,2,119.02733263754745,348,0.0
1,2,67.53964933375244,12,0.0
1,0,82.24966499041645,210,0.0
1,0,67.49663159837452,23,0.0
1,0,85.82798615720009,74,0.0
1,2,119.02733263754745,347,0.0
1,2,119.02733263754745,355,0.0
1,2,114.38398315788584,194,0.0
1,2,119.02733263754745,115,0.0
1,0,42.152274300684006,148,0.0
1,2,119.02733263754745,366,0.0
1,2,72.87226777978744,48,0.0
1,1,117.03648851329245,28,0.0
1,2,70.70395219273922,387,0.0
1,2,119.02733263754745,347,0.0
1,0,86.41610444483418,228,0.0
1,0,35.05712051175134,293,0.0
1,2,119.02733263754745,39,0.0
1,2,119.02733263754745,205,0.0
1,2,117.76772522129245,10,0.0
1,2,107.00760544795295,5,0.0
1,0,33.54602721128361,250,0.0
1,2,119.02733263754745,57,0.0
1,2,111.61838713463877,68,0.0
1,2,20.97690385699907,232,0.0
1,2,119.02733263754745,111,0.0
1,2,119.02733263754745,188,0.0
1,2,68.13365823298692,43,0.0
1,2,119.02733263754745,258,0.0
1,2,109.14135251631423,353,0.0
1,1,113.86953265871104,120,0.0
1,2,80.08160113101242,333,0.0
1,2,119.0222835372845,290,0.0
1,2,119.0222835372845,359,0.0
1,2,62.47023547038797,13,0.0
1,2,119.0222835372845,23,0.0
1,0,66.51891513565901,24,0.0
1,2,117.8794993493756,32,0.0
1,2,83.26130364523691,78,0.0
1,2,71.8434350679904,72,0.0
1,0,99.0222835372845,1,0.0
1,2,119.0222835372845,152,0.0
1,2,66.47107127026192,39,0.0
1,2,119.0222835372845,82,0.0
1,1,81.21018110941505,177,0.0
1,3,111.18762087580257,354,0.0
1,2,17.147048518230235,26,0.0
1,0,61.276632859486604,299,0.0
1,1,109.11457739126786,390,0.0
1,2,119.0222835372845,304,0.0
1,2,119.0222835372845,356,0.0
1,2,75.88731451003838,46,0.0
1,1,56.1449142636286,342,0.0
1,0,101.6302979836816,324,0.0
1,2,98.5214459341645,145,0.0
1,2,119.0222835372845,215,0.0
1,2,109.05387380744129,6,0.0
1,2,61.32124432054342,55,0.0
1,2,119.0222835372845,74,0.0
1,2,119.0222835372845,347,0.0
1,1,103.96443926390292,39,0.0
1,2,119.0222835372845,148,0.0
1,2,119.0222835372845,75,0.0
1,2,113.6646554941271,69,0.0
1,2,80.82285529362437,151,0.0
1,2,69.00739827768717,128,0.0
1,2,119.0222835372845,360,0.0
1,2,77.12402096924524,150,0.0
1,0,48.214534035023604,30,0.0
1,2,119.016251840668,89,0.0
1,2,119.016251840668,361,0.0
1,2,119.016251840668,297,0.0
1,2,119.016251840668,160,0.0
1,2,113.06595838845828,8,0.0
1,2,78.75821275310237,60,0.0
1,0,75.92769461361925,126,0.0
1,2,81.35652532629534,259,0.0
1,2,77.83759601832634,47,0.0
1,1,67.4243876540858,17,0.0
1,0,80.28820036836895,212,0.0
1,2,119.016251840668,53,0.0
1,2,119.016251840668,99,0.0
1,2,119.016251840668,53,0.0
1,2,119.016251840668,142,0.0
1,2,115.61493700241506,70,0.0
2,0,49.44023421037872,16,0.0
1,2,119.016251840668,108,0.0
1,2,70.77912267629439,383,0.0
1,2,119.016251840668,59,0.0
1,2,85.21158515352487,79,0.0
1,2,119.016251840668,153,0.0
1,1,107.1047688943654,155,0.0
1,0,65.94201818310138,146,0.0
1,2,79.04296885112389,362,0.0
1,2,66.18808862628968,107,0.0
1,2,119.016251840668,115,0.0
1,2,86.6835178946915,84,0.0
1,2,119.016251840668,151,0.0
1,2,119.016251840668,15,0.0
1,2,119.0148933859287,15,0.0
1,2,83.20464574154987,260,0.0
1,2,116.96547537845456,351,0.0
1,2,119.0148933859287,77,0.0
1,2,28.483434362943772,236,0.0
1,1,82.47017478887624,188,0.0
1,2,55.37050241197812,7,0.0
1,2,119.0148933859287,49,0.0
1,2,119.0148933859287,60,0.0
1,1,119.0148933859287,137,0.0
1,2,119.0148933859287,346,0.0
1,2,107.9172939061777,110,0.0
1,2,119.0148933859287,150,0.0
1,2,85.92627141404324,336,0.0
1,1,72.71539544644422,390,0.0
1,2,119.0148933859287,197,0.0
1,2,95.88236334187741,113,0.0
1,0,47.46175450114615,9,0.0
1,2,66.13995033456341,359,0.0
1,2,50.027975095086305,48,0.0
1,0,24.512688675658183,163,0.0
1,2,119.0148933859287,217,0.0
1,0,41.460231787343325,73,0.0
1,2,119.0148933859287,169,0.0
1,2,119.0148933859287,32,0.0
1,2,119.0148933859287,164,0.0
1,2,74.42210008636805,66,0.0
1,2,63.550060362255714,26,0.0
2,0,41.7374504428686,8,0.0
1,2,119.0148933859287,363,0.0
1,2,119.0148933859287,118,0.0
1,2,119.0148933859287,363,0.0
1,2,119.0148933859287,77,0.0
1,2,119.0148933859287,116,0.0
1,0,60.70147123473642,363,0.0
1,2,78.71693806281826,51,0.0
1,1,105.14572261786456,392,0.0
1,2,119.0148933859287,351,0.0
1,2,76.46730214610473,59,0.0
1,2,62.125386603828886,377,0.0
1,2,119.00843442259607,201,0.0
1,0,46.47018892374222,10,0.0
1,2,74.07769611050195,56,0.0
1,2,119.00843442259607,265,0.0
1,2,119.00843442259607,155,0.0
1,2,119.00843442259607,141,0.0
1,2,119.00843442259607,79,0.0
1,2,119.00843442259607,145,0.0
1,0,73.95102242214402,128,0.0
1,2,119.00843442259607,360,0.0
1,2,97.70668600701411,116,0.0
1,1,117.02332780852477,138,0.0
1,2,31.118983698228615,297,0.0
1,2,81.85791162743408,45,0.0
1,1,74.34720601950566,385,0.0
1,2,70.11920329371355,99,0.0
1,2,108.93872903035601,357,0.0
1,2,119.00843442259607,27,0.0
1,1,9.069135343274178,30,0.0
1,1,40.428644665547466,369,0.0
1,2,71.98943612176114,42,0.0
1,2,119.00843442259607,364,0.0
1,2,52.77262011607525,351,0.0
1,2,119.00843442259607,105,0.0
1,0,78.92049667842957,51,0.0
1,2,119.00843442259607,175,0.0
1,2,119.00843442259607,217,0.0
1,2,119.00843442259607,158,0.0
1,2,119.00843442259607,304,0.0
1,2,20.443735269424938,113,0.0
1,2,119.00843442259607,387,0.0
1,0,58.31621250867938,302,0.0
1,0,74.33164845597715,216,0.0
1,2,119.00543562640325,97,0.0
1,2,119.00543562640325,212,0.0
2,0,38.86701456079196,12,0.0
1,2,119.00543562640325,15,0.0
1,2,119.00543562640325,360,0.0
1,2,119.00543562640325,63,0.0
1,2,74.16526673082426,218,0.0
1,2,53.09839229669498,13,0.0
1,2,119.00543562640325,193,0.0
1,2,119.00543562640325,35,0.0
1,2,119.00543562640325,69,0.0
1,2,119.00543562640325,350,0.0
1,2,119.00543562640325,143,0.0
1,2,119.00543562640325,142,0.0
1,2,119.00543562640325,118,0.0
1,2,113.37305845982522,54,0.0
1,2,119.00543562640325,62,0.0
1,0,83.61619781289329,46,0.0
1,2,119.00543562640325,176,0.0
1,1,105.8530236267733,86,0.0
1,2,119.00543562640325,120,0.0
1,2,119.00543562640325,154,0.0
1,2,87.30117562387196,194,0.0
1,0,70.10704823788083,47,0.0
1,2,119.00543562640325,29,0.0
1,2,119.00543562640325,373,0.0
1,2,119.00543562640325,161,0.0
1,0,45.47562455014548,11,0.0
1,2,119.00543562640325,360,0.0
1,0,44.10764030448619,200,0.0
1,2,68.2507001430319,159,0.0
1,2,71.34980576745735,18,0.0
1,2,86.16389899672438,234,0.0
1,1,76.61272131432645,342,0.0
1,2,98.99361551233378,1,0.0
1,1,76.47766035020933,191,0.0
1,2,118.99361551233378,219,0.0
1,2,118.99361551233378,16,0.0
1,2,118.99361551233378,200,0.0
1,2,81.67554133801261,397,0.0
1,3,77.47567501474063,363,0.0
1,0,21.520174236991277,166,0.0
1,2,64.94883535804763,49,0.0
1,2,118.99361551233378,153,0.0
1,2,118.99361551233378,28,0.0
1,2,118.99361551233378,12,0.0
1,2,118.99361551233378,87,0.0
1,2,111.57070947843071,101,0.0
1,1,36.4276958042845,371,0.0
1,2,54.701311556805926,14,0.0
1,2,101.06789145258428,118,0.0
1,2,118.99361551233378,93,0.0
1,2,118.99361551233378,35,0.0
1,2,77.43890155607211,53,0.0
1,2,118.99361551233378,365,0.0
1,2,41.91823245492997,264,0.0
1,2,118.99361551233378,363,0.0
1,2,77.38387260472273,292,0.0
1,2,35.047848119823065,251,0.0
1,1,82.53912387127913,88,0.0
1,2,118.99361551233378,128,0.0
1,2,118.99361551233378,389,0.0
1,2,118.99361551233378,200,0.0
1,2,51.609182098078705,146,0.0
1,2,77.88696857475657,133,0.0
1,2,118.99361551233378,142,0.0
1,2,118.99361551233378,107,0.0
1,0,68.78019777554893,229,0.0
1,2,118.99361551233378,240,0.0
1,0,55.520961651524544,158,0.0
1,2,118.99935739207325,350,0.0
1,0,66.1972459420889,158,0.0
1,2,77.21320774516411,83,0.0
1,1,69.91975501591969,83,0.0
1,2,118.99935739207325,89,0.0
1,2,118.30238449178943,141,0.0
1,3,113.92510334866802,358,0.0
2,0,46.40254932949211,21,0.0
1,2,118.99935739207325,353,0.0
1,0,51.94061566908708,224,0.0
1,2,82.79746382841842,55,0.0
1,1,49.34618149564153,155,0.0
1,2,118.99935739207325,201,0.0
1,2,118.99935739207325,68,0.0
1,2,73.0205075642078,19,0.0
1,2,118.99935739207325,147,0.0
1,1,52.54405526197603,140,0.0
1,2,118.99935739207325,146,0.0
1,2,118.99935739207325,138,0.0
1,2,58.68452100681092,125,0.0
1,2,72.89182050484077,363,0.0
1,0,43.58893425168041,265,0.0
1,2,118.99935739207325,33,0.0
1,2,102.63423351215476,117,0.0
1,1,55.39900238299535,348,0.0
1,2,64.42088410934595,37,0.0
1,2,89.8865532626472,55,0.0
1,2,118.99935739207325,168,0.0
1,2,118.99935739207325,163,0.0
1,2,118.99935739207325,195,0.0
1,2,118.99935739207325,375,0.0
1,0,98.99935739207325,1,0.0
1,2,118.99935739207325,367,0.0
1,2,63.547990098372324,380,0.0
1,2,118.99935739207325,218,0.0
1,2,118.99935739207325,214,0.0
1,2,118.99935739207325,362,0.0
1,2,36.36718200220189,19,0.0
1,2,84.28051512197752,48,0.0
1,1,80.77484357777067,53,0.0
1,1,91.83541503536333,183,0.0
1,2,35.98048549360643,373,0.0
1,2,119.00860137858965,66,0.0
1,2,119.00860137858965,65,0.0
1,2,55.58042700355639,53,0.0
1,0,78.99232008493435,221,0.0
1,3,11.54959369163801,45,0.0
1,2,119.00860137858965,376,0.0
1,0,19.52813300765417,168,0.0
1,2,119.00860137858965,37,0.0
1,2,119.00860137858965,364,0.0
1,2,119.00860137858965,213,0.0
1,2,119.00860137858965,267,0.0
1,0,41.109214587482846,203,0.0
1,2,119.00860137858965,362,0.0
1,1,60.67141158987118,164,0.0
1,1,59.00805179134028,188,0.0
1,2,64.65858150497971,11,0.0
1,2,119.00856829562107,19,0.0
1,0,41.60610392589113,267,0.0
1,2,82.33433244632734,61,0.0
1,3,35.92918259507165,21,0.0
1,2,119.00856829562107,13,0.0
1,1,119.00856829562107,355,0.0
1,2,109.02401262761707,324,0.0
1,1,73.38612670901927,118,0.0
1,2,119.00856829562107,224,0.0
1,2,84.39605155806782,74,0.0
1,2,119.00856829562107,377,0.0
1,2,76.24523665771258,21,0.0
1,2,82.33433244632734,56,0.0
1,2,119.00856829562107,36,0.0
1,2,119.00856829562107,176,0.0
1,2,119.00856829562107,268,0.0
1,2,119.00856829562107,356,0.0
1,2,119.00856829562107,131,0.0
1,2,119.00856829562107,192,0.0
1,3,113.60500152351375,360,0.0
1,2,119.00856829562107,55,0.0
1,2,119.00856829562107,175,0.0
1,2,68.42212699897122,37,0.0
1,2,47.871447196188335,249,0.0
1,2,119.00856829562107,149,0.0
1,2,59.59674244706114,17,0.0
1,1,62.6367068290088,52,0.0
1,2,119.00313087895209,193,0.0
1,2,119.00313087895209,162,0.0
1,2,119.00313087895209,200,0.0
1,2,119.00313087895209,89,0.0
1,2,119.00313087895209,170,0.0
1,2,119.00313087895209,204,0.0
1,2,68.62730430838205,161,0.0
1,2,75.95611294478542,280,0.0
1,2,119.00313087895209,204,0.0
1,3,35.09200627843277,330,0.0
1,1,16.16582051588841,104,0.0
1,1,8.972593948341878,35,0.0
1,2,111.60813240246584,361,0.0
1,2,119.00313087895209,217,0.0
1,1,68.52287938332452,383,0.0
1,2,119.00313087895209,199,0.0
2,1,24.92812803583205,20,0.0
1,2,119.00313087895209,223,0.0
1,2,119.00313087895209,97,0.0
1,2,119.00313087895209,353,0.0
1,2,119.00313087895209,372,0.0
1,3,33.93231347402375,22,0.0
1,0,39.12091376205602,205,0.0
1,2,97.02098393357767,98,0.0
1,2,119.00313087895209,99,0.0
1,2,95.54968596568555,199,0.0
1,2,119.00313087895209,244,0.0
1,0,50.09948852020026,5,0.0
1,2,59.00188399125991,55,0.0
1,2,119.00313087895209,177,0.0
1,2,73.36847208947997,397,0.0
1,2,110.77417281906449,325,0.0
1,1,58.79323682709666,291,0.0
1,2,71.08978465301693,41,0.0
1,2,82.14393295048487,368,0.0
1,2,69.774049751402,14,0.0
1,1,61.27081833358754,187,0.0
1,2,21.322794811308853,35,0.0
1,2,53.56605223461476,109,0.0
1,2,89.4663643720894,59,0.0
1,2,119.00234849100661,123,0.0
1,2,119.00234849100661,370,0.0
1,3,31.59658708023071,12,0.0
1,2,76.2796559342047,281,0.0
1,2,119.00234849100661,311,0.0
1,2,89.31931514466955,57,0.0
1,3,33.09435476943939,331,0.0
1,1,2.0901929182538925,37,0.0
1,2,50.13749799822351,17,0.0
1,2,86.226570915178,138,0.0
1,2,119.00234849100661,50,0.0
1,0,68.48888190261083,164,0.0
1,2,94.02710388230524,69,0.0
1,2,119.00234849100661,133,0.0
1,2,119.00234849100661,34,0.0
1,2,119.00234849100661,275,0.0
1,1,117.0054793699587,172,0.0
1,2,119.00234849100661,195,0.0
1,3,7.563641357217799,48,0.0
1,2,119.00234849100661,151,0.0
1,0,59.91136458261626,280,0.0
1,2,119.00234849100661,147,0.0
1,1,7.974942439348498,36,0.0
1,2,119.00234849100661,370,0.0
1,2,119.00234849100661,152,0.0
1,2,118.99763249790259,144,0.0
1,2,118.99763249790259,91,0.0
1,2,118.99763249790259,164,0.0
1,2,118.99763249790259,200,0.0
1,2,23.49495013500983,244,0.0
1,2,118.99763249790259,35,0.0
1,2,100.50665555300077,100,0.0
1,2,61.49730950279709,41,0.0
1,2,118.99763249790259,371,0.0
1,2,88.01823127588231,139,0.0
1,2,118.99763249790259,41,0.0
1,2,62.144924809302005,50,0.0
1,2,118.99763249790259,192,0.0
1,2,83.4912269511772,159,0.0
1,2,101.30581258380333,95,0.0
1,0,68.63244099566133,136,0.0
1,1,57.4597852476923,145,0.0
1,2,118.99763249790259,107,0.0
1,2,78.07131629490901,282,0.0
1,2,118.99763249790259,183,0.0
1,1,115.00311186786129,173,0.0
1,2,118.99763249790259,195,0.0
1,1,15.43145122469942,121,0.0
1,2,62.29256084179147,82,0.0
1,2,118.99763249790259,125,0.0
1,2,44.23728911980915,206,0.0
1,2,118.99763249790259,171,0.0
1,2,59.507949176176375,10,0.0
1,2,118.99763249790259,102,0.0
1,2,118.99763249790259,367,0.0
1,2,73.65795880984174,40,0.0
1,2,118.99763249790259,218,0.0
1,2,118.99763249790259,223,0.0
1,2,118.99763249790259,276,0.0
2,3,30.605849667201937,22,0.0
1,2,118.98485269596814,149,0.0
1,0,3.775325172209984,34,0.0
1,2,118.98485269596814,277,0.0
1,0,46.28325981440863,276,0.0
1,2,118.98485269596814,94,0.0
1,2,81.97436482946368,225,0.0
1,2,86.57175600001344,87,0.0
1,1,71.69080175929055,216,0.0
1,2,118.98485269596814,165,0.0
1,2,34.47268336940591,263,0.0
1,2,32.29994992461281,30,0.0
1,2,118.98485269596814,197,0.0
1,2,118.98485269596814,91,0.0
1,1,82.12890807156897,58,0.0
1,2,65.60539449558848,147,0.0
1,0,54.25628299116865,230,0.0
1,2,60.362116285138605,193,0.0
1,1,108.07364396721616,128,0.0
1,3,46.08432220507761,8,0.0
1,1,64.2117821025313,228,0.0
1,2,118.98485269596814,302,0.0
1,0,87.0263955175281,174,0.0
1,2,118.98485269596814,373,0.0
1,2,60.35550044320793,39,0.0
1,3,116.98248519387073,362,0.0
1,2,64.1492545415935,83,0.0
1,2,118.98485269596814,316,0.0
1,2,118.98485269596814,87,0.0
1,2,112.9514881163321,123,0.0
1,2,118.98485269596814,374,0.0
1,2,118.98485269596814,87,0.0
1,2,118.98485269596814,220,0.0
1,2,48.010256187868,373,0.0
1,2,118.98485269596814,59,0.0
1,2,82.1887710185406,67,0.0
1,2,67.61729369162947,137,0.0
1,2,118.98485269596814,35,0.0
1,2,118.98485269596814,368,0.0
1,2,45.01359651342733,272,0.0
1,2,118.97288816531994,313,0.0
1,2,118.97288816531994,208,0.0
1,2,74.03436589193286,272,0.0
1,2,98.97288816531994,1,0.0
1,1,92.86881049674183,42,0.0
1,2,118.97288816531994,136,0.0
1,2,118.97288816531994,225,0.0
1,2,91.42583825571123,272,0.0
1,2,68.86249844454758,52,0.0
1,2,118.97288816531994,369,0.0
1,2,118.97288816531994,374,0.0
1,2,59.148243688313954,112,0.0
1,2,111.55985457793966,52,0.0
1,0,65.92023396487807,203,0.0
1,2,59.99836424898945,170,0.0
1,2,47.95242834627135,8,0.0
1,2,118.97288816531994,173,0.0
1,2,118.97288816531994,161,0.0
1,2,118.97288816531994,375,0.0
1,2,87.02725128442083,227,0.0
1,1,56.74380473555401,269,0.0
1,2,118.97288816531994,180,0.0
1,2,71.2770454935083,167,0.0
1,2,118.97288816531994,150,0.0
1,2,114.98968524670491,68,0.0
1,1,69.14340048950216,395,0.0
1,0,49.3941338152824,84,0.0
1,2,116.72838843816919,127,0.0
1,2,118.97080577349527,169,0.0
1,2,118.97080577349527,175,0.0
1,2,118.97080577349527,127,0.0
1,2,118.97080577349527,66,0.0
1,2,118.97080577349527,198,0.0
1,2,118.97080577349527,137,0.0
1,0,87.73798687431233,176,0.0
1,2,118.97080577349527,167,0.0
1,2,89.14090572486862,110,0.0
1,2,118.97080577349527,164,0.0
1,2,118.97080577349527,104,0.0
1,2,75.16795215857948,164,0.0
1,0,76.06504285089426,70,0.0
1,2,118.97080577349527,310,0.0
1,2,91.01113855291621,53,0.0
2,3,39.26765356529926,29,0.0
1,1,56.96489488424249,191,0.0
1,2,58.492872474692795,348,0.0
1,2,118.97080577349527,20,0.0
1,2,118.97080577349527,93,0.0
1,2,118.97080577349527,205,0.0
1,0,67.02654378725623,44,0.0
1,2,73.07529280538927,62,0.0
1,2,118.97080577349527,72,0.0
1,2,96.64020978983302,61,0.0
1,0,58.57435077522306,166,0.0
1,2,83.60055057936816,285,0.0
1,2,93.09939854165702,62,0.0
1,2,118.97080577349527,173,0.0
1,2,118.97080577349527,372,0.0
1,0,47.372788711414685,308,0.0
1,1,25.256287001499974,247,0.0
1,2,118.97080577349527,112,0.0
1,1,44.42736288373465,4,0.0
1,0,47.14610970996986,364,0.0
1,2,118.97635213137966,116,0.0
1,2,106.17561632723228,205,0.0
1,2,87.47233606086219,70,0.0
1,2,65.63906548552951,29,0.0
1,2,118.97635213137966,89,0.0
1,2,118.97635213137966,166,0.0
1,2,96.77478990314434,79,0.0
1,2,24.850270548757912,70,0.0
1,0,71.99210081635223,169,0.0
1,0,95.73700943355955,28,0.0
1,2,68.12717174340978,160,0.0
1,2,94.65539404797211,302,0.0
1,2,118.97635213137966,175,0.0
1,2,22.852144169882962,40,0.0
1,2,118.97635213137966,163,0.0
1,2,118.97635213137966,260,0.0
1,2,118.97635213137966,177,0.0
1,1,79.37066660731975,352,0.0
1,2,79.25323466992877,167,0.0
1,2,118.97635213137966,214,0.0
1,2,118.97635213137966,77,0.0
1,2,118.97635213137966,40,0.0
1,3,106.97257234321924,367,0.0
1,2,80.02170375584488,46,0.0
1,2,118.97635213137966,117,0.0
1,2,118.97635213137966,376,0.0
1,2,118.97635213137966,157,0.0
1,2,118.97635213137966,371,0.0
1,2,118.97635213137966,250,0.0
1,2,118.96867376664744,365,0.0
1,2,118.96867376664744,400,0.0
1,1,69.54244630127226,373,0.0
1,2,57.7483272523536,358,0.0
1,3,30.393532770919087,11,0.0
1,2,52.90992078226957,193,0.0
1,0,61.316765664765626,173,0.0
1,2,118.96867376664744,130,0.0
1,0,98.96867376664744,1,0.0
1,2,92.40279795839925,112,0.0
1,0,56.51937667325014,168,0.0
1,2,118.96867376664744,109,0.0
1,1,96.9450258980271,2,0.0
1,2,73.62370077592146,25,0.0
1,2,69.06325695770467,258,0.0
1,2,77.33934037396719,353,0.0
1,2,79.30495745187213,25,0.0
1,1,97.98188610866018,60,0.0
1,2,118.96867376664744,374,0.0
1,3,46.28990837742345,12,0.0
1,3,45.97295719182875,58,0.0
1,1,90.78327146512524,82,0.0
1,2,70.37609849652804,398,0.0
1,2,85.35170856465294,59,0.0
1,2,94.27303078644684,88,0.0
1,2,118.96867376664744,175,0.0
1,2,118.96867376664744,106,0.0
1,2,62.9004341703824,240,0.0
1,2,118.96867376664744,27,0.0
1,2,70.54584458788142,17,0.0
1,2,118.96178294702912,378,0.0
1,2,118.96178294702912,108,0.0
1,1,60.27854861179475,174,0.0
1,2,118.96178294702912,169,0.0
1,2,107.47869080403517,114,0.0
1,2,79.3567917303191,216,0.0
1,2,118.96178294702912,119,0.0
1,1,94.90680884505622,3,0.0
1,3,48.44611983035284,2,0.0
1,2,45.163573048187104,228,0.0
1,2,118.96178294702912,363,0.0
1,2,81.97336006680128,21,0.0
1,0,43.9054348313555,212,0.0
1,2,118.96178294702912,366,0.0
1,2,82.52062588250011,169,0.0
1,2,118.96178294702912,252,0.0
1,2,83.11548843243634,365,0.0
1,1,24.045530286922105,251,0.0
1,2,68.90645669810085,44,0.0
1,2,53.16482131725792,66,0.0
1,2,118.96178294702912,379,0.0
1,2,56.14442880789659,95,0.0
1,2,90.12467334829701,275,0.0
2,2,36.55409040995916,23,0.0
1,1,91.59449865713343,12,0.0
1,2,48.45370192013239,30,0.0
1,2,89.98173021826332,179,0.0
1,2,118.96178294702912,375,0.0
1,2,100.99193653919069,275,0.0
1,3,17.767649942772522,30,0.0
1,1,8.667025851272797,112,0.0
1,1,72.62606829663451,221,0.0
1,2,108.75476412171746,66,0.0
1,2,57.71702537607878,233,0.0
1,2,118.96178294702912,373,0.0
1,2,118.96178294702912,93,0.0
1,2,63.3712881449286,351,0.0
1,2,97.97781421189283,65,0.0
1,2,118.97091250214461,150,0.0
1,2,118.97091250214461,106,0.0
1,1,40.09946514062118,384,0.0
1,2,118.97091250214461,216,0.0
1,2,118.97091250214461,207,0.0
1,0,30.789840369832902,167,0.0
1,2,110.29846945005922,67,0.0
1,2,59.015726453200685,300,0.0
1,0,65.0586342900956,259,0.0
1,0,31.22003662172697,364,0.0
1,2,118.97091250214461,376,0.0
1,2,118.97091250214461,209,0.0
1,1,50.79979528374652,152,0.0
1,2,60.157161417607455,32,0.0
1,2,41.90565264100248,60,0.0
1,2,70.45016202644261,32,0.0
1,2,118.97091250214461,226,0.0
1,0,74.3523998723802,111,0.0
1,2,118.97091250214461,178,0.0
1,2,72.2234857227516,260,0.0
1,2,65.57093954759469,288,0.0
1,1,118.97091250214461,180,0.0
1,2,118.97091250214461,179,0.0
1,3,48.451803975659175,2,0.0
1,0,76.81521979474812,66,0.0
1,0,44.04747892579103,367,0.0
1,2,106.15488264436132,139,0.0
1,2,118.97091250214461,379,0.0
1,2,51.81095692452119,172,0.0
1,2,70.45016202644261,171,0.0
1,1,57.34699218965169,95,0.0
1,0,79.45946155414136,375,0.0
1,2,118.97091250214461,365,0.0
1,3,33.30781441036943,10,0.0
1,2,70.81399245954898,48,0.0
1,2,96.66641758324813,93,0.0
1,0,80.5139754666483,221,0.0
1,1,80.4249069274502,204,0.0
1,0,5.683537310753884,260,0.0
1,2,118.97091250214461,319,0.0
1,2,81.50303508759666,124,0.0
1,1,75.8884631921901,169,0.0
2,3,13.808515440892343,29,0.0
1,2,118.98058404425177,225,0.0
1,2,118.98058404425177,47,0.0
1,2,118.98058404425177,376,0.0
1,2,118.98058404425177,208,0.0
1,2,72.04127414084621,46,0.0
1,2,84.05629833132267,28,0.0
1,2,76.82930270890712,92,0.0
1,3,62.84512174831101,19,0.0
1,0,7.326665197372484,180,0.0
1,0,73.33298391663197,112,0.0
1,2,57.2413147486723,235,0.0
1,3,43.49676475540608,61,0.0
1,2,118.98058404425177,234,0.0
1,2,38.125291089247284,270,0.0
1,2,55.32757623390345,96,0.0
1,2,110.0772066035091,369,0.0
1,2,118.98058404425177,151,0.0
1,2,118.98058404425177,30,0.0
1,2,99.21623604697973,96,0.0
1,2,106.98403888647644,6,0.0
1,2,118.98058404425177,25,0.0
1,2,118.98058404425177,174,0.0
1,2,66.26550766647456,118,0.0
1,2,97.45679557056725,117,0.0
1,2,118.98058404425177,51,0.0
1,2,97.15413883784979,115,0.0
1,2,99.02437166589738,58,0.0
1,3,108.82911116494788,375,0.0
1,2,73.8380416886273,366,0.0
1,0,66.76879696975509,343,0.0
1,2,118.98058404425177,127,0.0
1,2,118.98058404425177,77,0.0
1,2,118.98058404425177,380,0.0
1,0,67.16205166199829,289,0.0
1,2,100.51622591178422,277,0.0
1,2,118.98058404425177,71,0.0
1,1,73.24885722841904,138,0.0
1,2,58.46604029532407,130,0.0
1,2,118.98058404425177,279,0.0
1,2,118.98058404425177,115,0.0
1,2,95.27559944248749,233,0.0
1,2,104.08051458882954,372,0.0
1,2,62.222299482989804,302,0.0
1,2,88.8158871226676,49,0.0
1,2,118.96626158475915,50,0.0
1,2,118.96626158475915,236,0.0
1,2,118.96626158475915,175,0.0
1,2,118.96626158475915,265,0.0
1,2,118.96626158475915,121,0.0
1,2,24.195514730711565,382,0.0
1,2,45.97440603166021,5,0.0
1,1,67.88346310807144,130,0.0
1,2,118.96626158475915,153,0.0
1,1,82.90041866494029,141,0.0
1,2,98.96626158475915,1,0.0
1,2,118.96626158475915,158,0.0
1,2,118.96626158475915,228,0.0
1,2,72.31409058366378,66,0.0
1,2,118.96626158475915,380,0.0
1,2,106.26890381819972,67,0.0
1,2,118.96626158475915,235,0.0
1,2,91.87152946719151,378,0.0
1,2,118.96626158475915,171,0.0
1,1,31.466130188035397,369,0.0
1,2,118.95190005715307,158,0.0
1,2,118.95190005715307,368,0.0
1,2,99.91794862372096,235,0.0
1,2,81.51380269022668,30,0.0
1,2,100.48956170422831,2,0.0
1,2,61.60480133017874,132,0.0
1,0,52.723155993506474,382,0.0
1,2,118.95190005715307,123,0.0
1,2,70.96164429259818,20,0.0
1,2,118.95190005715307,256,0.0
1,2,104.77535590515735,103,0.0
1,2,33.99821082678516,387,0.0
1,2,102.35499708183441,98,0.0
1,2,118.95190005715307,322,0.0
1,1,34.43114660441924,37,0.0
1,0,47.63684895813237,250,0.0
1,2,58.34835049712518,110,0.0
1,1,97.01330575103357,76,0.0
1,2,118.95190005715307,236,0.0
1,1,65.8353631652245,131,0.0
1,2,118.95190005715307,133,0.0
1,2,118.95190005715307,119,0.0
1,2,104.25139268949287,74,0.0
1,2,118.95190005715307,370,0.0
1,2,118.95190005715307,163,0.0
1,2,73.83739070313294,67,0.0
1,2,56.57141720153031,173,0.0
1,0,47.61111628963349,239,0.0
1,2,118.95190005715307,258,0.0
1,1,97.02415654310585,119,0.0
1,2,118.59353427607027,376,0.0
1,1,69.16701887033126,140,0.0
1,2,118.95190005715307,210,0.0
1,2,51.31625075460529,162,0.0
1,2,118.95190005715307,112,0.0
1,2,113.75226928163521,118,0.0
1,2,118.95190005715307,153,0.0
1,2,118.95190005715307,378,0.0
1,0,64.60948065461366,166,0.0
1,2,118.95190005715307,89,0.0
1,2,118.95190005715307,51,0.0
1,2,102.21724753328934,65,0.0
1,2,118.94458413242789,90,0.0
1,2,48.57436479454838,184,0.0
1,0,52.96368078560287,233,0.0
1,0,67.39154034044135,176,0.0
1,2,118.94458413242789,396,0.0
1,3,7.219009291293381,23,0.0
1,1,97.30837877562129,106,0.0
1,2,118.94458413242789,21,0.0
1,2,118.94458413242789,110,0.0
1,2,118.94458413242789,170,0.0
1,2,54.171095711764956,281,0.0
1,2,118.94458413242789,287,0.0
1,2,110.3137151844915,72,0.0
1,3,30.337697992482212,47,0.0
1,2,118.94458413242789,113,0.0
1,2,86.75597154808814,359,0.0
1,2,35.52474008660089,388,0.0
1,2,118.94458413242789,383,0.0
1,2,118.94458413242789,382,0.0
1,2,79.96247576200237,23,0.0
1,2,118.94458413242789,267,0.0
1,0,4.1894109717126025,183,0.0
1,2,118.94458413242789,162,0.0
1,2,65.27212886227468,304,0.0
1,2,98.94458413242789,1,0.0
1,2,66.60674256372624,292,0.0
1,1,81.40874097786993,17,0.0
1,2,118.94458413242789,213,0.0
1,2,118.94458413242789,375,0.0
1,0,82.51818909958558,174,0.0
1,2,118.94458413242789,62,0.0
1,2,58.934982923853845,35,0.0
1,0,81.47222583601396,175,0.0
1,2,105.14678368316076,62,0.0
1,2,118.95403673642838,160,0.0
1,2,118.95403673642838,34,0.0
1,2,118.95403673642838,131,0.0
1,1,63.36372676593567,239,0.0
1,2,77.44287287541292,209,0.0
1,2,15.351462485084374,118,0.0
1,0,66.34557707686973,177,0.0
1,2,118.95403673642838,29,0.0
1,2,118.95403673642838,75,0.0
1,2,96.42586239812671,121,0.0
1,3,118.95403673642838,270,0.0
1,2,51.25359201463529,157,0.0
1,2,65.44249246941577,67,0.0
1,0,62.50810152346994,168,0.0
1,1,62.440412528352965,397,0.0
1,2,118.95403673642838,98,0.0
1,2,118.95403673642838,379,0.0
1,1,88.86963290628049,371,0.0
1,0,75.31134202166857,226,0.0
1,2,118.95403673642838,371,0.0
1,2,118.95403673642838,92,0.0
1,1,83.8082941861601,174,0.0
1,2,50.5935486042923,236,0.0
1,2,118.95403673642838,218,0.0
1,2,118.95403673642838,371,0.0
1,2,118.95403673642838,91,0.0
1,2,82.12350100630779,282,0.0
1,2,118.95403673642838,63,0.0
1,2,54.299901737014,164,0.0
1,2,67.70524570295859,173,0.0
1,2,118.95403673642838,383,0.0
1,2,111.3446126354611,80,0.0
1,2,90.17871034858605,32,0.0
1,0,74.87542359233825,370,0.0
1,2,87.23701784842629,89,0.0
1,2,61.41868183194134,379,0.0
1,2,118.95403673642838,176,0.0
1,3,43.85109784471173,19,0.0
1,2,118.95403673642838,98,0.0
1,2,118.95403673642838,195,0.0
1,2,118.95403673642838,160,0.0
1,2,59.8776558835974,370,0.0
1,2,118.95403673642838,234,0.0
1,2,118.95403673642838,146,0.0
1,2,118.94380575000945,205,0.0
1,2,118.94380575000945,213,0.0
1,3,52.60571000908895,24,0.0
1,2,63.02260201291102,151,0.0
1,1,93.70906160727662,70,0.0
1,2,106.72630560259806,101,0.0
1,2,79.55134369646454,177,0.0
1,1,88.29444586866666,107,0.0
1,0,58.14083051054813,149,0.0
1,2,94.71049576290041,53,0.0
1,0,49.5655826123722,385,0.0
1,0,47.34099488472761,67,0.0
1,2,109.146664425921,106,0.0
1,2,118.94380575000945,47,0.0
1,2,75.71455337035313,296,0.0
1,2,73.85202335200675,289,0.0
1,2,118.94380575000945,386,0.0
1,2,118.94380575000945,98,0.0
1,0,73.8192293423477,371,0.0
1,2,52.4258798548067,318,0.0
1,2,47.811903604815804,295,0.0
1,2,38.762548759692905,79,0.0
1,2,118.94380575000945,132,0.0
1,2,118.94380575000945,136,0.0
1,0,118.94380575000945,73,0.0
1,2,118.94380575000945,284,0.0
1,2,118.94380575000945,83,0.0
1,2,59.09858891849606,37,0.0
1,2,97.80266914440938,79,0.0
1,0,77.00354285409242,261,0.0
1,2,118.94663446344238,30,0.0
1,2,118.94663446344238,36,0.0
1,3,18.477647138304988,174,0.0
1,2,118.94663446344238,321,0.0
1,2,87.21093321510399,34,0.0
1,3,12.014034988564907,20,0.0
1,2,64.13216137440995,381,0.0
1,2,118.94663446344238,192,0.0
1,2,118.94663446344238,381,0.0
1,2,107.86026322562937,64,0.0
1,2,45.26501111088464,5,0.0
1,2,118.94663446344238,399,0.0
1,2,118.94663446344238,260,0.0
1,2,60.956079952639364,144,0.0
1,2,118.94663446344238,220,0.0
1,3,18.995621178841517,17,0.0
1,2,118.94663446344238,123,0.0
1,2,105.86958590834952,173,0.0
1,2,59.7466461223373,290,0.0
1,2,107.86026322562937,97,0.0
1,2,67.28540249886332,70,0.0
1,2,100.48266855434935,54,0.0
1,2,102.09538235077436,283,0.0
1,0,64.23601729032156,179,0.0
1,2,118.94663446344238,384,0.0
1,2,118.94663446344238,48,0.0
1,2,82.6504893968872,267,0.0
1,2,82.44921246969784,282,0.0
1,2,72.87510989407936,266,0.0
1,2,118.94663446344238,197,0.0
1,1,99.12849114852304,80,0.0
1,2,118.94663446344238,386,0.0
1,2,118.94663446344238,270,0.0
1,0,84.7804534905537,49,0.0
1,2,118.94663446344238,123,0.0
1,2,67.04020664085229,118,0.0
1,0,44.29271904467069,5,0.0
1,2,105.61507914859827,239,0.0
1,2,95.25980397089357,56,0.0
1,2,118.94663446344238,167,0.0
1,0,58.74598067000714,215,0.0
1,2,95.50185407905319,264,0.0
1,2,118.94663446344238,386,0.0
1,2,115.81993044620843,12,0.0
1,2,118.93818557074133,32,0.0
1,1,107.51906546361742,147,0.0
1,2,118.93818557074133,101,0.0
1,2,118.93818557074133,384,0.0
1,1,63.89665798036067,242,0.0
1,2,111.21182667467207,74,0.0
1,2,112.88507230805348,375,0.0
1,2,74.3431730344127,29,0.0
1,2,118.93818557074133,221,0.0
1,2,111.21182667467207,79,0.0
1,0,18.90292584003724,386,0.0
1,2,51.28675349038677,284,0.0
1,2,118.93818557074133,400,0.0
1,2,83.71251592999973,283,0.0
1,2,118.93818557074133,73,0.0
1,2,118.93818557074133,187,0.0
1,2,62.40311180541282,360,0.0
1,2,35.67347126500445,375,0.0
1,2,41.35167422410846,81,0.0
1,0,68.48573513130468,346,0.0
1,2,118.93818557074133,33,0.0
1,2,118.93818557074133,387,0.0
1,3,86.44719412927064,384,0.0
1,2,19.328245487854872,121,0.0
1,1,30.810487593387016,392,0.0
1,2,62.91397133264349,183,0.0
1,1,46.955869287308126,203,0.0
1,1,73.19140349849145,21,0.0
1,0,68.30351010115417,119,0.0
1,2,82.14046916088009,40,0.0
1,2,89.59388164146033,72,0.0
1,2,65.39546483471183,382,0.0
1,2,118.93818557074133,31,0.0
1,2,112.78266252062153,273,0.0
1,2,61.687714382911615,39,0.0
1,2,50.955205641379045,388,0.0
1,0,85.96012556091117,393,0.0
1,2,85.35895100811292,110,0.0
1,2,118.95183506861719,383,0.0
1,2,116.50108074349416,84,0.0
1,2,17.79786402955757,373,0.0
1,2,95.40428100936754,32,0.0
1,1,94.52887064928541,240,0.0
1,2,77.7849857129704,361,0.0
1,2,118.95183506861719,89,0.0
1,2,118.95183506861719,86,0.0
1,2,81.95699211905614,179,0.0
1,2,118.95183506861719,74,0.0
1,2,91.04301022128962,77,0.0
1,2,118.95183506861719,186,0.0
1,2,118.95183506861719,385,0.0
1,2,118.95183506861719,110,0.0
1,3,46.442365111889856,27,0.0
1,0,81.85408457135387,75,0.0
1,2,52.46643859564935,285,0.0
1,2,73.31965291112428,230,0.0
1,3,104.2307123146627,377,0.0
1,3,27.094008118984924,69,0.0
1,2,86.96627233203876,66,0.0
1,2,54.393380206519154,283,0.0
1,2,70.55812637593837,105,0.0
1,0,79.74965975692932,73,0.0
1,2,118.95183506861719,128,0.0
1,2,118.95183506861719,117,0.0
1,2,118.95183506861719,216,0.0
1,2,75.20885237135452,374,0.0
1,2,51.580714174493934,298,0.0
1,2,118.95183506861719,211,0.0
1,2,118.95183506861719,331,0.0
1,2,67.43757019992186,347,0.0
1,2,101.9941595241848,203,0.0
1,2,65.66574212819202,34,0.0
1,2,118.95991034803801,273,0.0
1,3,44.40227545992786,28,0.0
1,2,118.95991034803801,118,0.0
1,2,94.99055935836509,227,0.0
1,2,101.33794073600808,3,0.0
1,0,27.48138201673585,349,0.0
1,2,118.95991034803801,243,0.0
1,2,68.65764025992605,348,0.0
1,2,58.435827882346594,118,0.0
1,2,118.95991034803801,376,0.0
1,2,118.95991034803801,27,0.0
1,2,79.00505577297459,362,0.0
1,2,118.95991034803801,200,0.0
1,2,52.800784234498124,299,0.0
2,1,4.818053723048132,38,0.0
1,2,118.95991034803801,107,0.0
1,2,86.90925058623169,94,0.0
1,1,102.80240056616395,126,0.0
1,2,118.95991034803801,68,0.0
1,2,84.54022432614684,42,0.0
1,2,118.50753557544884,381,0.0
1,2,107.52248605132405,41,0.0
1,2,39.58158629202963,292,0.0
1,2,118.95991034803801,129,0.0
1,2,89.32825289420775,101,0.0
1,2,118.95991034803801,103,0.0
1,2,118.95991034803801,384,0.0
1,2,86.11227109526648,285,0.0
1,2,97.42603237651035,84,0.0
1,2,118.95960049197923,245,0.0
1,2,118.95960049197923,122,0.0
1,2,75.83087834933805,185,0.0
1,2,118.95960049197923,210,0.0
1,2,118.95960049197923,266,0.0
1,2,86.7142698508521,30,0.0
1,2,118.95960049197923,59,0.0
1,2,54.0440363222782,300,0.0
1,0,43.17699006104177,7,0.0
1,2,118.95960049197923,145,0.0
1,2,89.85712998191327,386,0.0
1,2,64.65295683568603,294,0.0
1,2,90.75616594281813,5,0.0
1,2,112.76657393897808,101,0.0
1,2,112.76657393897808,68,0.0
1,2,118.95960049197923,182,0.0
1,1,61.19819195560128,311,0.0
1,2,30.861747427939445,263,0.0
1,1,116.91951084001724,214,0.0
1,2,118.95960049197923,224,0.0
1,0,52.89699645336626,154,0.0
1,2,118.95960049197923,390,0.0
1,2,63.1933535279055,73,0.0
1,2,118.95960049197923,213,0.0
1,2,118.95960049197923,16,0.0
1,1,52.3618806380064,163,0.0
1,2,118.95960049197923,237,0.0
1,0,55.049498029237014,240,0.0
1,2,111.09300294245433,10,0.0
1,2,87.36164631434185,53,0.0
1,2,118.95960049197923,388,0.0
1,1,16.427441433134682,124,0.0
1,2,118.95960049197923,142,0.0
1,2,118.95960049197923,86,0.0
1,2,57.53579703603664,76,0.0
1,2,108.02149611083819,8,0.0
1,2,118.95960049197923,218,0.0
1,2,57.7279258953318,47,0.0
1,2,108.76573813910413,42,0.0
1,0,83.8796364009284,395,0.0
1,2,70.19771871075007,386,0.0
1,2,118.9662561844673,137,0.0
1,2,118.9662561844673,390,0.0
1,2,114.11768494305184,107,0.0
1,2,69.9566142161625,25,0.0
1,2,118.9662561844673,326,0.0
1,0,52.384783973630604,391,0.0
1,2,50.59320234989976,140,0.0
1,2,118.9662561844673,169,0.0
1,2,118.9662561844673,120,0.0
1,2,118.9662561844673,383,0.0
1,3,42.28001211019357,6,0.0
1,2,63.8668262197834,158,0.0
1,2,70.19771871075007,126,0.0
1,2,60.83832659311807,120,0.0
1,2,118.9662561844673,197,0.0
1,2,118.9662561844673,89,0.0
1,2,118.9662561844673,36,0.0
1,2,102.10187510335419,59,0.0
1,2,78.5161322642266,266,0.0
1,2,102.54965799524325,151,0.0
1,2,112.25224956544574,11,0.0
1,2,118.9662561844673,244,0.0
1,2,118.9662561844673,399,0.0
1,2,118.9662561844673,246,0.0
1,2,118.9662561844673,391,0.0
1,2,32.020994050930845,264,0.0
1,2,118.9662561844673,146,0.0
1,3,116.92585667644653,346,0.0
1,2,118.9662561844673,85,0.0
1,2,118.97444362023879,400,0.0
1,2,118.97444362023879,113,0.0
1,2,118.97444362023879,54,0.0
1,2,74.39313322128204,181,0.0
1,2,53.52219703599101,74,0.0
1,3,114.90030029668532,347,0.0
1,2,118.97444362023879,132,0.0
1,2,77.22062702810616,182,0.0
1,0,47.43737195846205,3,0.0
1,2,60.54159583458194,244,0.0
1,0,81.438807321113,61,0.0
1,2,118.97444362023879,61,0.0
1,2,118.97444362023879,113,0.0
1,2,84.5540045100706,183,0.0
1,2,113.2245980854028,127,0.0
1,2,62.32704377113569,75,0.0
1,2,95.06230552376196,115,0.0
1,2,60.05618286980409,49,0.0
1,2,118.97444362023879,392,0.0
1,0,52.045744450769234,325,0.0
1,2,66.98121381015834,296,0.0
1,2,67.65897861043078,44,0.0
1,2,118.97444362023879,229,0.0
1,2,51.46395833141973,180,0.0
1,2,71.28004870982352,120,0.0
1,0,57.418949925615806,103,0.0
1,0,118.97444362023879,268,0.0
1,0,65.04838897102034,183,0.0
1,2,118.97444362023879,61,0.0
1,2,118.97444362023879,388,0.0
1,2,118.97444362023879,377,0.0
1,2,118.97444362023879,63,0.0
1,1,97.1145298808743,207,0.0
1,2,118.97444362023879,38,0.0
1,2,118.97444362023879,145,0.0
1,2,116.05382174355888,193,0.0
1,3,4.764266272646731,26,0.0
1,0,36.45752262435494,393,0.0
1,0,63.115555814494684,124,0.0
1,2,118.97444362023879,179,0.0
1,2,118.96785585139405,145,0.0
1,2,118.96785585139405,380,0.0
1,2,118.96785585139405,39,0.0
1,2,118.96785585139405,389,0.0
1,2,118.96785585139405,378,0.0
1,2,72.70391217309715,393,0.0
1,2,83.19635103827777,369,0.0
1,1,78.54560723791026,183,0.0
1,2,118.96785585139405,189,0.0
1,2,71.66513208654055,45,0.0
1,3,46.40522780985611,4,0.0
1,0,39.22231158182641,8,0.0
1,2,61.30451395723508,194,0.0
2,3,7.7009030040068795,40,0.0
1,3,6.195734273780867,181,0.0
1,3,105.21145364801582,387,0.0
1,2,74.2270956940052,390,0.0
1,2,44.54762165366103,209,0.0
1,2,118.96785585139405,106,0.0
1,2,118.96785585139405,63,0.0
1,1,60.46553424179047,189,0.0
1,2,35.42537847574899,394,0.0
1,2,118.96785585139405,182,0.0
1,2,9.900262077838295,57,0.0
1,2,71.7823014602527,39,0.0
1,2,118.96785585139405,170,0.0
1,2,118.96785585139405,140,0.0
1,2,47.644562749915686,213,0.0
1,2,118.96785585139405,89,0.0
1,2,118.96785585139405,125,0.0
1,1,62.757121847489096,109,0.0
1,2,118.96785585139405,79,0.0
1,2,118.96785585139405,84,0.0
1,2,85.59992327209191,304,0.0
1,2,114.42913380597464,180,0.0
1,2,55.292781728376816,303,0.0
1,2,110.5495806638825,115,0.0
1,2,62.94313967542157,18,0.0
1,1,118.9626591675758,149,0.0
1,0,72.38576027536226,353,0.0
2,3,3.925807477255015,43,0.0
1,1,91.59262553439318,79,0.0
1,0,56.0359323475849,76,0.0
1,2,118.9626591675758,20,0.0
1,2,118.9626591675758,44,0.0
1,1,97.57604083535583,117,0.0
1,2,118.9626591675758,241,0.0
1,0,65.05348886130197,257,0.0
1,2,51.80405540314248,139,0.0
1,3,114.05691124986913,349,0.0
1,3,2.694781291616586,28,0.0
1,2,118.9626591675758,231,0.0
1,2,116.93051501896984,394,0.0
1,2,50.739081906795086,9,0.0
1,2,78.2841994273742,381,0.0
1,2,118.9626591675758,228,0.0
1,2,118.9626591675758,201,0.0
1,2,118.9626591675758,108,0.0
1,2,118.9626591675758,166,0.0
1,2,118.9626591675758,247,0.0
1,2,70.88811134452584,367,0.0
1,2,118.9626591675758,175,0.0
1,2,118.56851268755932,218,0.0
1,2,118.9626591675758,113,0.0
1,2,80.33246809115795,47,0.0
1,2,59.7717530294998,291,0.0
1,0,55.91676359337323,187,0.0
1,2,44.32869018933414,251,0.0
1,2,72.63512410951394,73,0.0
1,2,118.97664604141073,174,0.0
1,2,50.99680017514774,89,0.0
1,2,118.97664604141073,33,0.0
1,0,52.96418181506874,140,0.0
1,2,118.97664604141073,132,0.0
1,2,93.79334229374538,132,0.0
1,2,70.65507553367847,299,0.0
1,2,118.97664604141073,194,0.0
1,2,65.04059078575114,15,0.0
1,2,75.05279368681319,395,0.0
1,0,37.02485092612843,12,0.0
1,2,93.35764188103902,291,0.0
1,2,118.97664604141073,218,0.0
1,2,63.461715009209264,333,0.0
1,1,39.06025641466258,298,0.0
1,2,118.97664604141073,127,0.0
1,2,61.814310184543125,109,0.0
1,2,103.53062316745145,293,0.0
1,2,43.07979416759437,83,0.0
1,2,47.43826906205811,14,0.0
1,2,118.97664604141073,39,0.0
1,2,118.97664604141073,196,0.0
1,2,118.97664604141073,394,0.0
1,2,118.97664604141073,240,0.0
1,2,118.97664604141073,334,0.0
1,2,118.97664604141073,45,0.0
1,2,118.97664604141073,223,0.0
1,2,66.83323528154206,358,0.0
1,2,49.99344426363173,215,0.0
1,3,13.426196540921145,60,0.0
1,2,118.98455408319158,177,0.0
1,1,81.97935552619332,156,0.0
1,2,55.72122849164939,274,0.0
1,2,71.09734702515077,189,0.0
1,2,43.383963476802485,230,0.0
1,2,59.635028574565425,40,0.0
1,2,118.98455408319158,126,0.0
1,2,118.98455408319158,172,0.0
1,2,66.21764373511793,16,0.0
1,2,118.98455408319158,117,0.0
1,2,118.98455408319158,383,0.0
2,1,17.410952956401786,50,0.0
1,2,105.04677480451105,40,0.0
1,2,100.03050144471368,389,0.0
1,2,118.98455408319158,395,0.0
1,0,37.57585962095274,384,0.0
1,2,79.24404789416897,185,0.0
1,2,51.948735898260324,141,0.0
1,2,118.98455408319158,103,0.0
1,2,109.7603644711474,10,0.0
1,1,77.52557265028597,30,0.0
1,2,118.98455408319158,22,0.0
1,2,79.37088485957128,80,0.0
1,2,99.29641557581195,44,0.0
1,3,40.329087102034215,7,0.0
1,2,72.53945926613979,355,0.0
1,2,42.37893695369156,5,0.0
1,2,65.28031903671464,20,0.0
1,2,118.98455408319158,216,0.0
1,2,118.98455408319158,391,0.0
1,2,118.98455408319158,230,0.0
1,2,118.98455408319158,234,0.0
1,2,118.98455408319158,247,0.0
1,0,38.95131293883184,397,0.0
1,2,118.98455408319158,41,0.0
1,2,118.11635815835332,151,0.0
1,2,57.35033320581737,225,0.0
1,1,80.62137878866727,383,0.0
1,2,118.98455408319158,249,0.0
1,2,118.98455408319158,225,0.0
1,2,118.98212363658891,104,0.0
1,2,32.23551174942566,232,0.0
1,2,118.98212363658891,247,0.0
1,2,58.47440067818471,337,0.0
1,2,118.98212363658891,75,0.0
1,2,118.98212363658891,193,0.0
1,2,118.98212363658891,394,0.0
1,2,118.98212363658891,169,0.0
1,2,77.47817350126748,239,0.0
1,2,77.31372656605903,132,0.0
1,2,118.98212363658891,129,0.0
1,2,118.98212363658891,159,0.0
1,2,78.31709551138432,85,0.0
1,2,52.371517170557496,193,0.0
1,2,66.30327068302061,260,0.0
1,2,87.65685963860903,35,0.0
1,2,71.60010253009621,85,0.0
1,2,118.98212363658891,175,0.0
1,2,118.98212363658891,399,0.0
1,2,118.98212363658891,138,0.0
1,2,108.00023501106035,352,0.0
1,2,66.99241186749776,360,0.0
1,2,118.98212363658891,149,0.0
1,2,118.98212363658891,248,0.0
1,1,70.78052078587841,155,0.0
1,0,98.98212363658891,1,0.0
1,2,79.48901600838379,249,0.0
1,2,118.98212363658891,143,0.0
1,2,118.98212363658891,17,0.0
1,2,63.07709495553741,273,0.0
1,2,118.98212363658891,385,0.0
1,3,86.31538605586155,12,0.0
1,3,49.696368914991474,5,0.0
1,3,2.6196912430844224,28,0.0
1,2,118.98212363658891,95,0.0
1,2,73.60597611425884,49,0.0
1,2,118.98212363658891,148,0.0
1,2,118.98212363658891,126,0.0
1,2,104.50906592444552,235,0.0
1,2,118.97222643929682,197,0.0
1,2,97.28085138390466,172,0.0
1,2,104.52393309549682,158,0.0
1,2,79.25552253336879,86,0.0
1,2,46.291356969886756,86,0.0
1,2,89.49159103584387,121,0.0
1,2,118.97222643929682,127,0.0
1,0,48.60478467590097,171,0.0
1,2,118.97222643929682,67,0.0
1,2,118.97222643929682,117,0.0
1,2,118.97222643929682,90,0.0
1,1,115.86644673608657,87,0.0
1,2,86.9951021077129,278,0.0
1,2,118.97222643929682,337,0.0
1,2,118.97222643929682,153,0.0
1,2,118.97222643929682,95,0.0
1,1,82.7463655161432,9,0.0
1,2,66.74947853632148,84,0.0
1,2,46.766699933827496,283,0.0
1,2,102.06501129763926,391,0.0
1,0,33.17393877141012,233,0.0
1,2,76.44612330885934,32,0.0
1,2,53.32222117499137,92,0.0
1,2,40.87708430383785,53,0.0
1,2,44.08114698132673,279,0.0
1,2,118.98521378400348,283,0.0
1,1,78.19781682431245,395,0.0
1,2,58.47132700365188,97,0.0
1,2,118.98521378400348,233,0.0
1,2,41.892706400821375,54,0.0
1,0,52.046233440957415,14,0.0
1,2,118.98521378400348,96,0.0
1,2,98.2964734808882,173,0.0
1,2,89.77241745126972,375,0.0
1,2,118.98521378400348,200,0.0
1,2,118.98521378400348,253,0.0
1,2,118.98521378400348,382,0.0
1,2,96.01278001119528,52,0.0
1,3,34.26865096192342,10,0.0
1,2,118.98521378400348,49,0.0
1,2,118.98521378400348,37,0.0
1,2,66.06149251600336,380,0.0
1,3,24.13385476007454,38,0.0
1,2,32.15915255541359,234,0.0
1,2,55.243154392603834,81,0.0
1,2,118.98521378400348,186,0.0
1,2,118.98521378400348,140,0.0
1,1,77.52714323124412,386,0.0
1,2,45.09676907831026,280,0.0
1,2,118.98521378400348,139,0.0
1,2,118.98521378400348,197,0.0
1,2,118.98521378400348,387,0.0
1,2,113.91629071372006,334,0.0
1,2,118.98521378400348,178,0.0
1,1,109.85826739845278,136,0.0
1,2,118.98181571128885,114,0.0
1,2,113.75241750400959,14,0.0
1,2,109.03882783737323,44,0.0
1,2,118.98181571128885,177,0.0
1,1,24.94749944757808,387,0.0
1,2,118.98181571128885,26,0.0
1,2,118.98181571128885,18,0.0
1,2,86.96490610150575,42,0.0
1,2,56.1850754755569,82,0.0
1,2,118.98181571128885,301,0.0
1,2,118.98181571128885,189,0.0
1,2,118.98181571128885,107,0.0
1,2,89.06240818256605,373,0.0
1,2,118.98181571128885,400,0.0
1,2,118.98181571128885,127,0.0
1,2,118.98181571128885,198,0.0
1,2,118.98181571128885,176,0.0
1,1,44.650660776955164,19,0.0
1,2,51.028049152246254,15,0.0
1,2,118.98181571128885,397,0.0
1,2,41.83984052482606,35,0.0
1,2,75.08940005801296,193,0.0
1,2,118.98181571128885,94,0.0
1,2,118.98181571128885,329,0.0
1,0,61.53072570014963,132,0.0
1,2,118.98181571128885,146,0.0
1,2,118.98181571128885,201,0.0
1,2,46.18027062618274,191,0.0
1,2,48.86940467201344,192,0.0
1,2,79.30028895619772,46,0.0
1,0,48.07272784901504,333,0.0
1,3,20.04903548202684,19,0.0
1,0,80.22189966904217,400,0.0
1,2,73.2257347357308,187,0.0
1,1,78.40366648879595,34,0.0
1,2,66.10098542365505,297,0.0
1,2,56.16590615737672,94,0.0
1,2,118.98181571128885,190,0.0
1,2,114.5771472206612,15,0.0
1,2,118.99286970420431,108,0.0
1,2,77.32667603283153,53,0.0
1,1,0.5490867024439035,30,0.0
1,2,118.99286970420431,188,0.0
1,2,43.65508926298069,397,0.0
1,2,75.3208024486689,89,0.0
1,2,46.23454564362863,235,0.0
1,2,15.594094695999262,400,0.0
1,2,70.09710178622845,25,0.0
1,2,74.44103004272343,63,0.0
1,3,25.612095600372008,361,0.0
1,2,50.494125679696324,26,0.0
1,2,66.92571514030666,298,0.0
1,2,23.93053362249303,273,0.0
1,2,112.93858287723583,69,0.0
1,1,115.61831131969474,90,0.0
1,0,65.69418668907153,115,0.0
1,1,118.99286970420431,163,0.0
1,2,80.29993494682516,86,0.0
1,0,98.99286970420431,1,0.0
1,1,74.38734222986488,253,0.0
1,2,61.24556115417948,47,0.0
1,2,52.542073136251744,237,0.0
1,2,118.99286970420431,19,0.0
1,2,118.99286970420431,340,0.0
1,2,118.99286970420431,248,0.0
1,2,118.99286970420431,98,0.0
1,2,118.99286970420431,98,0.0
1,2,109.86355755402485,45,0.0
1,2,76.7330725820651,185,0.0
1,2,115.6480341436976,287,0.0
1,2,115.68294151332475,336,0.0
1,2,118.99286970420431,298,0.0
1,2,118.9961785941685,239,0.0
1,2,118.9961785941685,81,0.0
1,2,118.9961785941685,148,0.0
1,3,116.98904829837281,394,0.0
1,3,16.038083780399642,21,0.0
1,2,47.14408576918332,236,0.0
1,2,47.62665294352309,287,0.0
1,3,46.47995615401723,3,0.0
1,2,90.6869151298558,282,0.0
1,3,18.104718769736184,41,0.0
1,2,68.73768344116273,383,0.0
1,2,110.77309767957954,46,0.0
1,2,71.34505018842597,345,0.0
1,1,66.12511594347272,192,0.0
1,3,23.608274194540503,362,0.0
1,2,118.9961785941685,248,0.0
1,1,61.82398489437357,297,0.0
1,2,98.68897093635465,68,0.0
1,0,68.90310241416793,265,0.0
1,2,50.20869244549688,4,0.0
1,3,7.1328325858709025,83,0.0
1,2,89.85588750729622,112,0.0
1,2,109.1393059685729,240,0.0
1,2,57.014034197134265,96,0.0
1,0,83.40550385070601,71,0.0
1,2,85.00689025927629,227,0.0
1,2,118.9961785941685,225,0.0
1,2,68.53323082119725,340,0.0
1,2,118.9961785941685,256,0.0
1,2,118.98386736024455,130,0.0
1,0,118.98386736024455,111,0.0
1,2,77.76704330860672,196,0.0
2,1,10.336679929462328,57,0.0
1,0,99.93955200255596,2,0.0
1,0,39.78880015047955,306,0.0
1,2,112.69924771344253,46,0.0
1,2,85.95026366766375,228,0.0
1,2,118.98386736024455,100,0.0
1,2,64.04801413069951,343,0.0
1,2,72.28842359681343,346,0.0
1,2,116.43006075460335,17,0.0
1,2,41.56659911134026,191,0.0
1,2,118.98386736024455,72,0.0
1,2,79.18951862835495,245,0.0
1,2,58.86271872615067,85,0.0
1,2,107.35520029988908,92,0.0
1,2,77.93488161761063,376,0.0
1,2,118.98386736024455,122,0.0
1,3,2.896743625789852,388,0.0
1,2,106.79068910521305,139,0.0
1,2,118.98386736024455,180,0.0
1,2,118.98386736024455,140,0.0
1,2,118.98386736024455,21,0.0
1,2,86.14074662582236,66,0.0
1,2,81.03922181647857,88,0.0
1,3,14.021951140644193,22,0.0
1,2,118.98386736024455,400,0.0
1,2,117.28816337076675,394,0.0
1,2,77.20901658564851,192,0.0
1,0,59.783349105458605,301,0.0
1,2,107.8286269197417,358,0.0
1,2,50.33669109379089,4,0.0
1,2,71.95001532017059,27,0.0
1,2,118.98386736024455,233,0.0
1,0,76.29394357666557,65,0.0
1,2,118.98386736024455,29,0.0
1,2,82.64623552398629,37,0.0
1,2,118.98386736024455,81,0.0
1,2,70.7288052549791,385,0.0
1,2,118.98697264944347,255,0.0
2,2,1.774405899229525,51,0.0
1,2,118.98697264944347,145,0.0
1,2,118.98697264944347,278,0.0
1,1,22.89067288855888,21,0.0
1,2,42.61434751676916,192,0.0
1,1,19.968163511624326,391,0.0
1,2,79.2971981323713,38,0.0
1,2,79.63373452143615,188,0.0
1,0,70.52435263501361,342,0.0
1,2,118.98697264944347,184,0.0
1,2,90.69029775752841,46,0.0
1,2,112.7642194933959,48,0.0
1,2,49.9662594925904,337,0.0
1,0,53.381959319637375,240,0.0
1,3,42.450796163705256,5,0.0
1,2,67.96432082869349,257,0.0
1,2,118.98697264944347,301,0.0
1,2,117.47780916003225,18,0.0
1,2,70.97138085610943,400,0.0
1,2,118.98697264944347,145,0.0
1,2,118.98697264944347,101,0.0
1,2,106.03166639496116,394,0.0
1,2,74.37464263784975,256,0.0
1,2,118.98697264944347,24,0.0
1,2,107.37569686826986,392,0.0
1,2,52.594796328036104,196,0.0
1,2,118.98697264944347,131,0.0
1,2,59.00515601095063,98,0.0
1,2,118.98697264944347,90,0.0
1,2,55.095762536128426,9,0.0
1,2,118.98697264944347,181,0.0
1,2,118.98697264944347,156,0.0
1,3,42.60572613270581,39,0.0
1,2,118.98697264944347,180,0.0
1,2,102.25213951929067,300,0.0
1,2,118.98697264944347,105,0.0
1,3,12.008923790087662,23,0.0
1,2,118.98697264944347,118,0.0
1,2,77.6041959330361,171,0.0
1,2,72.43241337228075,90,0.0
1,2,78.25676499107742,193,0.0
1,2,118.98622352996432,304,0.0
1,2,114.04125000296007,397,0.0
1,0,37.59690281084771,169,0.0
1,0,52.178794675880276,255,0.0
1,1,35.875877486734524,60,0.0
1,1,114.95706353965234,206,0.0
1,2,118.98622352996432,334,0.0
1,2,79.37792256675733,92,0.0
1,2,118.98622352996432,31,0.0
1,2,118.98622352996432,152,0.0
1,2,59.91943386869826,121,0.0
1,2,118.98622352996432,146,0.0
1,0,52.49315366231273,53,0.0
1,2,118.98622352996432,134,0.0
1,2,118.98622352996432,116,0.0
1,2,118.98622352996432,185,0.0
1,2,118.98622352996432,184,0.0
1,2,88.99942655486598,122,0.0
1,2,118.98622352996432,199,0.0
1,2,118.98622352996432,160,0.0
1,2,118.98622352996432,43,0.0
1,2,118.98622352996432,74,0.0
1,2,118.98622352996432,97,0.0
1,0,37.76199632988735,308,0.0
1,2,118.98622352996432,25,0.0
1,2,75.01645011890203,25,0.0
1,2,118.98622352996432,118,0.0
1,2,118.5591708549315,19,0.0
1,2,45.278329062458575,201,0.0
1,2,118.98622352996432,119,0.0
1,2,106.67044057053977,116,0.0
1,2,118.9938960345974,193,0.0
1,2,118.9938960345974,168,0.0
1,1,82.97813163765437,231,0.0
1,3,38.585845697267544,41,0.0
1,2,118.9938960345974,393,0.0
1,3,54.17088552782919,94,0.0
1,2,80.49315459384125,93,0.0
1,0,76.2434256166641,16,0.0
1,1,82.98806868211891,166,0.0
1,1,79.18071645075793,91,0.0
1,2,118.9938960345974,24,0.0
1,2,53.581033221202965,7,0.0
1,2,49.21046531249634,240,0.0
1,2,99.03989614604276,317,0.0
1,3,47.47360588928347,3,0.0
1,2,66.12049782754275,54,0.0
1,0,69.65300561280651,103,0.0
1,2,118.9938960345974,290,0.0
1,2,82.97913717039087,94,0.0
1,2,54.45390492086335,179,0.0
1,2,94.76538457736606,392,0.0
1,2,74.62900709426391,92,0.0
1,2,118.9938960345974,206,0.0
1,2,118.9938960345974,389,0.0
1,2,118.9938960345974,44,0.0
1,2,61.982709185176965,76,0.0
1,2,99.0115660744511,143,0.0
1,2,72.92539897696226,387,0.0
1,2,75.19435744758266,30,0.0
1,2,50.31420446167644,263,0.0
1,2,118.9938960345974,51,0.0
1,2,118.9938960345974,240,0.0
1,2,118.98141698763679,160,0.0
1,2,46.550331429999055,191,0.0
1,3,8.037095331622725,46,0.0
1,2,99.22122925124208,400,0.0
1,2,118.98141698763679,260,0.0
1,0,44.88491844031043,117,0.0
1,2,118.98141698763679,208,0.0
1,2,49.69841467085837,7,0.0
1,2,118.98141698763679,118,0.0
1,2,118.98141698763679,104,0.0
1,2,53.33134285747609,16,0.0
1,2,54.61940071411948,8,0.0
1,2,118.98141698763679,184,0.0
1,2,118.98141698763679,94,0.0
1,1,57.36942191551372,262,0.0
1,2,118.98141698763679,160,0.0
1,2,87.17004963890244,142,0.0
1,2,52.4612922766602,14,0.0
1,0,51.98515809198628,63,0.0
1,2,79.81174523105611,191,0.0
1,2,118.98141698763679,241,0.0
1,2,118.98141698763679,245,0.0
1,2,118.98141698763679,196,0.0
1,2,118.98141698763679,45,0.0
1,2,118.98141698763679,120,0.0
1,2,106.14529161737431,397,0.0
1,0,48.47836500493549,2,0.0
1,2,105.48710073419034,303,0.0
1,0,74.29940328358727,69,0.0
1,2,49.41012682194135,45,0.0
1,2,118.9888921281951,184,0.0
1,2,50.974050220181375,64,0.0
1,2,118.9888921281951,396,0.0
1,2,76.7200223350301,65,0.0
1,0,68.69527063789772,375,0.0
1,3,112.9718554286248,363,0.0
1,2,118.9888921281951,115,0.0
1,3,6.95935247048128,27,0.0
1,2,83.07811012649374,381,0.0
1,2,118.9888921281951,129,0.0
1,2,78.47012274130394,260,0.0
1,2,118.9888921281951,236,0.0
1,2,118.9888921281951,189,0.0
1,1,79.23090910204509,197,0.0
1,0,34.561107961277,172,0.0
1,2,118.9888921281951,236,0.0
1,2,76.52789347573496,94,0.0
1,2,82.31694449149414,96,0.0
1,2,118.9888921281951,214,0.0
1,0,62.4865895607381,318,0.0
1,2,97.98918441862739,91,0.0
1,2,75.15102556658982,93,0.0
2,2,5.386548369245114,62,0.0
1,0,52.21309084314748,265,0.0
1,2,118.9888921281951,347,0.0
1,2,118.9888921281951,58,0.0
1,3,64.16495897890513,23,0.0
1,2,77.58460915817635,395,0.0
1,2,62.57438643301996,116,0.0
1,2,118.9888921281951,130,0.0
1,2,118.9888921281951,52,0.0
1,2,66.17186082126035,251,0.0
1,2,26.083473454537643,395,0.0
1,2,118.9888921281951,34,0.0
1,2,118.9888921281951,242,0.0
1,2,118.9888921281951,122,0.0
1,0,34.03916018322344,244,0.0
1,2,7.100404559830352,158,0.0
1,2,118.98377232169992,71,0.0
1,2,118.98377232169992,54,0.0
1,2,115.99434027292864,247,0.0
1,2,72.66556904967631,20,0.0
1,0,77.86167621613887,33,0.0
1,2,118.98377232169992,232,0.0
1,2,51.03907809758106,47,0.0
1,2,109.33775933909598,119,0.0
1,2,118.98377232169992,185,0.0
1,1,70.02064419968556,199,0.0
1,2,113.26686119585736,98,0.0
1,2,99.75732451528029,2,0.0
1,2,115.61827834280595,210,0.0
1,2,81.9901691132024,97,0.0
1,2,118.98377232169992,76,0.0
1,0,84.4134856624695,313,0.0
1,2,118.98377232169992,87,0.0
1,2,118.98377232169992,196,0.0
1,2,118.98377232169992,207,0.0
1,2,53.7812537911057,97,0.0
1,2,37.366260627761264,312,0.0
1,2,49.72091085656278,382,0.0
1,2,55.436740241873785,121,0.0
1,2,83.16047336239748,96,0.0
1,1,84.24522972633807,385,0.0
1,2,117.28903329624248,307,0.0
1,2,85.10117952432324,251,0.0
1,3,9.513315206322057,369,0.0
1,0,52.83535290060879,299,0.0
1,2,54.15436846546636,57,0.0
1,2,118.98377232169992,27,0.0
1,2,98.98377232169992,1,0.0
1,2,57.671287682289964,307,0.0
1,2,118.98377232169992,394,0.0
1,2,118.98377232169992,239,0.0
1,2,118.98377232169992,125,0.0
1,3,15.144555983366619,20,0.0
1,2,65.30857840460837,155,0.0
1,2,118.98470563257682,151,0.0
1,2,98.21118867284608,396,0.0
1,2,80.01704045531292,262,0.0
1,1,108.60618403732713,184,0.0
1,2,70.35709828876114,319,0.0
1,2,80.44923525239615,369,0.0
1,1,68.00534983226238,200,0.0
1,2,118.06751862316628,308,0.0
1,2,118.98470563257682,147,0.0
1,2,53.864644875502975,331,0.0
1,2,90.83389519072585,160,0.0
1,2,118.98470563257682,157,0.0
1,2,118.98470563257682,238,0.0
1,2,61.93281189505959,106,0.0
1,2,81.37496699013985,177,0.0
1,2,118.98470563257682,139,0.0
1,2,53.72287389475071,105,0.0
1,0,29.529455719686357,29,0.0
1,0,76.79284696567402,262,0.0
1,2,50.499396183486574,383,0.0
1,2,118.98470563257682,163,0.0
1,2,54.55973911802949,98,0.0
1,2,118.98470563257682,197,0.0
1,1,76.33774717783835,397,0.0
1,2,67.71877853526934,253,0.0
1,2,118.98470563257682,114,0.0
1,2,113.01809468573305,398,0.0
1,2,118.98470563257682,339,0.0
1,2,58.44977300921376,308,0.0
1,2,118.98470563257682,186,0.0
1,2,71.96480067581284,307,0.0
1,1,81.17501481706057,132,0.0
1,2,71.54019763150175,307,0.0
1,2,118.98470563257682,77,0.0
1,2,52.56154430067798,260,0.0
1,2,117.73778966096027,165,0.0
1,0,72.04195947103868,73,0.0
1,2,118.99140641063259,49,0.0
1,2,118.99140641063259,122,0.0
1,1,53.70627217217126,306,0.0
1,2,118.99140641063259,124,0.0
1,2,66.46484391307656,93,0.0
1,2,53.47352326471177,261,0.0
1,2,69.51835706469278,94,0.0
1,2,118.99140641063259,399,0.0
1,2,49.926153811173364,6,0.0
1,2,70.7005998750475,57,0.0
1,2,118.99140641063259,249,0.0
1,2,86.78171475369955,63,0.0
1,2,118.99140641063259,98,0.0
1,0,52.7320374972194,301,0.0
1,0,73.10858358356656,337,0.0
1,2,118.99140641063259,125,0.0
1,2,84.31017025908011,315,0.0
1,2,87.57337504302885,79,0.0
1,0,50.40092705351341,143,0.0
1,2,71.6501393176254,351,0.0
1,2,100.44808109667017,94,0.0
1,2,118.99140641063259,192,0.0
1,2,118.99140641063259,132,0.0
1,2,73.90685004494723,129,0.0
1,0,51.77446867766318,245,0.0
1,2,57.12720453283137,123,0.0
1,2,41.59732178568795,199,0.0
1,0,49.172975208056805,268,0.0
1,2,118.99140641063259,310,0.0
1,2,118.99140641063259,148,0.0
1,3,6.068932663004014,75,0.0
1,2,52.72954238853865,49,0.0
1,2,118.99140641063259,198,0.0
1,0,59.153837234670995,157,0.0
1,2,66.64389567605826,106,0.0
1,1,86.45353137914324,205,0.0
1,2,118.99379266771679,98,0.0
1,2,71.07741284564185,290,0.0
1,2,52.495738031131,385,0.0
1,2,99.48574898622019,122,0.0
1,3,5.931544466263134,27,0.0
1,2,81.81711762676412,150,0.0
1,2,111.96495048117472,90,0.0
1,2,85.54000150618631,97,0.0
1,2,118.99379266771679,313,0.0
1,2,118.99379266771679,26,0.0
1,0,74.7780460440234,264,0.0
1,2,118.99379266771679,50,0.0
1,2,118.76916744749687,250,0.0
1,2,118.99379266771679,82,0.0
1,2,95.55680452507434,129,0.0
1,1,9.005530750380448,146,0.0
1,2,80.26328189668351,69,0.0
1,0,25.223501538638725,400,0.0
1,2,118.99379266771679,395,0.0
1,0,49.3947197212302,144,0.0
1,2,94.72706921356374,96,0.0
1,2,71.5626437706672,60,0.0
1,3,2.9796644924439453,51,0.0
1,2,118.99379266771679,203,0.0
1,0,72.10237625128335,338,0.0
1,2,118.99379266771679,123,0.0
1,1,101.5324439802808,95,0.0
1,2,67.42485512830143,82,0.0
1,2,118.99379266771679,74,0.0
1,2,118.99379266771679,259,0.0
1,0,70.56024484209694,322,0.0
1,2,118.99379266771679,240,0.0
1,0,49.572854613537494,280,0.0
1,2,118.99379266771679,296,0.0
1,1,51.09112840034578,185,0.0
1,2,119.00252812499264,114,0.0
1,2,44.018929195375854,399,0.0
1,2,60.06488507539889,268,0.0
1,2,119.00252812499264,100,0.0
1,2,119.00252812499264,312,0.0
1,1,28.807241595913325,229,0.0
1,2,119.00252812499264,194,0.0
1,2,82.46901612319479,389,0.0
1,2,99.00252812499264,1,0.0
1,2,53.3913022300617,324,0.0
1,0,87.78468115818383,386,0.0
1,0,55.72119761835907,263,0.0
1,0,38.858364301402005,206,0.0
1,2,57.55435772060649,28,0.0
1,3,17.502146995653813,21,0.0
1,2,119.00252812499264,31,0.0
1,2,119.00252812499264,203,0.0
2,2,6.461488579403455,67,0.0
1,2,100.15710413775346,2,0.0
1,3,5.485748042240896,373,0.0
1,2,119.00252812499264,145,0.0
1,2,119.00252812499264,84,0.0
1,2,52.17382816482066,8,0.0
1,2,119.00252812499264,258,0.0
1,2,119.00252812499264,58,0.0
1,2,104.54850690788142,7,0.0
1,0,53.909357087024745,347,0.0
1,2,74.6338840666529,25,0.0
1,2,119.01514032272115,111,0.0
1,2,119.01514032272115,213,0.0
1,1,74.61225316846836,24,0.0
1,1,91.01200911409188,82,0.0
1,2,102.5618017079429,400,0.0
1,0,72.84924937477886,38,0.0
1,2,61.3774503517798,15,0.0
1,3,22.37257032443878,15,0.0
1,2,72.80164376664611,205,0.0
1,1,47.71773328760183,309,0.0
1,2,83.65997584061051,390,0.0
1,2,45.20988891279158,400,0.0
1,2,114.31922166862712,92,0.0
1,2,88.13970767045002,256,0.0
1,2,54.73633794108022,264,0.0
1,3,15.517287318374963,22,0.0
1,2,114.46685770111661,124,0.0
1,2,119.01514032272115,78,0.0
1,2,56.45646430851869,14,0.0
1,2,119.01514032272115,237,0.0
1,2,119.01514032272115,220,0.0
1,0,79.82755490204056,289,0.0
1,2,119.01514032272115,234,0.0
1,2,75.636224129442,290,0.0
1,1,55.79035383057118,163,0.0
1,2,73.44490928377131,125,0.0
1,3,31.415260485455253,11,0.0
1,2,56.16817645960167,52,0.0
1,2,119.01514032272115,128,0.0
1,2,119.02122474410467,106,0.0
1,2,69.76335881356061,123,0.0
1,2,119.02122474410467,152,0.0
1,2,103.13146180510742,125,0.0
1,2,87.01702165667152,182,0.0
1,2,79.18380178533589,319,0.0
1,2,119.02122474410467,167,0.0
1,2,28.113823550069306,231,0.0
1,1,89.03323385819655,83,0.0
1,2,79.24877331268834,268,0.0
1,2,110.5366889270465,136,0.0
1,2,45.7389580317065,310,0.0
1,2,91.51179045619742,67,0.0
1,2,55.873703578912256,326,0.0
1,2,119.02122474410467,79,0.0
1,2,79.55934785637346,120,0.0
1,0,59.028867476411136,195,0.0
1,2,119.02122474410467,196,0.0
1,1,102.63950548660402,4,0.0
1,0,63.919025089258724,278,0.0
1,2,85.21954090799764,35,0.0
1,1,13.679056201978712,287,0.0
1,2,119.02122474410467,195,0.0
1,2,119.02122474410467,213,0.0
1,2,51.57605787418896,188,0.0
1,2,114.79960423885332,301,0.0
1,2,59.364928561282355,110,0.0
1,2,35.439055112183055,318,0.0
1,3,17.292711013925523,19,0.0
1,2,44.497965633199584,211,0.0
1,2,70.72683194539285,205,0.0
1,2,119.02122474410467,152,0.0
1,2,95.13286055559016,143,0.0
1,2,75.20835658955443,63,0.0
1,2,79.89547762255818,134,0.0
1,2,105.23991666636924,152,0.0
1,2,87.11870066547867,145,0.0
1,2,78.60779611132193,241,0.0
1,0,70.57182667115868,113,0.0
1,2,89.49413075086137,203,0.0
1,2,119.03416651619426,206,0.0
1,2,72.85750007679249,325,0.0
1,2,78.43045254748789,176,0.0
1,2,7.10907478745533,165,0.0
1,2,119.03416651619426,270,0.0
1,2,119.03416651619426,163,0.0
1,1,56.07665300226898,94,0.0
1,2,119.03416651619426,262,0.0
1,2,62.953191605452986,279,0.0
1,2,119.03416651619426,80,0.0
1,1,59.10963123685042,174,0.0
1,2,50.78670486897648,22,0.0
1,2,119.03416651619426,239,0.0
1,2,85.16754659068381,73,0.0
1,2,76.68922745265844,62,0.0
1,2,88.26844680549205,101,0.0
1,2,119.03416651619426,250,0.0
1,2,67.94279533566468,161,0.0
1,2,85.0908974683107,217,0.0
1,2,69.333197205687,78,0.0
1,1,82.98558398823961,392,0.0
1,2,75.68164410173553,114,0.0
1,0,44.410129968604316,204,0.0
1,2,60.62348043639543,111,0.0
1,2,99.73149939035919,79,0.0
1,1,46.759643459531986,236,0.0
1,1,117.28622744207944,217,0.0
1,0,46.84132105339268,250,0.0
1,2,80.44235366044896,320,0.0
1,2,119.03416651619426,223,0.0
1,2,119.03416651619426,137,0.0
1,2,63.80583829936252,271,0.0
1,3,48.191695719543965,31,0.0
1,0,54.37859546527709,274,0.0
1,2,62.602873840073315,32,0.0
1,2,119.02961223435112,247,0.0
1,1,77.50712296318659,51,0.0
1,2,64.35945749189126,163,0.0
1,2,79.14226476207594,61,0.0
1,0,64.26075450095617,280,0.0
1,2,55.88886595900773,70,0.0
1,2,119.02961223435112,217,0.0
1,2,119.02961223435112,104,0.0
1,0,89.02038318821393,86,0.0
1,3,1.0342164086269725,32,0.0
1,2,119.02961223435112,213,0.0
1,2,89.58313642728777,184,0.0
1,2,57.22234428428749,12,0.0
1,1,54.106265236620104,95,0.0
1,2,119.02961223435112,215,0.0
1,2,56.53369929343917,59,0.0
1,2,56.377693345292116,166,0.0
1,2,63.221824355632734,260,0.0
1,2,73.7418650680105,111,0.0
1,2,59.852341783749786,35,0.0
1,2,54.14217264480523,190,0.0
1,0,33.95850811877321,210,0.0
1,2,77.3024656858224,128,0.0
1,2,119.02961223435112,31,0.0
1,2,119.02961223435112,267,0.0
1,2,119.02961223435112,193,0.0
1,2,117.06377875054538,352,0.0
1,2,77.28924043514533,295,0.0
1,0,83.63364933710328,104,0.0
1,1,81.01519622259073,393,0.0
1,2,119.02961223435112,209,0.0
1,2,119.02961223435112,138,0.0
1,2,119.02961223435112,316,0.0
1,2,8.416637682958521,166,0.0
1,2,79.19176046999854,102,0.0
1,2,119.02961223435112,240,0.0
1,2,80.60964906611034,103,0.0
1,2,119.02422289265033,82,0.0
1,2,107.96536815798422,154,0.0
1,2,119.02422289265033,140,0.0
1,2,58.64023288039929,13,0.0
1,2,107.94649279439506,298,0.0
1,2,119.02422289265033,86,0.0
1,2,119.02422289265033,97,0.0
1,2,87.90011022713693,106,0.0
1,2,119.02422289265033,194,0.0
1,2,119.02422289265033,246,0.0
1,1,86.39918616254432,86,0.0
1,1,87.74664482501991,211,0.0
1,2,45.772989420227994,96,0.0
1,2,78.72035428193419,129,0.0
1,2,119.02422289265033,216,0.0
1,2,119.02422289265033,196,0.0
1,2,119.02422289265033,165,0.0
1,2,75.58295156840747,327,0.0
1,2,68.88276174598096,38,0.0
1,0,68.62566179816012,115,0.0
1,2,111.01491162346002,12,0.0
1,2,119.02422289265033,62,0.0
1,2,119.02422289265033,217,0.0
1,2,119.02422289265033,219,0.0
1,2,119.02422289265033,252,0.0
1,2,119.02422289265033,292,0.0
1,3,14.48179671173917,19,0.0
1,2,119.02422289265033,225,0.0
1,2,57.95158788955097,60,0.0
1,2,119.02422289265033,159,0.0
1,2,75.15975366412229,112,0.0
1,2,64.9488912220421,43,0.0
1,2,119.02422289265033,238,0.0
1,1,4.43772458472053,153,0.0
1,2,119.03508211199575,146,0.0
1,2,109.26078606213319,299,0.0
1,2,119.03508211199575,148,0.0
1,2,91.15844542483178,148,0.0
1,2,119.03508211199575,88,0.0
1,2,104.50081397842776,136,0.0
1,2,119.03508211199575,358,0.0
1,2,119.03508211199575,111,0.0
1,2,119.03508211199575,253,0.0
1,2,119.03508211199575,69,0.0
1,2,119.03508211199575,215,0.0
1,2,58.54719355832091,97,0.0
1,2,82.0884327163406,323,0.0
1,2,64.67520942642626,211,0.0
1,2,41.556696668240114,151,0.0
1,2,119.03508211199575,171,0.0
1,2,119.03508211199575,170,0.0
1,2,58.62104782285766,72,0.0
1,2,119.03508211199575,33,0.0
1,2,65.50009041902733,107,0.0
1,2,76.84563912357505,53,0.0
1,2,66.84599077294013,329,0.0
1,2,119.03508211199575,239,0.0
1,2,119.03508211199575,86,0.0
1,2,56.87435450865516,192,0.0
1,2,62.584523647599724,37,0.0
1,2,119.03508211199575,156,0.0
1,3,15.456468858120747,54,0.0
1,2,119.03508211199575,242,0.0
1,2,79.64474026054054,294,0.0
1,2,119.03508211199575,87,0.0
1,2,60.95306094182311,129,0.0
1,2,59.85332227756402,257,0.0
1,2,52.53708112467608,304,0.0
1,2,107.32669615023616,156,0.0
1,2,105.56409537486984,6,0.0
1,0,77.7377902463396,102,0.0
1,2,60.90064717623537,73,0.0
1,2,119.04703472451381,34,0.0
1,2,70.17229378192708,317,0.0
1,2,58.11892850495414,193,0.0
1,2,119.04703472451381,98,0.0
1,2,105.01581814601128,83,0.0
1,2,119.04703472451381,249,0.0
1,2,73.22711409131678,165,0.0
1,2,94.69056203705985,318,0.0
1,0,34.91014176244202,204,0.0
1,2,95.58311659234315,324,0.0
1,2,102.56432505498891,9,0.0
1,2,73.07072690479582,83,0.0
1,2,119.04703472451381,216,0.0
1,2,119.04703472451381,121,0.0
1,2,85.67884227083906,88,0.0
1,2,90.45186534633591,77,0.0
1,2,60.21903493789225,331,0.0
1,2,119.04703472451381,200,0.0
1,2,52.523451352597164,5,0.0
1,2,119.04703472451381,231,0.0
1,0,53.682474466222146,277,0.0
1,2,87.02630093331464,213,0.0
1,2,36.424763926053785,323,0.0
1,2,23.846391106423667,75,0.0
1,1,79.23187357342354,272,0.0
1,2,49.24424019685478,5,0.0
1,2,49.96262940324712,72,0.0
1,0,48.50711372282833,288,0.0
1,2,119.04703472451381,149,0.0
1,2,75.79531946964904,31,0.0
1,2,76.21580547786353,44,0.0
1,2,96.10133870631563,319,0.0
1,2,79.32140744200731,299,0.0
1,2,49.74263335352089,99,0.0
1,0,72.32416564002797,347,0.0
1,2,103.0865078556111,149,0.0
2,0,8.144014837062338,75,0.0
1,2,71.58307045118286,318,0.0
1,2,59.31449168652418,20,0.0
1,2,114.98455555675292,15,0.0
1,2,119.05541114671307,305,0.0
1,2,119.05541114671307,158,0.0
1,2,79.12939759741519,115,0.0
1,2,52.90259279077815,99,0.0
1,1,2.540170455947402,155,0.0
1,2,119.05541114671307,99,0.0
1,2,86.59057304746605,139,0.0
1,0,77.62658214711931,45,0.0
1,2,119.05541114671307,271,0.0
1,0,53.010956818822095,257,0.0
1,2,119.05541114671307,295,0.0
1,2,97.45956417205574,109,0.0
1,2,119.05541114671307,122,0.0
1,2,119.05541114671307,65,0.0
1,2,78.24325579496644,115,0.0
1,2,95.27829235562565,187,0.0
1,2,36.067470850090274,237,0.0
1,2,98.53361804384988,326,0.0
1,2,119.06644700971707,101,0.0
1,0,86.28350816414633,326,0.0
1,2,41.98736645026474,257,0.0
1,2,119.06644700971707,252,0.0
1,0,76.69302915683637,46,0.0
1,2,119.06644700971707,65,0.0
1,2,119.06644700971707,259,0.0
1,2,119.06644700971707,212,0.0
1,2,90.0277105377699,159,0.0
1,2,119.06644700971707,129,0.0
1,2,81.09232028395132,331,0.0
1,2,119.06644700971707,84,0.0
1,2,119.06644700971707,223,0.0
1,2,68.02216698773717,133,0.0
1,2,52.91313085475385,74,0.0
1,2,80.86113222425827,300,0.0
1,0,33.031999918872145,206,0.0
1,2,83.12013117441671,217,0.0
1,2,70.4751978899735,143,0.0
1,2,83.91646430889436,120,0.0
1,2,119.06644700971707,48,0.0
1,0,43.27849434351194,154,0.0
1,2,64.04839772536974,260,0.0
1,2,58.602442742484335,15,0.0
1,2,88.74214539496025,275,0.0
1,2,94.71291299026954,42,0.0
1,2,119.06644700971707,113,0.0
1,2,86.42103784314874,298,0.0
1,2,119.06644700971707,201,0.0
1,2,83.11063598914451,237,0.0
1,2,69.69516586683305,110,0.0
1,2,68.68529298397864,277,0.0
1,2,7.8626383112129945,26,0.0
1,2,56.07854540934456,343,0.0
1,2,119.06644700971707,246,0.0
1,2,119.06644700971707,72,0.0
1,2,119.05289893763741,213,0.0
1,2,119.05289893763741,37,0.0
1,2,119.05289893763741,87,0.0
1,2,119.05289893763741,92,0.0
1,0,69.1482583346377,333,0.0
1,2,65.62400474863922,319,0.0
1,2,119.05289893763741,199,0.0
1,0,63.88253572873722,120,0.0
1,2,99.31567298166357,210,0.0
1,2,84.70685319806007,218,0.0
1,2,119.05289893763741,352,0.0
1,2,119.05289893763741,195,0.0
1,0,62.44093849241849,22,0.0
1,2,119.05289893763741,210,0.0
1,2,119.05289893763741,321,0.0
1,2,119.05289893763741,277,0.0
1,2,48.74941644403825,219,0.0
1,2,41.3120440014295,211,0.0
1,3,13.78136080333273,20,0.0
1,2,24.910336809039862,78,0.0
1,2,98.70406800146058,50,0.0
1,1,43.06292005307775,318,0.0
1,1,61.35784959458516,172,0.0
1,0,81.77602487565767,265,0.0
1,3,34.50240477712249,38,0.0
1,2,119.05289893763741,273,0.0
1,2,119.0387614548928,164,0.0
1,2,43.236585763515116,31,0.0
1,0,18.937315214387176,188,0.0
1,2,71.26768286701923,34,0.0
1,2,51.53652785833308,357,0.0
1,2,82.43759843962037,132,0.0
1,0,57.698816519358964,204,0.0
1,3,72.8760334106209,112,0.0
1,0,60.23089017949874,253,0.0
1,2,101.71448558763774,328,0.0
1,2,68.81569047607799,397,0.0
1,3,2.922149091145241,32,0.0
1,2,80.92483774330212,387,0.0
1,1,86.29150353293237,239,0.0
1,0,41.37015473604214,156,0.0
1,2,87.14267158275,159,0.0
1,2,66.35040393318684,335,0.0
1,1,89.29563538546991,6,0.0
1,1,60.21427589557808,107,0.0
1,2,59.028683501967954,304,0.0
1,2,74.24580408850537,400,0.0
1,2,119.0387614548928,128,0.0
1,3,11.820122258225531,21,0.0
1,2,16.295575742715904,296,0.0
1,0,69.48227304227525,350,0.0
1,2,119.0387614548928,131,0.0
1,2,81.67811787288306,215,0.0
1,3,40.41244432471734,157,0.0
1,3,117.08105104356801,380,0.0
1,2,119.0422895886752,178,0.0
1,2,84.12316405958498,133,0.0
1,2,119.0422895886752,248,0.0
1,2,119.0422895886752,276,0.0
1,2,20.210328158366625,174,0.0
1,2,103.40005120760235,329,0.0
1,2,103.93288017346953,4,0.0
1,2,84.64941374096986,119,0.0
1,2,109.93114241812363,108,0.0
1,2,117.49126705113179,135,0.0
1,2,44.298415548765504,260,0.0
1,2,71.81457934306948,214,0.0
1,2,119.0422895886752,39,0.0
1,2,51.8436706432168,254,0.0
1,1,109.37586713478841,114,0.0
1,2,117.08105104356801,187,0.0
1,2,114.89908416892496,226,0.0
1,2,119.0422895886752,263,0.0
1,0,52.113767479683084,392,0.0
1,2,7.04545757110029,36,0.0
1,1,80.25296776285961,110,0.0
1,2,77.98922839718628,322,0.0
1,2,112.3118496608962,199,0.0
1,2,119.04612922472546,124,0.0
1,2,39.15223982999233,20,0.0
1,2,86.05404955978507,323,0.0
1,2,119.04612922472546,123,0.0
1,2,119.04612922472546,179,0.0
1,2,119.04612922472546,205,0.0
1,0,51.274706659787576,82,0.0
1,2,55.98965209402485,262,0.0
1,2,85.05277462587031,217,0.0
1,2,116.5881753019476,227,0.0
1,2,119.04612922472546,277,0.0
1,2,119.04612922472546,163,0.0
1,2,119.04612922472546,64,0.0
1,0,37.279210379264676,260,0.0
1,2,119.04612922472546,198,0.0
1,2,87.11946432623567,96,0.0
1,2,83.62376294063826,122,0.0
1,3,62.51500513096225,19,0.0
1,1,38.002634250454825,299,0.0
1,2,119.04612922472546,204,0.0
1,2,119.04612922472546,280,0.0
1,2,119.04612922472546,90,0.0
1,2,75.42580917100709,218,0.0
1,2,70.59280702177097,322,0.0
1,2,119.04612922472546,206,0.0
1,2,90.51732833573725,161,0.0
1,2,119.04612922472546,133,0.0
1,2,119.04612922472546,177,0.0
1,2,86.02288425463021,241,0.0
1,2,102.41402943199517,60,0.0
1,1,96.9103498457551,324,0.0
1,2,119.04612922472546,167,0.0
1,2,91.47957195659238,72,0.0
1,2,49.7345426760734,193,0.0
1,2,119.04612922472546,173,0.0
1,1,107.24676769442516,149,0.0
1,2,119.04612922472546,167,0.0
1,1,80.21799642449228,304,0.0
1,0,60.420794214393254,217,0.0
1,1,105.29346124208456,150,0.0
1,1,65.25580826324689,185,0.0
1,2,93.02410472800139,73,0.0
1,2,46.47942278029368,280,0.0
1,0,57.739414651293934,12,0.0
1,2,94.70400366453077,96,0.0
1,2,36.23536164111349,36,0.0
1,2,86.59730739727932,218,0.0
1,2,119.0466935476594,167,0.0
1,2,67.75446812789731,325,0.0
1,2,67.12158214431942,33,0.0
1,2,70.46293328263737,337,0.0
1,3,7.178618216060913,31,0.0
1,2,119.0466935476594,179,0.0
1,2,71.56101367327894,69,0.0
1,2,119.0466935476594,204,0.0
1,1,98.12776760595402,164,0.0
1,2,87.59858233119408,324,0.0
1,2,96.23035489790112,145,0.0
1,2,119.0466935476594,238,0.0
1,2,53.53172341053803,176,0.0
1,2,119.0466935476594,272,0.0
1,2,76.12222405592128,138,0.0
1,1,116.43433501834636,148,0.0
1,2,119.0466935476594,251,0.0
1,2,119.0466935476594,180,0.0
1,2,85.01695404256381,391,0.0
1,0,56.58121001703484,264,0.0
1,3,45.63792810596072,4,0.0
1,2,119.04702515160099,155,0.0
1,2,119.04702515160099,367,0.0
1,2,119.04702515160099,275,0.0
1,2,96.37476966314581,97,0.0
1,2,119.04702515160099,363,0.0
1,2,81.93308713228569,29,0.0
1,3,7.002259770886584,25,0.0
1,2,119.04702515160099,117,0.0
1,2,93.0040685450155,326,0.0
1,2,119.04702515160099,125,0.0
1,2,114.48373605706867,163,0.0
1,3,5.254525166798644,63,0.0
1,2,118.28541989317573,14,0.0
1,2,119.04702515160099,157,0.0
1,2,119.04702515160099,180,0.0
1,2,119.04702515160099,179,0.0
1,2,59.994413234041005,17,0.0
1,3,59.60872383022264,21,0.0
1,2,77.58612109608794,53,0.0
1,2,119.04702515160099,90,0.0
1,2,118.46671249303263,145,0.0
1,0,39.20092372382585,318,0.0
1,2,119.04702515160099,135,0.0
1,2,103.88481963530823,371,0.0
1,2,119.04702515160099,66,0.0
1,2,63.16095538729997,111,0.0
1,2,119.04702515160099,257,0.0
1,2,61.053181202570975,106,0.0
1,2,117.21623956394289,202,0.0
1,2,60.098971712491405,94,0.0
1,2,119.04702515160099,218,0.0
1,2,119.04168276603976,159,0.0
1,0,104.90607571106464,230,0.0
1,1,90.54997216050222,151,0.0
1,2,119.04168276603976,180,0.0
1,2,119.04168276603976,115,0.0
1,2,64.97049035609594,112,0.0
1,2,58.341887656191,10,0.0
1,1,16.034820756689417,178,0.0
1,1,94.81360351381146,327,0.0
1,2,83.94216721461524,111,0.0
1,2,119.04168276603976,235,0.0
1,2,101.90573381754237,7,0.0
1,2,75.62875576096485,267,0.0
1,2,107.43886317081518,63,0.0
1,1,94.21647552359477,166,0.0
1,2,37.038352691578865,263,0.0
1,2,40.897862003031,217,0.0
1,2,104.98272483343776,86,0.0
1,0,52.92263679805977,209,0.0
1,0,79.07961214085874,326,0.0
1,2,119.04168276603976,205,0.0
1,1,84.22480872924966,134,0.0
1,2,119.02577453273885,203,0.0
1,2,117.08870791764075,216,0.0
1,3,6.043942536926343,26,0.0
1,2,119.04168276603976,143,0.0
1,2,73.47967602693299,368,0.0
1,2,119.03509721941056,220,0.0
1,2,119.03509721941056,365,0.0
1,2,76.22247806182976,108,0.0
1,2,92.73693995153565,138,0.0
1,2,99.1472344532957,196,0.0
1,2,106.88257585354577,87,0.0
1,2,119.03509721941056,275,0.0
1,2,119.03509721941056,268,0.0
1,2,84.01598354479445,64,0.0
1,1,50.00827724226408,315,0.0
1,2,119.03509721941056,285,0.0
1,2,119.03509721941056,253,0.0
1,2,84.76692385925004,176,0.0
1,2,119.03509721941056,359,0.0
1,1,59.37961340029818,188,0.0
1,0,34.6290722341535,162,0.0
1,1,65.69400066435021,351,0.0
1,0,77.51749178069899,326,0.0
1,1,93.26318963292053,124,0.0
1,2,119.03509721941056,80,0.0
1,2,89.3537961580983,35,0.0
1,2,119.03509721941056,149,0.0
1,2,56.659227435001426,197,0.0
1,2,119.03509721941056,16,0.0
1,2,89.76034045039236,255,0.0
1,0,84.04013515783741,339,0.0
1,2,119.03509721941056,231,0.0
1,2,80.25980815110856,48,0.0
1,2,86.60300428913695,327,0.0
1,2,119.03509721941056,108,0.0
1,2,118.19312204597264,165,0.0
1,2,82.25990594866022,135,0.0
1,2,113.96428711035708,185,0.0
1,2,119.04646834595725,163,0.0
1,2,119.04646834595725,76,0.0
1,2,79.35677506460064,84,0.0
1,2,53.51355245609828,232,0.0
1,2,76.56396012665624,327,0.0
1,3,43.67010768103775,5,0.0
1,0,80.14012674142471,328,0.0
1,2,107.3093820773695,146,0.0
1,2,119.04646834595725,168,0.0
1,2,103.63592426657554,149,0.0
1,1,94.87411811437742,329,0.0
1,0,15.583752240962038,224,0.0
1,0,62.024431395794394,145,0.0
1,2,116.95570233761325,386,0.0
1,2,101.37921353925371,371,0.0
1,2,76.4027244946362,42,0.0
1,2,119.04646834595725,222,0.0
1,1,12.11638632205722,180,0.0
1,2,119.04646834595725,115,0.0
1,2,62.66832085725342,227,0.0
1,2,119.04646834595725,182,0.0
1,2,89.89775689838335,51,0.0
1,2,76.4772216302517,56,0.0
1,1,84.28532332981563,136,0.0
1,2,119.04646834595725,161,0.0
1,0,11.242701058455793,195,0.0
1,2,66.78798457263036,109,0.0
1,2,119.04646834595725,184,0.0
1,2,58.68464481615683,198,0.0
1,3,7.850524861077469,222,0.0
1,2,119.04646834595725,19,0.0
1,2,48.10234197007577,25,0.0
1,2,85.39981679728102,390,0.0
1,2,119.04646834595725,207,0.0
2,2,0.1432877762159377,86,0.0
1,2,119.03596145804931,228,0.0
1,2,81.49417921492447,270,0.0
1,0,116.44507044386143,120,0.0
1,2,67.14277778874983,222,0.0
1,2,119.03596145804931,154,0.0
1,2,119.03596145804931,208,0.0
1,2,107.42282127877364,121,0.0
1,2,119.03596145804931,231,0.0
1,2,89.07436226374695,208,0.0
1,0,43.21938420570357,267,0.0
1,2,74.58109285692804,119,0.0
1,2,77.0023346191015,221,0.0
1,2,91.83791195107955,52,0.0
1,2,119.03596145804931,221,0.0
1,0,10.278662516505115,196,0.0
1,3,67.773930135247,98,0.0
1,2,63.71465295560608,84,0.0
1,2,119.03596145804931,232,0.0
1,2,61.823620344393184,358,0.0
1,2,104.04972808590139,101,0.0
1,1,81.3282887325993,192,0.0
1,2,119.03596145804931,75,0.0
1,2,119.03596145804931,94,0.0
1,2,119.03596145804931,266,0.0
1,1,64.6504684540711,182,0.0
1,2,99.78274214117774,103,0.0
1,2,90.10702316917433,170,0.0
1,2,119.03758125259378,388,0.0
1,2,57.59816782382677,286,0.0
1,2,94.62126124044232,217,0.0
1,3,50.787855587251656,40,0.0
1,2,97.71605244081238,224,0.0
1,2,119.03758125259378,257,0.0
1,2,119.03758125259378,165,0.0
1,2,92.19644093729715,35,0.0
1,2,21.733614845057318,52,0.0
1,2,73.10426577608602,331,0.0
1,2,100.73541939112087,77,0.0
1,2,119.03758125259378,77,0.0
1,2,119.03758125259378,111,0.0
1,2,74.84494946357293,343,0.0
1,1,83.24798639776033,118,0.0
1,2,119.03758125259378,334,0.0
1,2,103.13526642061153,131,0.0
1,2,83.2671998370869,271,0.0
1,0,49.07774507407068,213,0.0
1,2,119.03758125259378,284,0.0
1,2,119.03758125259378,147,0.0
1,2,104.14284977153444,79,0.0
1,2,90.34471340072866,155,0.0
1,2,119.03758125259378,136,0.0
1,2,119.03758125259378,220,0.0
1,2,86.3963371812114,15,0.0
1,2,119.03758125259378,78,0.0
1,2,76.80563608631905,43,0.0
1,0,89.11299247213965,392,0.0
1,2,119.03758125259378,78,0.0
1,2,119.04713474383855,221,0.0
1,2,94.03017017481068,331,0.0
1,2,30.524243916555324,306,0.0
1,2,88.20780327981437,82,0.0
1,2,96.30983407010201,218,0.0
1,2,105.13709793885491,145,0.0
1,2,74.29750726187768,117,0.0
1,2,112.71113058188783,149,0.0
1,2,119.04713474383855,206,0.0
1,2,80.90684191260672,372,0.0
1,2,92.53595571556907,210,0.0
1,2,119.04713474383855,105,0.0
1,1,74.42759554376474,45,0.0
1,2,31.91790562837396,43,0.0
1,2,119.04713474383855,80,0.0
1,2,119.04713474383855,208,0.0
1,2,50.521848619677655,338,0.0
1,2,119.04713474383855,221,0.0
1,2,119.04713474383855,161,0.0
1,0,17.39241233627769,168,0.0
1,2,119.04713474383855,223,0.0
1,2,119.04713474383855,104,0.0
1,2,119.04713474383855,235,0.0
1,2,119.04713474383855,211,0.0
1,2,119.04713474383855,184,0.0
1,2,76.356577698651,58,0.0
1,3,11.704429695443704,227,0.0
1,2,71.13096510861872,23,0.0
1,1,117.08471599643234,235,0.0
1,2,106.78096204377204,374,0.0
1,2,67.4246892722785,263,0.0
1,2,119.04713474383855,20,0.0
1,2,119.04713474383855,60,0.0
1,3,12.549723609952629,218,0.0
1,2,110.88441473059576,123,0.0
1,2,119.06130604639513,151,0.0
1,2,109.34637006775807,104,0.0
1,2,115.95266140995892,121,0.0
1,0,40.365406248531045,270,0.0
1,2,53.26499537654647,170,0.0
1,2,83.88248740015297,140,0.0
1,0,73.85414465214085,333,0.0
1,2,110.87272130112842,153,0.0
1,2,119.06130604639513,46,0.0
1,2,119.06130604639513,106,0.0
1,2,119.06130604639513,152,0.0
1,2,119.06130604639513,114,0.0
1,3,0.30749160317094504,32,0.0
1,2,74.46255426932416,122,0.0
1,2,47.65190965855868,320,0.0
1,2,119.06130604639513,255,0.0
1,0,97.10844079023369,2,0.0
1,2,119.06130604639513,62,0.0
1,2,119.06130604639513,390,0.0
1,2,119.06130604639513,156,0.0
1,0,46.89629637748534,42,0.0
1,2,119.06130604639513,136,0.0
1,2,119.06130604639513,104,0.0
1,0,55.182409012214855,132,0.0
1,3,33.943159938245074,11,0.0
1,2,103.30636350087198,105,0.0
1,2,119.06130604639513,222,0.0
1,2,119.06130604639513,138,0.0
1,2,119.06130604639513,172,0.0
1,2,90.76459045914858,146,0.0
1,0,71.01509361101122,50,0.0
1,2,119.06130604639513,148,0.0
1,3,4.032508361954267,226,0.0
1,2,119.06130604639513,126,0.0
1,2,118.09594434404892,164,0.0
1,2,119.06130604639513,182,0.0
1,2,119.06130604639513,129,0.0
1,2,119.06130604639513,61,0.0
1,2,119.06130604639513,21,0.0
1,2,119.06130604639513,167,0.0
1,2,86.8589854729487,398,0.0
1,2,71.89559058905137,232,0.0
1,2,108.64936047755084,134,0.0
1,2,119.07515295124405,63,0.0
1,0,72.9292976033849,334,0.0
1,2,119.07515295124405,282,0.0
1,2,65.60015700805322,17,0.0
1,2,113.06367660488885,172,0.0
1,2,96.3614769428487,212,0.0
1,2,66.52312442518928,185,0.0
1,2,70.09024656225527,51,0.0
1,2,119.07515295124405,143,0.0
1,2,119.07515295124405,223,0.0
1,2,34.34976514383496,308,0.0
1,2,84.73236313988635,374,0.0
1,2,119.07515295124405,125,0.0
1,2,50.94056707006275,21,0.0
1,2,119.07515295124405,216,0.0
1,3,8.840888693082888,229,0.0
1,2,90.82334460945455,131,0.0
1,2,119.07515295124405,153,0.0
1,1,83.98759960771113,70,0.0
1,2,105.53658777020046,70,0.0
1,2,119.07515295124405,191,0.0
1,1,113.38564180401197,196,0.0
1,3,9.10368852820476,51,0.0
1,2,119.07515295124405,105,0.0
1,2,119.07515295124405,62,0.0
1,2,119.07515295124405,310,0.0
1,2,119.06109232979895,275,0.0
1,2,60.62134306531351,16,0.0
1,2,90.59958188727047,90,0.0
1,1,9.123677333617481,186,0.0
1,2,119.06109232979895,115,0.0
1,2,110.66489756842273,135,0.0
1,2,45.32243114534737,217,0.0
1,2,119.06109232979895,236,0.0
1,2,92.83888170032644,132,0.0
1,0,68.43840095653889,279,0.0
1,2,119.06109232979895,216,0.0
1,2,90.20938986462319,79,0.0
1,2,98.64827120690073,131,0.0
1,1,65.02745048310418,195,0.0
1,2,119.06109232979895,135,0.0
1,2,119.06109232979895,100,0.0
1,2,119.06109232979895,116,0.0
1,2,98.37701403372058,213,0.0
1,2,56.60738170504916,280,0.0
1,2,119.06109232979895,218,0.0
1,2,119.06109232979895,48,0.0
1,2,119.06109232979895,267,0.0
1,2,119.06109232979895,166,0.0
1,2,82.22238606363226,22,0.0
1,2,119.07437273588359,266,0.0
1,2,119.07437273588359,167,0.0
1,1,109.35664005975406,239,0.0
1,2,116.9611569239052,174,0.0
1,0,55.34747179021439,135,0.0
1,2,104.503963590068,43,0.0
1,2,119.07437273588359,129,0.0
1,2,84.10432929177671,23,0.0
1,0,61.64824899732016,13,0.0
1,2,92.84395667414827,335,0.0
1,2,119.07437273588359,191,0.0
1,2,119.07437273588359,179,0.0
1,0,69.27792631150051,267,0.0
1,2,119.07437273588359,142,0.0
1,2,119.07437273588359,200,0.0
1,3,44.764838412043446,5,0.0
1,2,104.94925906265654,4,0.0
1,1,91.89259181116603,20,0.0
1,2,88.4822063149859,316,0.0
1,2,67.00974219978242,291,0.0
1,2,119.07437273588359,190,0.0
1,2,109.29949886733897,132,0.0
1,2,119.07437273588359,155,0.0
1,2,119.07437273588359,225,0.0
1,2,119.07437273588359,322,0.0
1,2,84.7145599034315,100,0.0
1,2,119.07437273588359,88,0.0
1,2,10.862654958732849,49,0.0
1,2,119.07437273588359,152,0.0
1,2,119.07437273588359,64,0.0
1,2,119.07437273588359,293,0.0
1,2,119.07437273588359,170,0.0
1,2,96.1105211226218,231,0.0
1,1,106.93008127755691,127,0.0
1,0,40.83784943345718,6,0.0
1,2,78.45135174203678,63,0.0
1,2,67.00519961288343,211,0.0
1,2,119.06748282964877,118,0.0
1,2,119.06748282964877,143,0.0
1,3,18.784256402685568,329,0.0
1,2,119.06748282964877,235,0.0
1,2,93.38426779057089,117,0.0
1,0,77.41386654238357,63,0.0
1,2,104.99756410720568,128,0.0
1,2,119.06748282964877,230,0.0
1,2,119.06748282964877,293,0.0
1,2,119.06748282964877,180,0.0
1,2,119.06748282964877,109,0.0
1,3,6.043836588414205,232,0.0
1,2,80.46297403880821,64,0.0
1,3,5.8891305029231305,223,0.0
1,2,61.164570689579335,174,0.0
1,2,68.6833131472516,127,0.0
1,2,119.06748282964877,65,0.0
1,2,59.4397428305997,315,0.0
1,2,46.67240173043184,3,0.0
1,2,119.06748282964877,217,0.0
1,1,72.21822713074846,122,0.0
1,0,43.67266229652554,177,0.0
1,2,95.79013517407309,149,0.0
1,2,85.55734457066916,92,0.0
1,2,119.05700320215193,268,0.0
1,2,97.79235010554414,150,0.0
1,2,42.301780518963476,343,0.0
1,2,119.05700320215193,131,0.0
1,2,119.05700320215193,181,0.0
1,2,88.76980649732579,235,0.0
1,2,119.05700320215193,247,0.0
1,0,85.35504132177006,350,0.0
1,2,37.252230620167246,150,0.0
1,0,67.40241234330121,269,0.0
1,2,99.59720388922374,78,0.0
1,2,119.05700320215193,227,0.0
1,2,71.01903684112592,213,0.0
1,2,60.60688412906163,383,0.0
1,2,119.05700320215193,85,0.0
1,2,119.05700320215193,109,0.0
1,2,70.30276414467392,150,0.0
1,2,119.05700320215193,211,0.0
1,2,73.51147455531205,21,0.0
1,2,103.11941160588881,161,0.0
1,0,57.04018580551663,366,0.0
1,2,119.05700320215193,221,0.0
1,0,54.65186263768329,231,0.0
1,2,65.24092924913259,34,0.0
1,2,119.05700320215193,168,0.0
1,2,119.05700320215193,144,0.0
1,1,75.86169640699107,236,0.0
1,2,79.62145119537965,269,0.0
1,2,119.05700320215193,126,0.0
1,2,119.05700320215193,220,0.0
1,2,51.84989490733492,256,0.0
1,2,119.04490124451608,193,0.0
1,2,81.52942886761758,270,0.0
1,2,52.51486180129957,4,0.0
1,2,110.5734197444558,104,0.0
1,1,98.20222289271476,225,0.0
1,2,119.04490124451608,380,0.0
1,2,85.83454952392508,119,0.0
1,0,66.63640261797352,298,0.0
1,2,119.04490124451608,132,0.0
1,0,44.20975819120141,344,0.0
1,2,119.04490124451608,119,0.0
1,2,119.04490124451608,127,0.0
1,2,58.062805106344264,81,0.0
1,2,90.2270251941905,163,0.0
1,0,71.2936831324502,56,0.0
1,2,96.54437523663988,123,0.0
1,2,119.04490124451608,222,0.0
1,2,81.14490066427686,107,0.0
1,2,72.92701451336386,214,0.0
1,0,82.01588033320103,338,0.0
1,2,119.04490124451608,139,0.0
1,1,90.95748341758772,338,0.0
1,1,89.92505551520466,23,0.0
1,2,119.04490124451608,178,0.0
1,2,90.02614419225714,26,0.0
1,0,97.10190444666802,2,0.0
1,1,117.10190444666802,376,0.0
1,1,75.41878816247092,157,0.0
1,2,119.04490124451608,104,0.0
1,0,45.10300391666526,294,0.0
1,2,94.59515781454488,338,0.0
1,2,119.035053013969,289,0.0
1,2,119.035053013969,106,0.0
1,2,77.13952433371256,23,0.0
1,2,119.035053013969,139,0.0
1,2,44.69692858704834,276,0.0
1,2,119.035053013969,220,0.0
1,2,119.035053013969,243,0.0
1,2,59.782877212506826,82,0.0
1,2,119.035053013969,160,0.0
1,2,63.29674504453984,278,0.0
1,2,119.035053013969,156,0.0
1,2,56.842841280588395,120,0.0
1,2,70.3287361464192,57,0.0
1,0,54.846261380134834,222,0.0
1,2,119.035053013969,287,0.0
1,0,62.71721398270825,284,0.0
1,2,119.035053013969,163,0.0
1,0,49.13468962771131,188,0.0
1,3,119.035053013969,328,0.0
1,1,19.27258238819993,174,0.0
1,2,70.90939653224706,35,0.0
1,0,52.73181689616837,233,0.0
1,2,60.04521932973473,139,0.0
1,2,119.035053013969,266,0.0
1,2,55.63594618182787,90,0.0
1,1,117.07995425848509,197,0.0
1,2,57.5109963379983,76,0.0
1,2,119.035053013969,36,0.0
1,2,119.035053013969,56,0.0
1,2,66.79483539945092,177,0.0
1,2,119.035053013969,145,0.0
1,2,119.035053013969,86,0.0
1,2,119.03037883101926,224,0.0
1,2,119.03037883101926,122,0.0
1,2,117.06543184498827,329,0.0
1,2,97.16331334081706,209,0.0
1,2,63.288735737813624,89,0.0
1,2,61.22599353673461,201,0.0
1,2,119.03037883101926,95,0.0
1,2,101.54699622395889,85,0.0
1,2,119.03037883101926,130,0.0
1,2,111.20883485229788,340,0.0
1,2,78.9533004582608,24,0.0
1,2,76.09396563810384,244,0.0
1,2,104.71923896707233,164,0.0
1,2,119.03037883101926,249,0.0
1,2,67.94498806438487,286,0.0
1,2,119.03037883101926,254,0.0
1,2,119.03037883101926,105,0.0
1,3,2.0564667945794133,227,0.0
1,2,101.93718824660617,96,0.0
1,2,119.03037883101926,382,0.0
1,2,119.03037883101926,250,0.0
1,2,119.03037883101926,157,0.0
1,2,55.53177026315279,318,0.0
1,2,50.169494092203216,5,0.0
1,0,55.609618314708754,231,0.0
1,2,119.03037883101926,234,0.0
1,2,93.55999242296795,28,0.0
1,2,90.99917047361791,95,0.0
1,2,35.75605511608183,278,0.0
1,2,119.03037883101926,217,0.0
1,2,72.31237174571707,233,0.0
1,2,118.89373038303333,196,0.0
1,2,61.181330888628075,172,0.0
1,0,61.48273771405661,370,0.0
1,2,102.6921110583038,122,0.0
1,2,119.02244564245153,108,0.0
1,3,18.319973962597714,18,0.0
1,2,86.95623643944849,354,0.0
1,0,79.56734551712543,354,0.0
1,2,119.02244564245153,130,0.0
1,3,43.66128033303184,5,0.0
1,2,118.81453601849836,379,0.0
1,2,57.15785447785484,62,0.0
1,2,119.02244564245153,195,0.0
1,0,43.15582839013605,296,0.0
1,2,70.02357509470185,19,0.0
1,3,8.974038336793376,334,0.0
1,2,119.02244564245153,243,0.0
1,2,114.34197251370198,64,0.0
1,1,92.23552589142328,342,0.0
1,2,108.82012692640915,236,0.0
1,2,116.73196615713573,245,0.0
1,2,59.31352473968921,92,0.0
1,2,119.02244564245153,199,0.0
1,2,64.13296681153962,280,0.0
1,2,119.02244564245153,297,0.0
1,2,119.02244564245153,221,0.0
1,2,119.02244564245153,196,0.0
1,2,119.02244564245153,172,0.0
1,3,20.13615668509272,53,0.0
1,2,119.02244564245153,96,0.0
1,2,119.02244564245153,111,0.0
1,2,119.02244564245153,145,0.0
1,2,88.44880289442001,122,0.0
1,0,97.14173853114616,382,0.0
1,2,119.01026920781077,196,0.0
1,2,96.16889781494558,127,0.0
1,2,50.20659872753569,279,0.0
1,2,79.82324799761052,133,0.0
1,2,117.80316199110574,108,0.0
1,2,65.80314509224198,160,0.0
1,2,119.01026920781077,116,0.0
1,2,119.01026920781077,299,0.0
1,2,75.65484344058832,24,0.0
1,2,119.01026920781077,114,0.0
1,0,78.5776147249362,355,0.0
1,2,119.01026920781077,265,0.0
1,2,73.63216918069581,91,0.0
1,2,119.01026920781077,149,0.0
1,2,119.01026920781077,163,0.0
1,2,97.12417663971645,283,0.0
1,2,90.71880927851511,342,0.0
1,2,119.01026920781077,182,0.0
1,1,97.27836650373541,182,0.0
1,1,116.1374989575646,134,0.0
1,0,104.52420264092981,123,0.0
1,2,119.01026920781077,136,0.0
1,2,119.01026920781077,232,0.0
1,2,119.01026920781077,269,0.0
1,2,119.01026920781077,143,0.0
1,2,119.01026920781077,167,0.0
1,2,112.3341600498307,238,0.0
1,2,119.0238129921788,143,0.0
1,2,119.0238129921788,222,0.0
1,2,119.0238129921788,320,0.0
1,2,55.547329648937854,8,0.0
1,2,89.73274664165007,98,0.0
1,2,119.0238129921788,84,0.0
1,2,119.0238129921788,187,0.0
1,3,68.58063978538401,40,0.0
1,2,61.426545588745014,9,0.0
1,2,58.491433912521444,8,0.0
1,2,119.0238129921788,291,0.0
1,2,119.0238129921788,246,0.0
1,2,119.0238129921788,275,0.0
1,2,119.0238129921788,143,0.0
1,2,90.47026956287004,356,0.0
1,0,45.10522115409337,31,0.0
1,2,56.02084122156602,84,0.0
1,3,41.18991059012562,298,0.0
1,2,91.98231112876086,230,0.0
1,2,119.0238129921788,187,0.0
1,2,94.77227399688337,134,0.0
1,3,39.69536253302141,7,0.0
1,0,99.5480585913574,108,0.0
1,2,119.0238129921788,208,0.0
1,2,75.31411072149135,92,0.0
1,2,108.12005470280128,100,0.0
1,2,119.01367638316313,275,0.0
1,2,119.01367638316313,90,0.0
1,2,119.01367638316313,236,0.0
1,2,69.38912264880635,74,0.0
1,2,119.01367638316313,243,0.0
1,0,29.189298555168193,103,0.0
1,3,23.87808135458119,58,0.0
1,2,119.01367638316313,114,0.0
1,2,82.65477703101779,242,0.0
1,2,74.94835733983251,315,0.0
1,2,68.44388535000844,205,0.0
1,2,69.69043597029096,243,0.0
1,2,86.17119227153464,28,0.0
1,3,25.5903968534803,23,0.0
1,2,50.902216651494356,281,0.0
1,2,97.29962498740302,25,0.0
1,2,119.01367638316313,116,0.0
1,3,40.41826454780833,54,0.0
1,0,99.01367638316313,1,0.0
1,2,119.01367638316313,184,0.0
1,2,119.01367638316313,125,0.0
1,2,62.7496620764266,322,0.0
1,1,77.24679969458522,57,0.0
1,2,64.97451386179422,52,0.0
1,2,119.01367638316313,58,0.0
1,0,74.91840511043874,351,0.0
1,2,37.48943850736287,282,0.0
1,2,119.01367638316313,333,0.0
1,2,71.2504623331989,182,0.0
1,1,27.348196638014752,181,0.0
1,3,14.183915268245416,56,0.0
1,2,81.46151236685898,300,0.0
1,0,60.207708976920024,374,0.0
1,2,84.64685460331616,158,0.0
1,2,119.01908413109398,259,0.0
1,0,46.5617081103413,4,0.0
1,2,119.01908413109398,86,0.0
1,2,48.74602530013052,194,0.0
1,2,66.65888660421388,53,0.0
1,2,119.01908413109398,185,0.0
1,2,110.15784056395654,359,0.0
1,2,119.01908413109398,91,0.0
1,3,21.89716548567517,59,0.0
1,2,119.01908413109398,92,0.0
1,2,119.01908413109398,142,0.0
1,2,53.63584496365406,11,0.0
1,2,59.30855037575237,49,0.0
1,0,57.99917167155544,239,0.0
1,0,73.93748924153272,352,0.0
1,3,64.61340029964111,42,0.0
1,0,48.52592232267555,2,0.0
1,2,119.01908413109398,220,0.0
1,2,119.01908413109398,112,0.0
1,2,119.01908413109398,272,0.0
1,2,119.01908413109398,142,0.0
1,2,105.31119849478661,344,0.0
1,2,119.01908413109398,178,0.0
1,2,61.76731727341532,143,0.0
1,1,98.98399772982268,26,0.0
1,2,119.01908413109398,294,0.0
1,2,119.03218635335001,202,0.0
1,2,69.75813581163719,306,0.0
1,2,119.03218635335001,256,0.0
1,2,119.03218635335001,200,0.0
1,2,95.67882892079881,359,0.0
1,2,91.8514529128258,216,0.0
1,2,119.03218635335001,230,0.0
1,0,37.25485745773275,301,0.0
1,2,119.03218635335001,136,0.0
1,2,56.49447367057248,127,0.0
1,2,79.84468435750145,74,0.0
1,2,88.0722690963418,117,0.0
1,2,119.03218635335001,269,0.0
1,2,72.96967559488273,353,0.0
1,2,46.49627820654583,387,0.0
1,2,60.21005268164547,348,0.0
1,2,119.03218635335001,303,0.0
1,2,119.03218635335001,163,0.0
1,2,119.03218635335001,118,0.0
1,2,119.03218635335001,117,0.0
1,2,119.03218635335001,243,0.0
1,2,86.71374889633482,137,0.0
1,1,73.05893907168054,245,0.0
1,2,119.03558591824849,203,0.0
1,2,119.03558591824849,93,0.0
1,2,63.601649659070794,95,0.0
1,2,119.03558591824849,296,0.0
1,2,119.03558591824849,278,0.0
1,2,58.281618544310035,199,0.0
1,2,119.03558591824849,270,0.0
1,0,66.00102536376289,147,0.0
1,2,119.03558591824849,228,0.0
1,2,119.03558591824849,324,0.0
1,2,90.99086650348558,137,0.0
1,0,66.00283133666557,279,0.0
1,2,119.03558591824849,94,0.0
1,2,119.03558591824849,139,0.0
1,2,113.54953460135515,361,0.0
1,3,31.795895318877015,11,0.0
1,2,58.849723324532945,354,0.0
1,2,49.46574157734892,196,0.0
1,0,74.87196845938479,74,0.0
1,2,119.03558591824849,118,0.0
1,1,87.80702403516975,135,0.0
1,2,98.39192265889561,187,0.0
1,2,119.03558591824849,15,0.0
1,2,119.03558591824849,300,0.0
1,2,97.38639259922749,360,0.0
1,2,119.03558591824849,129,0.0
1,2,81.1812286440774,302,0.0
1,2,119.03558591824849,347,0.0
1,2,119.03558591824849,157,0.0
1,2,119.02486213710955,203,0.0
1,2,87.52850561928143,304,0.0
1,2,119.02486213710955,386,0.0
1,1,119.02486213710955,121,0.0
1,2,119.02486213710955,115,0.0
1,2,119.02486213710955,325,0.0
1,2,119.02486213710955,170,0.0
1,2,102.37196815471621,3,0.0
1,3,35.64713732936263,12,0.0
1,2,62.31339069417712,45,0.0
1,2,23.26913364039137,62,0.0
1,1,8.629513648686917,70,0.0
1,2,119.02486213710955,279,0.0
1,2,60.48194144747046,355,0.0
1,2,119.02486213710955,280,0.0
1,2,119.02486213710955,201,0.0
1,2,119.02486213710955,135,0.0
1,2,119.02486213710955,114,0.0
1,2,119.02486213710955,298,0.0
1,2,64.09567080823281,13,0.0
1,2,75.31772051084745,66,0.0
1,2,52.24557444968288,156,0.0
1,2,81.65664224258829,319,0.0
1,2,119.02486213710955,122,0.0
1,2,119.02486213710955,228,0.0
1,2,119.02486213710955,119,0.0
1,2,119.02486213710955,37,0.0
1,2,119.02486213710955,241,0.0
1,2,53.80217077595772,165,0.0
1,0,73.89683059649434,75,0.0
1,1,87.19193371899644,330,0.0
1,2,81.1126694800939,277,0.0
1,2,119.02814285960638,166,0.0
1,2,119.02814285960638,381,0.0
1,2,109.12982057754384,37,0.0
1,2,81.61853818658626,395,0.0
1,2,119.02814285960638,96,0.0
1,2,119.02814285960638,253,0.0
1,2,104.01561959326249,4,0.0
1,2,119.02814285960638,229,0.0
1,2,119.02814285960638,259,0.0
1,0,72.92497345610072,76,0.0
1,1,86.79954052923638,34,0.0
1,2,71.00281723475553,302,0.0
1,2,14.580443525468256,201,0.0
1,2,24.91278507893764,63,0.0
1,2,119.02814285960638,350,0.0
1,1,4.513026844231819,184,0.0
1,1,91.29949515621432,236,0.0
1,2,119.02814285960638,40,0.0
1,2,85.73079882611157,140,0.0
1,2,70.76303856558485,248,0.0
1,2,119.02814285960638,169,0.0
1,2,119.02814285960638,17,0.0
1,2,119.02814285960638,189,0.0
1,2,117.50701640118206,105,0.0
1,2,119.02814285960638,153,0.0
1,2,45.169495473649846,347,0.0
1,2,119.02814285960638,263,0.0
1,2,66.00125162723396,16,0.0
1,2,108.79497596838907,135,0.0
1,2,119.02814285960638,290,0.0
1,2,119.02814285960638,121,0.0
1,2,105.66761749572791,44,0.0
1,2,76.08545277326148,121,0.0
1,0,77.32138140323747,45,0.0
1,2,119.02814285960638,391,0.0
1,2,119.02814285960638,281,0.0
1,2,79.99917106602227,212,0.0
1,2,119.03654793108589,79,0.0
1,2,119.03654793108589,67,0.0
1,2,119.03654793108589,276,0.0
1,2,119.03654793108589,203,0.0
1,2,72.52955740162965,249,0.0
1,2,70.68971745605256,136,0.0
1,2,119.03654793108589,281,0.0
1,2,91.83479825195022,42,0.0
1,2,119.03654793108589,229,0.0
1,0,46.936014309694635,348,0.0
1,2,55.42417786564191,273,0.0
1,2,63.85372664768736,308,0.0
1,2,119.03654793108589,39,0.0
1,2,87.49731766215636,141,0.0
1,2,119.03654793108589,67,0.0
1,2,119.03654793108589,206,0.0
1,1,93.59679872962458,268,0.0
1,2,119.03654793108589,287,0.0
1,2,119.03654793108589,181,0.0
1,2,85.06681251717936,321,0.0
1,0,35.35209667872503,191,0.0
1,2,84.2201306556402,329,0.0
1,2,79.44359806692354,168,0.0
1,2,66.73612835247194,14,0.0
1,1,33.32755351764587,327,0.0
1,2,53.71303395636078,200,0.0
1,0,97.08436142168574,2,0.0
1,2,76.72094418343897,102,0.0
1,2,119.04781349059985,74,0.0
1,2,24.50369721073695,188,0.0
1,2,110.2598657247879,334,0.0
1,2,107.71701331574947,6,0.0
1,2,119.04781349059985,148,0.0
1,2,46.59518303423045,221,0.0
1,2,119.04781349059985,282,0.0
1,2,119.04781349059985,124,0.0
1,1,91.64461222022443,269,0.0
1,2,72.42233391641241,102,0.0
1,2,119.04781349059985,116,0.0
1,2,95.01581192468554,164,0.0
1,2,119.04781349059985,40,0.0
1,3,23.933261737278677,15,0.0
1,0,32.427809794382895,306,0.0
1,2,119.04781349059985,148,0.0
1,2,119.04781349059985,152,0.0
1,2,119.04781349059985,168,0.0
1,2,82.157357410895,29,0.0
1,2,119.04781349059985,252,0.0
1,2,119.04781349059985,122,0.0
1,2,86.15500554208239,330,0.0
1,2,119.04781349059985,171,0.0
1,2,119.04781349059985,92,0.0
1,2,119.04781349059985,209,0.0
1,2,119.04781349059985,141,0.0
1,2,86.40418798471632,88,0.0
1,0,33.37894993978269,289,0.0
1,2,119.04781349059985,254,0.0
1,2,119.04781349059985,241,0.0
1,2,119.06048478364882,141,0.0
1,2,119.06048478364882,233,0.0
1,2,59.4065385357622,275,0.0
1,2,88.45167376839441,89,0.0
1,1,67.33331191081709,213,0.0
1,2,109.76449909942757,7,0.0
1,2,119.06048478364882,171,0.0
1,2,119.06048478364882,176,0.0
1,1,31.388038301294685,328,0.0
1,0,77.50344755768546,312,0.0
1,2,119.06048478364882,118,0.0
1,2,76.85047792389373,330,0.0
1,2,70.71848902259222,16,0.0
1,2,119.06048478364882,196,0.0
1,2,62.517551320886255,293,0.0
1,2,88.20249132576049,331,0.0
1,2,119.06048478364882,352,0.0
1,2,119.06048478364882,163,0.0
1,2,119.06048478364882,266,0.0
1,2,119.06048478364882,192,0.0
1,2,113.83875672953062,215,0.0
1,2,119.06048478364882,14,0.0
1,2,119.06048478364882,125,0.0
1,2,119.06048478364882,174,0.0
1,2,119.06048478364882,247,0.0
1,2,97.78888836149258,45,0.0
1,2,70.09581272816678,229,0.0
1,2,119.07466333971185,50,0.0
1,2,119.07466333971185,206,0.0
1,2,119.07466333971185,126,0.0
1,2,119.07466333971185,233,0.0
1,1,87.7797603435851,271,0.0
1,2,108.35371419849145,285,0.0
1,2,50.686221991533984,394,0.0
1,2,119.07466333971185,67,0.0
1,2,48.922355831923056,359,0.0
1,0,76.30527700364719,366,0.0
1,2,34.41116416285359,291,0.0
1,2,119.07466333971185,294,0.0
1,2,119.07466333971185,385,0.0
1,2,119.07466333971185,196,0.0
1,2,119.07466333971185,140,0.0
1,2,119.07466333971185,203,0.0
1,2,74.39195385790855,285,0.0
1,3,1.727103490205216,30,0.0
1,1,105.50133977012422,193,0.0
1,2,119.07466333971185,302,0.0
1,2,119.07466333971185,188,0.0
1,0,76.57811089739731,313,0.0
1,2,115.81048616895269,216,0.0
1,2,119.07466333971185,135,0.0
1,2,119.07466333971185,209,0.0
1,3,30.56295791774356,308,0.0
1,2,119.07466333971185,124,0.0
1,1,106.41628626302881,353,0.0
1,0,33.47826848171131,41,0.0
1,2,119.06076276214097,16,0.0
1,2,119.06076276214097,165,0.0
1,2,119.06076276214097,149,0.0
1,2,55.32658448580811,135,0.0
1,3,7.563006486962228,25,0.0
1,2,50.478653837154276,38,0.0
1,0,29.59582105482652,195,0.0
1,2,80.85568226127951,72,0.0
1,2,93.18477012544545,325,0.0
1,2,106.02994875729169,123,0.0
1,2,116.45347507250469,109,0.0
1,2,119.06076276214097,45,0.0
1,2,119.06076276214097,144,0.0
1,2,119.06076276214097,396,0.0
1,2,93.51488663086111,114,0.0
1,2,119.06076276214097,126,0.0
1,2,119.06076276214097,155,0.0
1,2,75.62379869108997,19,0.0
1,2,99.06076276214097,1,0.0
1,2,78.14646475836426,246,0.0
1,1,27.523464403147504,330,0.0
1,2,119.06076276214097,198,0.0
1,3,57.96728534486968,51,0.0
1,2,119.06076276214097,171,0.0
1,2,99.0566335021386,310,0.0
1,2,119.07076824499659,46,0.0
1,2,77.718717802108,20,0.0
1,2,66.03254473825508,224,0.0
1,2,71.23354854812533,292,0.0
1,2,58.887931052619955,204,0.0
1,2,119.07076824499659,355,0.0
1,2,119.07076824499659,356,0.0
1,2,119.07076824499659,236,0.0
1,2,119.07076824499659,121,0.0
1,2,102.04767497123434,47,0.0
1,2,119.07076824499659,286,0.0
1,2,119.07076824499659,185,0.0
1,2,56.38402096710384,338,0.0
1,2,59.188565404708505,238,0.0
1,2,67.48542017242168,111,0.0
1,2,90.83795944771843,104,0.0
1,2,94.44478652427495,146,0.0
1,2,119.07076824499659,332,0.0
1,2,119.07076824499659,234,0.0
1,0,45.81892674009664,246,0.0
1,2,119.07076824499659,126,0.0
1,2,119.07076824499659,397,0.0
1,2,28.884632943868656,192,0.0
1,2,84.99894601628091,106,0.0
1,2,119.07076824499659,152,0.0
1,2,119.07076824499659,195,0.0
1,2,119.07076824499659,205,0.0
1,2,102.69000281743264,36,0.0
1,2,119.07076824499659,96,0.0
